unique_work_number,state,constituency,mp_name,work_category,work_name,sanction_amount,date_of_administrative_approval,expected_completion_date,implementing_agency_name,work_status
WS/86756/2023/00379,Bihar,AURANGABAD_BR,PRIYA VERMA,Water Supply / Handpump,"Installation of handpump at Andouli village, AURANGABAD_BR",282814.03,07-04-2023,29-04-2024,Deep Construction Co.,Completed
WS/40254/2023/00625,Uttar Pradesh,VARANASI,ABU TAHER KHAN,Solar Light Installation,"Solar light installation near Panchayat Bhavan Marg hanuman mandir, VARANASI",259122.16,04-08-2023,08-02-2024,Metro Civil Works Pvt Ltd,Sanctioned
WS/98250/2023/00936,Kerala,KOTTAYAM,SANJAY DESHMUKH,Community Hall,"Multipurpose community centre building at Gandhi Chowk panchayat, KOTTAYAM",3699017.9,27-12-2023,31-07-2024,Ganesh Engineering Works,Sanctioned
WS/76577/2025/00523,Bihar,PATNA_SAHIB,MEERA IYER,Solar Light Installation,"Solar light installation near Ram Nagar hanuman mandir, PATNA_SAHIB",159780.54,26-05-2025,19-01-2026,Jai Hind Infrastructure,Ongoing
WS/57381/2025/00919,West Bengal,HOWRAH,ABHIJIT GANGOPADHYAY,Road Construction,Construction of concrete road from Subhash Nagar to Ambedkar Colony in HOWRAH,2479278.26,01-06-2025,10-02-2026,Om Sai Infra Pvt Ltd,Completed
WS/83420/2023/00356,Uttar Pradesh,LUCKNOW,MEERA IYER,Community Hall,"Multipurpose community centre building at Bazaar Road panchayat, LUCKNOW",2408356.19,26-05-2023,16-11-2023,Metro Civil Works Pvt Ltd,New Recommendation
WS/12180/2024/00174,Uttar Pradesh,VARANASI,ANITA JOSHI,Solar Light Installation,"Solar light installation near Vivekanand Marg hanuman mandir, VARANASI",278399.94,14-08-2024,28-07-2025,Bharat Infra Solutions,Sanctioned
WS/99573/2023/00365,Maharashtra,NAGPUR,ABU TAHER KHAN,Road Construction,Construction of concrete road from Nehru Path to Shanti Nagar in NAGPUR,1939432.1,22-10-2023,05-05-2024,National Builders & Contractors,New Recommendation
WS/37521/2024/00878,Bihar,AURANGABAD_BR,ABU TAHER KHAN,Community Hall,"Construction of community hall at Station Road, AURANGABAD_BR",3818119.89,02-01-2024,28-03-2024,Progressive Engineers & Contractors,Ongoing
WS/51472/2024/00925,Bihar,GAYA,PRIYA VERMA,Road Construction,"Widening and strengthening of road near Ram Nagar village, GAYA",1055860.68,13-07-2024,25-11-2024,Shree Balaji Construction Co.,Sanctioned
WS/79494/2024/00569,Uttar Pradesh,BADAUN,ADV GOWAAL KAGADA PADAVI,Community Hall,"Multipurpose community centre building at Ram Nagar panchayat, BADAUN",2546964.68,23-10-2024,21-04-2025,Ganesh Engineering Works,Completed
WS/38919/2024/00881,Kerala,ERNAKULAM,ADV DEAN KURIAKOSE,Solar Light Installation,"Solar light installation near Vivekanand Marg hanuman mandir, ERNAKULAM",319180.37,09-12-2024,16-11-2025,Ganesh Engineering Works,Sanctioned
WS/31368/2025/00610,Jammu And Kashmir,BARAMULLAH,ABU TAHER KHAN,Streetlight Installation,"Installation of streetlights at Ram Nagar chowk, BARAMULLAH",276637.99,06-06-2025,10-04-2026,Sri Lakshmi Contractors,New Recommendation
WS/93695/2025/00097,Maharashtra,PUNE,RAVI SHANKAR PRASAD JI,Road Construction,"CC road construction at Vivekanand Marg ward, PUNE",1573136.25,17-02-2025,30-08-2025,Jai Hind Infrastructure,Sanctioned
WS/63950/2025/00807,West Bengal,KANTHI,ADV GOWAAL KAGADA PADAVI,Streetlight Installation,"Installation of streetlights at Kisan Nagar chowk, KANTHI",585457.54,03-02-2025,16-10-2025,Jai Hind Infrastructure,New Recommendation
WS/78674/2024/00212,West Bengal,MURSHIDABAD,RAJESH KUMAR SHARMA,Drainage / Nala,"Construction of drainage/nala near Andouli area, MURSHIDABAD",425962.68,11-10-2024,17-08-2025,National Builders & Contractors,Completed
WS/61773/2023/00288,Maharashtra,PUNE,ABHIJIT GANGOPADHYAY,Road Construction,"Widening and strengthening of road near Ambedkar Colony village, PUNE",2401877.12,22-05-2023,15-10-2023,Jai Hind Infrastructure,Sanctioned
WS/26912/2025/00160,West Bengal,HOWRAH,ANITA JOSHI,Community Hall,"Construction of community hall at Subhash Nagar, HOWRAH",1820836.53,27-07-2025,04-07-2026,Progressive Engineers & Contractors,Ongoing
WS/84912/2025/00275,West Bengal,MURSHIDABAD,ADV K FRANCIS GEORGE,Drainage / Nala,"Construction of drainage/nala near Vivekanand Marg area, MURSHIDABAD",674630.94,07-04-2025,16-11-2025,Bharat Infra Solutions,Completed
WS/28293/2023/00601,Kerala,ERNAKULAM,SANJAY DESHMUKH,Solar Light Installation,"Solar light installation near Bazaar Road hanuman mandir, ERNAKULAM",254876.53,15-09-2023,18-06-2024,Deep Construction Co.,Sanctioned
WS/52432/2023/00924,Bihar,GAYA,PRIYA VERMA,Solar Light Installation,"Solar street light at Panchayat Bhavan Marg chowk parisar, GAYA",412822.75,21-10-2023,28-01-2024,Shree Balaji Construction Co.,Ongoing
WS/71644/2024/00052,West Bengal,KANTHI,ADV K FRANCIS GEORGE,Solar Light Installation,"Solar light installation near Andouli hanuman mandir, KANTHI",407874.0,10-01-2024,11-10-2024,Bharat Infra Solutions,Completed
WS/17816/2025/00072,West Bengal,TAMLUK,RAVI SHANKAR PRASAD JI,Drainage / Nala,"Covered drain construction from Shanti Nagar to Nehru Path, TAMLUK",882871.25,17-10-2025,01-05-2026,National Builders & Contractors,Completed
WS/82516/2023/00689,Uttar Pradesh,KANPUR,ADV ADOOR PRAKASH,Water Supply / Handpump,"Water supply pipeline extension to Ram Nagar area, KANPUR",242493.28,20-04-2023,21-01-2024,Jai Hind Infrastructure,New Recommendation
WS/60436/2023/00446,Jammu And Kashmir,BARAMULLAH,ADV DEAN KURIAKOSE,Solar Light Installation,"Solar light installation near Ambedkar Colony hanuman mandir, BARAMULLAH",233552.09,13-04-2023,13-08-2023,Deep Construction Co.,Ongoing
WS/79501/2024/00545,Bihar,AURANGABAD_BR,ANITA JOSHI,Solar Light Installation,"Solar light installation near Panchayat Bhavan Marg hanuman mandir, AURANGABAD_BR",252157.02,21-01-2024,05-11-2024,Sri Lakshmi Contractors,New Recommendation
WS/13314/2025/00942,Maharashtra,AURANGABAD_MH,ABU TAHER KHAN,Water Supply / Handpump,"Installation of handpump at Kisan Nagar village, AURANGABAD_MH",580570.74,21-12-2025,31-03-2026,Shree Balaji Construction Co.,Sanctioned
WS/66603/2024/00222,Bihar,AURANGABAD_BR,ADV DEAN KURIAKOSE,Solar Light Installation,"Solar street light at Shanti Nagar chowk parisar, AURANGABAD_BR",447405.06,15-08-2024,07-02-2025,New India Construction Co.,Sanctioned
WS/29481/2023/00289,Kerala,ERNAKULAM,ADHIKARI SOUMENDU,Community Hall,"Construction of community hall at Andouli, ERNAKULAM",2036790.26,09-10-2023,26-04-2024,Bharat Infra Solutions,Sanctioned
WS/60012/2024/00931,Bihar,GAYA,PRIYA VERMA,Community Hall,"Multipurpose community centre building at Nehru Path panchayat, GAYA",1942237.9,30-11-2024,22-04-2025,Shree Balaji Construction Co.,Sanctioned
WS/10235/2025/00299,Jammu And Kashmir,JAMMU,ADHIKARI SOUMENDU,School Building Repair,"Construction of additional classroom at Kisan Nagar school, JAMMU",829552.52,06-03-2025,02-10-2025,National Builders & Contractors,Ongoing
WS/31298/2024/00187,Uttar Pradesh,KANPUR,ABU TAHER KHAN,Solar Light Installation,"Solar street light at Kisan Nagar chowk parisar, KANPUR",276474.44,05-01-2024,11-06-2024,Om Sai Infra Pvt Ltd,New Recommendation
WS/37636/2023/00729,Bihar,AURANGABAD_BR,PRIYA VERMA,Water Supply / Handpump,"Water supply pipeline extension to Bazaar Road area, AURANGABAD_BR",286083.88,22-08-2023,31-07-2024,Bharat Infra Solutions,Sanctioned
WS/94889/2024/00098,Jammu And Kashmir,SRINAGAR,AASHTIKAR PATIL NAGESH BAPURAO,Streetlight Installation,"LED streetlight installation along Ram Nagar road, SRINAGAR",547905.68,26-10-2024,10-06-2025,Jai Hind Infrastructure,Ongoing
WS/75323/2024/00080,West Bengal,TAMLUK,ADV ADOOR PRAKASH,Solar Light Installation,"Solar street light at Kisan Nagar chowk parisar, TAMLUK",419525.46,16-07-2024,13-11-2024,Progressive Engineers & Contractors,Ongoing
WS/67503/2024/00451,Kerala,IDUKKI,RAVI SHANKAR PRASAD JI,Solar Light Installation,"Solar light installation near Kisan Nagar hanuman mandir, IDUKKI",137587.08,12-08-2024,07-02-2025,New India Construction Co.,New Recommendation
WS/46231/2025/00764,West Bengal,MURSHIDABAD,ADV DEAN KURIAKOSE,Water Supply / Handpump,"Installation of handpump at Gandhi Chowk village, MURSHIDABAD",253121.91,10-10-2025,20-01-2026,Bharat Infra Solutions,Completed
WS/67870/2024/00697,Jammu And Kashmir,JAMMU,ABHIJIT GANGOPADHYAY,Solar Light Installation,"Solar light installation near Station Road hanuman mandir, JAMMU",171885.18,05-04-2024,23-08-2024,Deep Construction Co.,New Recommendation
WS/33209/2023/00489,Maharashtra,NAGPUR,AASHTIKAR PATIL NAGESH BAPURAO,Community Hall,"Multipurpose community centre building at Ambedkar Colony panchayat, NAGPUR",3875495.11,14-11-2023,25-04-2024,Ganesh Engineering Works,Completed
WS/30019/2025/00626,Maharashtra,HINGOLI,ABHAY KUMAR SINHA,School Building Repair,"Repair and renovation of Govt. School building at Nehru Path, HINGOLI",1349350.42,21-12-2025,21-05-2026,Sri Lakshmi Contractors,New Recommendation
WS/57516/2023/00170,Kerala,KOTTAYAM,PRIYA VERMA,Community Hall,"Construction of community hall at Station Road, KOTTAYAM",1613105.99,23-05-2023,08-05-2024,United Rural Builders,Ongoing
WS/52899/2023/00276,Jammu And Kashmir,BARAMULLAH,ANITA JOSHI,Road Construction,"Widening and strengthening of road near Ram Nagar village, BARAMULLAH",2421934.99,10-06-2023,03-04-2024,Bharat Infra Solutions,New Recommendation
WS/41544/2023/00200,Jammu And Kashmir,SRINAGAR,ADITYA YADAV,Water Supply / Handpump,"Installation of handpump at Gandhi Chowk village, SRINAGAR",735842.95,03-05-2023,04-06-2024,Sri Lakshmi Contractors,Completed
WS/72288/2025/00648,Bihar,GAYA,SANJAY DESHMUKH,School Building Repair,"Construction of additional classroom at Kisan Nagar school, GAYA",1355833.83,12-12-2025,02-07-2026,National Builders & Contractors,New Recommendation
WS/51904/2024/00046,Kerala,IDUKKI,ADV DEAN KURIAKOSE,School Building Repair,"Repair and renovation of Govt. School building at Station Road, IDUKKI",508476.7,18-01-2024,16-07-2024,Bharat Infra Solutions,New Recommendation
WS/29884/2025/00482,Kerala,KOTTAYAM,PRIYA VERMA,Solar Light Installation,"Solar light installation near Vivekanand Marg hanuman mandir, KOTTAYAM",446626.56,22-11-2025,01-11-2026,Bharat Infra Solutions,Ongoing
WS/54597/2025/00003,Kerala,ERNAKULAM,ADV ADOOR PRAKASH,School Building Repair,"Repair and renovation of Govt. School building at Nehru Path, ERNAKULAM",1224971.96,07-07-2025,08-09-2025,National Builders & Contractors,Sanctioned
WS/67627/2024/00618,Kerala,ATTINGAL,ADITYA YADAV,Streetlight Installation,"Installation of streetlights at Panchayat Bhavan Marg chowk, ATTINGAL",533083.56,30-07-2024,03-04-2025,Deep Construction Co.,Ongoing
WS/83563/2023/00002,Uttar Pradesh,KANPUR,ABDUL RASHID SHEIKH,Road Construction,"CC road construction at Gandhi Chowk ward, KANPUR",959281.91,25-11-2023,08-10-2024,Jai Hind Infrastructure,Completed
WS/88311/2024/00411,Bihar,AURANGABAD_BR,ABDUL RASHID SHEIKH,Water Supply / Handpump,"Water supply pipeline extension to Andouli area, AURANGABAD_BR",469028.21,15-05-2024,24-05-2025,Progressive Engineers & Contractors,New Recommendation
WS/34101/2024/00204,Kerala,ERNAKULAM,ANITA JOSHI,Community Hall,"Construction of community hall at Station Road, ERNAKULAM",3240771.02,23-05-2024,06-10-2024,Bharat Infra Solutions,Sanctioned
WS/50642/2025/00147,Kerala,ERNAKULAM,ABDUL RASHID SHEIKH,Community Hall,"Multipurpose community centre building at Station Road panchayat, ERNAKULAM",2003977.48,19-06-2025,28-11-2025,Shree Balaji Construction Co.,New Recommendation
WS/60434/2023/00620,West Bengal,KANTHI,ADV GOWAAL KAGADA PADAVI,Streetlight Installation,"LED streetlight installation along Nehru Path road, KANTHI",474961.46,24-06-2023,06-02-2024,Metro Civil Works Pvt Ltd,Completed
WS/28569/2024/00236,Kerala,IDUKKI,RAJESH KUMAR SHARMA,Road Construction,"Widening and strengthening of road near Vivekanand Marg village, IDUKKI",1620710.84,28-01-2024,26-10-2024,Om Sai Infra Pvt Ltd,Completed
WS/84086/2025/00596,Kerala,KOTTAYAM,ADV GOWAAL KAGADA PADAVI,School Building Repair,"Construction of additional classroom at Kisan Nagar school, KOTTAYAM",1654368.44,18-12-2025,06-12-2026,Progressive Engineers & Contractors,Ongoing
WS/69168/2024/00921,West Bengal,HOWRAH,ABHIJIT GANGOPADHYAY,Drainage / Nala,"Construction of drainage/nala near Subhash Nagar area, HOWRAH",362333.14,19-05-2024,28-08-2024,Om Sai Infra Pvt Ltd,New Recommendation
WS/83272/2025/00452,Kerala,ERNAKULAM,RAJESH KUMAR SHARMA,Water Supply / Handpump,"Water supply pipeline extension to Nehru Path area, ERNAKULAM",294312.52,07-10-2025,26-12-2025,Metro Civil Works Pvt Ltd,Sanctioned
WS/79316/2024/00198,West Bengal,TAMLUK,RAVI SHANKAR PRASAD JI,Drainage / Nala,"Construction of drainage/nala near Shanti Nagar area, TAMLUK",888180.69,22-03-2024,20-07-2024,National Builders & Contractors,Sanctioned
WS/21552/2023/00410,Jammu And Kashmir,SRINAGAR,AASHTIKAR PATIL NAGESH BAPURAO,Solar Light Installation,"Solar light installation near Ram Nagar hanuman mandir, SRINAGAR",131881.0,27-08-2023,23-06-2024,Jai Hind Infrastructure,Sanctioned
WS/74154/2024/00252,Kerala,IDUKKI,ABU TAHER KHAN,Drainage / Nala,"Covered drain construction from Shanti Nagar to Bazaar Road, IDUKKI",431619.1,24-02-2024,28-08-2024,Progressive Engineers & Contractors,Sanctioned
WS/83048/2023/00096,Kerala,KOTTAYAM,ABHIJIT GANGOPADHYAY,School Building Repair,"Construction of additional classroom at Vivekanand Marg school, KOTTAYAM",1748050.61,23-08-2023,14-02-2024,Progressive Engineers & Contractors,Sanctioned
WS/94717/2024/00973,West Bengal,MURSHIDABAD,ADV DEAN KURIAKOSE,Water Supply / Handpump,"Installation of handpump at Subhash Nagar village, SRINAGAR",423351.66,13-09-2024,21-06-2025,Om Sai Infra Pvt Ltd,Completed
WS/96870/2025/00102,Uttar Pradesh,VARANASI,ABDUL RASHID SHEIKH,School Building Repair,"Repair and renovation of Govt. School building at Gandhi Chowk, VARANASI",786234.02,17-12-2025,18-04-2026,Metro Civil Works Pvt Ltd,Completed
WS/89310/2024/00153,Jammu And Kashmir,BARAMULLAH,ADV ADOOR PRAKASH,Solar Light Installation,"Solar street light at Shanti Nagar chowk parisar, BARAMULLAH",325807.01,05-04-2024,17-12-2024,Jai Hind Infrastructure,Completed
WS/43483/2023/00477,Uttar Pradesh,KANPUR,ABU TAHER KHAN,Water Supply / Handpump,"Water supply pipeline extension to Shanti Nagar area, KANPUR",689128.66,19-04-2023,27-12-2023,Jai Hind Infrastructure,Completed
WS/47498/2024/00315,Maharashtra,NAGPUR,ABU TAHER KHAN,Drainage / Nala,"Covered drain construction from Station Road to Vivekanand Marg, NAGPUR",809934.53,17-11-2024,08-03-2025,Om Sai Infra Pvt Ltd,Completed
WS/35891/2025/00797,Uttar Pradesh,LUCKNOW,ADV ADOOR PRAKASH,Streetlight Installation,"Installation of streetlights at Gandhi Chowk chowk, LUCKNOW",185174.03,12-04-2025,05-02-2026,Bharat Infra Solutions,Ongoing
WS/86735/2023/00493,Kerala,IDUKKI,MEERA IYER,Solar Light Installation,"Solar light installation near Kisan Nagar hanuman mandir, IDUKKI",326135.53,02-07-2023,13-05-2024,Om Sai Infra Pvt Ltd,Ongoing
WS/60079/2023/00659,West Bengal,HOWRAH,ABHIJIT GANGOPADHYAY,Drainage / Nala,"Construction of drainage/nala near Shanti Nagar area, HOWRAH",942207.34,13-10-2023,26-04-2024,Bharat Infra Solutions,Sanctioned
WS/84647/2023/00771,West Bengal,MURSHIDABAD,PRIYA VERMA,Road Construction,"Widening and strengthening of road near Ambedkar Colony village, MURSHIDABAD",1708633.99,10-10-2023,08-08-2024,Om Sai Infra Pvt Ltd,New Recommendation
WS/36680/2024/00078,Maharashtra,NANDURBAR(ST),ANITA JOSHI,Community Hall,"Construction of community hall at Nehru Path, NANDURBAR(ST)",3056584.68,23-08-2024,07-09-2025,Metro Civil Works Pvt Ltd,Completed
WS/60868/2023/00393,West Bengal,MURSHIDABAD,ABHAY KUMAR SINHA,Community Hall,"Construction of community hall at Ambedkar Colony, MURSHIDABAD",2423587.96,14-05-2023,26-10-2023,United Rural Builders,New Recommendation
WS/92764/2025/00940,Kerala,KOTTAYAM,SANJAY DESHMUKH,Drainage / Nala,"Covered drain construction from Bazaar Road to Subhash Nagar, KOTTAYAM",389620.13,29-06-2025,31-10-2025,Ganesh Engineering Works,Completed
WS/23970/2025/00824,West Bengal,HOWRAH,ADV K FRANCIS GEORGE,Solar Light Installation,"Solar street light at Subhash Nagar chowk parisar, HOWRAH",227758.34,24-02-2025,28-06-2025,United Rural Builders,Ongoing
WS/99592/2023/00765,Maharashtra,PUNE,ABDUL RASHID SHEIKH,Streetlight Installation,"Installation of streetlights at Nehru Path chowk, PUNE",240137.97,19-10-2023,03-06-2024,Bharat Infra Solutions,New Recommendation
WS/57537/2023/00101,Uttar Pradesh,KANPUR,ADV DEAN KURIAKOSE,Road Construction,"Widening and strengthening of road near Ram Nagar village, KANPUR",1973477.13,09-11-2023,22-08-2024,Metro Civil Works Pvt Ltd,Ongoing
WS/92155/2025/00086,Uttar Pradesh,KANPUR,ABHAY KUMAR SINHA,Solar Light Installation,"Solar light installation near Kisan Nagar hanuman mandir, KANPUR",214997.96,19-02-2025,18-01-2026,Sri Lakshmi Contractors,New Recommendation
WS/90698/2025/00182,Jammu And Kashmir,BARAMULLAH,RAVI SHANKAR PRASAD JI,Community Hall,"Construction of community hall at Kisan Nagar, BARAMULLAH",3832559.83,13-03-2025,28-09-2025,National Builders & Contractors,Completed
WS/18094/2025/00193,Jammu And Kashmir,JAMMU,ABHAY KUMAR SINHA,Streetlight Installation,"Installation of streetlights at Station Road chowk, JAMMU",351036.59,21-03-2025,21-11-2025,Om Sai Infra Pvt Ltd,Completed
WS/21813/2023/00094,Kerala,ATTINGAL,ABDUL RASHID SHEIKH,Community Hall,"Multipurpose community centre building at Nehru Path panchayat, ATTINGAL",3471526.21,05-05-2023,25-04-2024,New India Construction Co.,Ongoing
WS/11424/2025/00901,Bihar,AURANGABAD_BR,ABU TAHER KHAN,Water Supply / Handpump,"Water supply pipeline extension to Subhash Nagar area, AURANGABAD_BR",589581.39,09-05-2025,04-10-2025,United Rural Builders,Ongoing
WS/85483/2024/00426,Kerala,KOTTAYAM,RAJESH KUMAR SHARMA,Solar Light Installation,"Solar light installation near Panchayat Bhavan Marg hanuman mandir, KOTTAYAM",240207.41,05-07-2024,04-12-2024,Jai Hind Infrastructure,Ongoing
WS/76005/2023/00907,Uttar Pradesh,LUCKNOW,ADV K FRANCIS GEORGE,Water Supply / Handpump,"Installation of handpump at Ram Nagar village, LUCKNOW",1966820.05,11-08-2023,28-11-2023,New India Construction Co.,Sanctioned
WS/32312/2025/00976,Maharashtra,NANDURBAR(ST),ANITA JOSHI,Water Supply / Handpump,"Installation of handpump at Bazaar Road village, GAYA",635482.84,26-04-2025,28-11-2025,Deep Construction Co.,Ongoing
WS/72784/2025/00882,Uttar Pradesh,KANPUR,ABU TAHER KHAN,School Building Repair,"Repair and renovation of Govt. School building at Ram Nagar, KANPUR",724412.4,13-04-2025,20-01-2026,New India Construction Co.,Ongoing
WS/34318/2025/00454,Bihar,PATNA_SAHIB,RAVI SHANKAR PRASAD JI,Community Hall,"Multipurpose community centre building at Andouli panchayat, PATNA_SAHIB",2635197.45,03-06-2025,24-06-2026,United Rural Builders,Sanctioned
WS/49289/2023/00227,Bihar,PATNA_SAHIB,ADV DEAN KURIAKOSE,School Building Repair,"Construction of additional classroom at Ambedkar Colony school, PATNA_SAHIB",604308.75,19-09-2023,27-06-2024,Bharat Infra Solutions,Sanctioned
WS/85132/2024/00746,West Bengal,KANTHI,ADITYA YADAV,Road Construction,"CC road construction at Shanti Nagar ward, KANTHI",974572.41,30-11-2024,04-03-2025,Jai Hind Infrastructure,Ongoing
WS/59271/2023/00752,Kerala,IDUKKI,ADV ADOOR PRAKASH,School Building Repair,"Repair and renovation of Govt. School building at Gandhi Chowk, IDUKKI",1273488.02,01-12-2023,02-10-2024,Deep Construction Co.,New Recommendation
WS/41856/2023/00475,Kerala,KOTTAYAM,ABU TAHER KHAN,Solar Light Installation,"Solar street light at Bazaar Road chowk parisar, KOTTAYAM",354970.36,27-06-2023,22-10-2023,Deep Construction Co.,Completed
WS/68402/2024/00600,Kerala,ERNAKULAM,RAJESH KUMAR SHARMA,School Building Repair,"Repair and renovation of Govt. School building at Station Road, ERNAKULAM",921963.61,17-01-2024,09-09-2024,New India Construction Co.,New Recommendation
WS/39607/2023/00637,Kerala,ATTINGAL,RAVI SHANKAR PRASAD JI,Drainage / Nala,"Construction of drainage/nala near Bazaar Road area, ATTINGAL",558620.0,19-05-2023,17-12-2023,Jai Hind Infrastructure,Sanctioned
WS/50084/2023/00986,West Bengal,TAMLUK,ADITYA YADAV,Community Hall,"Multipurpose community centre building at Andouli panchayat, TAMLUK",3563676.5,05-08-2023,06-08-2023,Metro Civil Works Pvt Ltd,Completed
WS/71918/2023/00183,Jammu And Kashmir,BARAMULLAH,ANITA JOSHI,Drainage / Nala,"Construction of drainage/nala near Ram Nagar area, BARAMULLAH",874150.12,24-05-2023,12-09-2023,Sri Lakshmi Contractors,New Recommendation
WS/77844/2023/00464,Bihar,PATNA_SAHIB,MEERA IYER,School Building Repair,"Repair and renovation of Govt. School building at Shanti Nagar, PATNA_SAHIB",400273.88,06-05-2023,27-11-2023,Jai Hind Infrastructure,Completed
WS/37222/2023/00344,Uttar Pradesh,LUCKNOW,RAJESH KUMAR SHARMA,Water Supply / Handpump,"Water supply pipeline extension to Kisan Nagar area, LUCKNOW",486829.36,12-09-2023,01-12-2023,United Rural Builders,Sanctioned
WS/51984/2024/00375,Uttar Pradesh,VARANASI,ANITA JOSHI,Solar Light Installation,"Solar light installation near Station Road hanuman mandir, VARANASI",278057.46,11-08-2024,01-11-2024,Bharat Infra Solutions,Ongoing
WS/32427/2025/00877,Uttar Pradesh,VARANASI,ADV GOWAAL KAGADA PADAVI,Solar Light Installation,"Solar light installation near Gandhi Chowk hanuman mandir, VARANASI",177117.71,26-03-2025,09-10-2025,United Rural Builders,Completed
WS/46002/2025/00961,Bihar,GAYA,AASHTIKAR PATIL NAGESH BAPURAO,Community Hall,"Construction of community hall at Shanti Nagar, TAMLUK",1598818.7,28-07-2025,26-04-2026,Deep Construction Co.,New Recommendation
WS/35919/2025/00287,Bihar,GAYA,ABHAY KUMAR SINHA,Streetlight Installation,"Installation of streetlights at Panchayat Bhavan Marg chowk, GAYA",413753.44,26-10-2025,01-02-2026,Shree Balaji Construction Co.,Completed
WS/51697/2025/00939,Kerala,KOTTAYAM,SANJAY DESHMUKH,Water Supply / Handpump,"Water supply pipeline extension to Station Road area, KOTTAYAM",473288.19,15-04-2025,10-09-2025,Ganesh Engineering Works,Sanctioned
WS/54063/2025/00867,Maharashtra,HINGOLI,PRIYA VERMA,School Building Repair,"Repair and renovation of Govt. School building at Subhash Nagar, HINGOLI",1134959.65,17-03-2025,05-04-2026,Ganesh Engineering Works,Ongoing
WS/86122/2024/00280,Maharashtra,NANDURBAR(ST),ANITA JOSHI,School Building Repair,"Repair and renovation of Govt. School building at Ram Nagar, NANDURBAR(ST)",1381185.67,16-04-2024,04-02-2025,Deep Construction Co.,Completed
WS/23606/2024/00932,Bihar,GAYA,PRIYA VERMA,Water Supply / Handpump,"Installation of handpump at Ram Nagar village, GAYA",398273.85,26-12-2024,15-04-2025,Shree Balaji Construction Co.,Completed
WS/28661/2023/00279,Maharashtra,NAGPUR,ADV GOWAAL KAGADA PADAVI,Road Construction,Construction of concrete road from Kisan Nagar to Nehru Path in NAGPUR,1148830.43,30-11-2023,30-08-2024,Metro Civil Works Pvt Ltd,Completed
WS/57329/2024/00265,West Bengal,HOWRAH,ABHIJIT GANGOPADHYAY,Drainage / Nala,"Covered drain construction from Vivekanand Marg to Shanti Nagar, HOWRAH",749624.29,29-11-2024,05-03-2025,United Rural Builders,Completed
WS/26637/2025/00271,West Bengal,KANTHI,ANITA JOSHI,Streetlight Installation,"Installation of streetlights at Kisan Nagar chowk, KANTHI",502344.2,08-04-2025,17-10-2025,National Builders & Contractors,New Recommendation
WS/24779/2024/00980,Bihar,PATNA_SAHIB,MEERA IYER,Solar Light Installation,"Solar light installation near Andouli hanuman mandir, VARANASI",2207174.11,03-02-2024,20-09-2024,United Rural Builders,Sanctioned
WS/72277/2023/00042,Maharashtra,NANDURBAR(ST),ADV GOWAAL KAGADA PADAVI,Drainage / Nala,"Covered drain construction from Bazaar Road to Ram Nagar, NANDURBAR(ST)",1025906.61,29-08-2023,09-11-2023,Shree Balaji Construction Co.,Ongoing
WS/38760/2025/00049,West Bengal,HOWRAH,RAVI SHANKAR PRASAD JI,Water Supply / Handpump,"Water supply pipeline extension to Nehru Path area, HOWRAH",714243.84,28-06-2025,01-07-2026,Ganesh Engineering Works,Sanctioned
WS/52413/2023/00296,Uttar Pradesh,KANPUR,AASHTIKAR PATIL NAGESH BAPURAO,Community Hall,"Construction of community hall at Andouli, KANPUR",3794740.46,24-10-2023,27-02-2024,New India Construction Co.,Ongoing
WS/39683/2023/00974,Maharashtra,HINGOLI,ABDUL RASHID SHEIKH,Water Supply / Handpump,"Installation of handpump at Subhash Nagar village, SRINAGAR",269780.21,07-06-2023,04-05-2024,Om Sai Infra Pvt Ltd,New Recommendation
WS/63522/2025/00879,Kerala,KOTTAYAM,RAJESH KUMAR SHARMA,Community Hall,"Multipurpose community centre building at Bazaar Road panchayat, KOTTAYAM",1708115.39,23-03-2025,27-02-2026,Bharat Infra Solutions,Ongoing
WS/72518/2024/00048,Maharashtra,NANDURBAR(ST),SANJAY DESHMUKH,School Building Repair,"Construction of additional classroom at Andouli school, NANDURBAR(ST)",1666773.87,19-11-2024,28-01-2025,Jai Hind Infrastructure,Sanctioned
WS/16259/2023/00784,Jammu And Kashmir,SRINAGAR,RAJESH KUMAR SHARMA,Drainage / Nala,"Construction of drainage/nala near Panchayat Bhavan Marg area, SRINAGAR",495005.19,06-05-2023,02-04-2024,Ganesh Engineering Works,Sanctioned
WS/87178/2023/00846,West Bengal,MURSHIDABAD,PRIYA VERMA,Road Construction,"CC road construction at Ambedkar Colony ward, MURSHIDABAD",2130647.15,05-08-2023,01-01-2024,United Rural Builders,New Recommendation
WS/25570/2025/00861,West Bengal,KANTHI,ABDUL RASHID SHEIKH,Drainage / Nala,"Covered drain construction from Subhash Nagar to Ambedkar Colony, KANTHI",899584.34,27-11-2025,28-09-2026,Progressive Engineers & Contractors,New Recommendation
WS/59412/2023/00232,West Bengal,HOWRAH,ABU TAHER KHAN,Water Supply / Handpump,"Water supply pipeline extension to Ram Nagar area, HOWRAH",411982.85,15-12-2023,15-01-2025,National Builders & Contractors,Sanctioned
WS/41051/2025/00202,Maharashtra,NANDURBAR(ST),ANITA JOSHI,Community Hall,"Construction of community hall at Nehru Path, NANDURBAR(ST)",2085403.79,25-10-2025,14-10-2026,New India Construction Co.,New Recommendation
WS/33999/2025/00849,Bihar,AURANGABAD_BR,RAJESH KUMAR SHARMA,Water Supply / Handpump,"Water supply pipeline extension to Ambedkar Colony area, AURANGABAD_BR",744269.71,23-02-2025,01-03-2026,Sri Lakshmi Contractors,Sanctioned
WS/39329/2025/00324,West Bengal,TAMLUK,AASHTIKAR PATIL NAGESH BAPURAO,School Building Repair,"Construction of additional classroom at Nehru Path school, TAMLUK",1676121.61,22-01-2025,19-06-2025,Jai Hind Infrastructure,Completed
WS/64627/2024/00318,Bihar,PATNA_SAHIB,ABHIJIT GANGOPADHYAY,Solar Light Installation,"Solar light installation near Bazaar Road hanuman mandir, PATNA_SAHIB",179785.09,02-02-2024,14-11-2024,New India Construction Co.,New Recommendation
WS/13809/2025/00572,Uttar Pradesh,KANPUR,ABDUL RASHID SHEIKH,Road Construction,Construction of concrete road from Ambedkar Colony to Station Road in KANPUR,2058708.7,03-11-2025,04-10-2026,National Builders & Contractors,Ongoing
WS/55252/2024/00703,Kerala,ERNAKULAM,MEERA IYER,Water Supply / Handpump,"Installation of handpump at Panchayat Bhavan Marg village, ERNAKULAM",343593.5,09-10-2024,23-10-2025,Jai Hind Infrastructure,Sanctioned
WS/88231/2023/00250,Uttar Pradesh,LUCKNOW,ADITYA YADAV,Solar Light Installation,"Solar street light at Station Road chowk parisar, LUCKNOW",172429.95,31-05-2023,16-05-2024,New India Construction Co.,New Recommendation
WS/86486/2025/00670,Jammu And Kashmir,JAMMU,ANITA JOSHI,Solar Light Installation,"Solar light installation near Andouli hanuman mandir, JAMMU",195477.04,29-09-2025,02-11-2026,Jai Hind Infrastructure,Ongoing
WS/23937/2024/00563,Kerala,ATTINGAL,ADV GOWAAL KAGADA PADAVI,Solar Light Installation,"Solar light installation near Ram Nagar hanuman mandir, ATTINGAL",377793.99,11-07-2024,18-07-2025,National Builders & Contractors,Completed
WS/78920/2024/00457,Jammu And Kashmir,BARAMULLAH,VIKRAM SINGH RATHORE,Drainage / Nala,"Covered drain construction from Bazaar Road to Kisan Nagar, BARAMULLAH",388878.23,05-11-2024,28-11-2025,Sri Lakshmi Contractors,Sanctioned
WS/74868/2025/00668,Jammu And Kashmir,BARAMULLAH,ABDUL RASHID SHEIKH,School Building Repair,"Construction of additional classroom at Andouli school, BARAMULLAH",764313.55,23-03-2025,16-01-2026,Sri Lakshmi Contractors,Completed
WS/39041/2025/00123,Jammu And Kashmir,SRINAGAR,PRIYA VERMA,Streetlight Installation,"Installation of streetlights at Vivekanand Marg chowk, SRINAGAR",185391.19,08-09-2025,14-04-2026,Deep Construction Co.,New Recommendation
WS/14851/2024/00688,Kerala,ERNAKULAM,SANJAY DESHMUKH,Solar Light Installation,"Solar street light at Ambedkar Colony chowk parisar, ERNAKULAM",273496.12,13-11-2024,13-11-2025,Deep Construction Co.,New Recommendation
WS/58467/2024/00972,Jammu And Kashmir,BARAMULLAH,PRIYA VERMA,Solar Light Installation,"Solar street light at Subhash Nagar chowk parisar, BARAMULLAH",343881.79,07-03-2024,02-06-2024,Metro Civil Works Pvt Ltd,New Recommendation
WS/54681/2023/00116,Maharashtra,NANDURBAR(ST),AASHTIKAR PATIL NAGESH BAPURAO,Road Construction,"Widening and strengthening of road near Shanti Nagar village, NANDURBAR(ST)",2068390.0,07-11-2023,16-07-2024,Sri Lakshmi Contractors,Sanctioned
WS/48737/2024/00264,Kerala,ATTINGAL,ADV GOWAAL KAGADA PADAVI,Drainage / Nala,"Construction of drainage/nala near Panchayat Bhavan Marg area, ATTINGAL",765974.22,03-09-2024,06-02-2025,Deep Construction Co.,Sanctioned
WS/16047/2025/00515,Maharashtra,PUNE,ABDUL RASHID SHEIKH,Water Supply / Handpump,"Water supply pipeline extension to Ram Nagar area, PUNE",793686.82,09-09-2025,22-12-2025,New India Construction Co.,Sanctioned
WS/97679/2025/00373,Bihar,AURANGABAD_BR,ANITA JOSHI,School Building Repair,"Repair and renovation of Govt. School building at Vivekanand Marg, AURANGABAD_BR",1795283.52,22-07-2025,18-08-2026,Shree Balaji Construction Co.,Completed
WS/52344/2023/00447,Jammu And Kashmir,SRINAGAR,ABHIJIT GANGOPADHYAY,Streetlight Installation,"Installation of streetlights at Shanti Nagar chowk, SRINAGAR",449703.55,31-10-2023,28-08-2024,Sri Lakshmi Contractors,New Recommendation
WS/18849/2025/00791,Kerala,ERNAKULAM,ABU TAHER KHAN,Community Hall,"Multipurpose community centre building at Vivekanand Marg panchayat, ERNAKULAM",1938327.61,19-05-2025,27-12-2025,Progressive Engineers & Contractors,Sanctioned
WS/54540/2023/00754,Bihar,AURANGABAD_BR,AASHTIKAR PATIL NAGESH BAPURAO,Drainage / Nala,"Construction of drainage/nala near Station Road area, AURANGABAD_BR",478042.49,26-09-2023,16-03-2024,Bharat Infra Solutions,Ongoing
WS/58374/2025/00253,Kerala,ERNAKULAM,PRIYA VERMA,School Building Repair,"Construction of additional classroom at Ambedkar Colony school, ERNAKULAM",505722.78,22-06-2025,07-10-2025,Sri Lakshmi Contractors,New Recommendation
WS/69612/2025/00911,Maharashtra,HINGOLI,ABU TAHER KHAN,Community Hall,"Multipurpose community centre building at Vivekanand Marg panchayat, HINGOLI",12663789.2,18-12-2025,01-04-2026,Metro Civil Works Pvt Ltd,Completed
WS/68598/2024/00354,West Bengal,MURSHIDABAD,ABHAY KUMAR SINHA,School Building Repair,"Construction of additional classroom at Vivekanand Marg school, MURSHIDABAD",1021864.43,07-11-2024,23-08-2025,Om Sai Infra Pvt Ltd,Sanctioned
WS/45358/2023/00224,Kerala,ERNAKULAM,ADV K FRANCIS GEORGE,Community Hall,"Construction of community hall at Ram Nagar, ERNAKULAM",1766377.29,06-04-2023,09-11-2023,Metro Civil Works Pvt Ltd,New Recommendation
WS/29073/2024/00485,West Bengal,MURSHIDABAD,ADHIKARI SOUMENDU,Community Hall,"Multipurpose community centre building at Kisan Nagar panchayat, MURSHIDABAD",1669535.1,27-09-2024,25-01-2025,National Builders & Contractors,New Recommendation
WS/59355/2024/00831,Kerala,IDUKKI,AASHTIKAR PATIL NAGESH BAPURAO,Community Hall,"Construction of community hall at Subhash Nagar, IDUKKI",3314893.78,10-11-2024,02-03-2025,Progressive Engineers & Contractors,Ongoing
WS/20460/2024/00811,Jammu And Kashmir,SRINAGAR,SANJAY DESHMUKH,School Building Repair,"Construction of additional classroom at Nehru Path school, SRINAGAR",1277572.33,30-12-2024,24-04-2025,Progressive Engineers & Contractors,Ongoing
WS/88532/2025/00874,West Bengal,TAMLUK,VIKRAM SINGH RATHORE,School Building Repair,"Repair and renovation of Govt. School building at Nehru Path, TAMLUK",1133267.87,01-12-2025,14-10-2026,Shree Balaji Construction Co.,Ongoing
WS/98740/2024/00220,Uttar Pradesh,LUCKNOW,PRIYA VERMA,Road Construction,"Widening and strengthening of road near Station Road village, LUCKNOW",1308770.71,29-10-2024,30-04-2025,Jai Hind Infrastructure,Sanctioned
WS/43792/2024/00417,Jammu And Kashmir,SRINAGAR,MEERA IYER,Water Supply / Handpump,"Installation of handpump at Ram Nagar village, SRINAGAR",522504.31,21-11-2024,03-02-2025,Metro Civil Works Pvt Ltd,Completed
WS/70693/2025/00856,Maharashtra,AURANGABAD_MH,PRIYA VERMA,Drainage / Nala,"Construction of drainage/nala near Bazaar Road area, AURANGABAD_MH",1130750.73,07-11-2025,01-12-2026,United Rural Builders,Completed
WS/78657/2024/00495,Kerala,IDUKKI,ABHIJIT GANGOPADHYAY,Road Construction,"CC road construction at Kisan Nagar ward, IDUKKI",994080.4,04-07-2024,23-07-2025,New India Construction Co.,Completed
WS/14050/2025/00981,Kerala,ATTINGAL,ABU TAHER KHAN,Solar Light Installation,"Solar light installation near Andouli hanuman mandir, VARANASI",1598771.73,04-02-2025,16-06-2025,New India Construction Co.,Sanctioned
WS/21593/2024/00602,Jammu And Kashmir,BARAMULLAH,ADV GOWAAL KAGADA PADAVI,School Building Repair,"Construction of additional classroom at Andouli school, BARAMULLAH",1783735.4,19-09-2024,08-05-2025,Om Sai Infra Pvt Ltd,Sanctioned
WS/29548/2023/00345,Jammu And Kashmir,BARAMULLAH,AASHTIKAR PATIL NAGESH BAPURAO,Water Supply / Handpump,"Installation of handpump at Ram Nagar village, BARAMULLAH",262301.99,23-07-2023,10-07-2024,Progressive Engineers & Contractors,Sanctioned
WS/48103/2025/00678,Uttar Pradesh,VARANASI,MEERA IYER,Water Supply / Handpump,"Installation of handpump at Ambedkar Colony village, VARANASI",356961.15,03-03-2025,20-07-2025,Metro Civil Works Pvt Ltd,Completed
WS/94408/2023/00821,Kerala,IDUKKI,RAVI SHANKAR PRASAD JI,Water Supply / Handpump,"Water supply pipeline extension to Vivekanand Marg area, IDUKKI",707790.08,02-07-2023,17-02-2024,Ganesh Engineering Works,Completed
WS/82534/2024/00263,Bihar,PATNA_SAHIB,ADV K FRANCIS GEORGE,Solar Light Installation,"Solar street light at Bazaar Road chowk parisar, PATNA_SAHIB",148940.57,09-01-2024,02-02-2025,Om Sai Infra Pvt Ltd,Ongoing
WS/31090/2023/00304,Bihar,AURANGABAD_BR,ADV K FRANCIS GEORGE,Community Hall,"Construction of community hall at Kisan Nagar, AURANGABAD_BR",3879155.33,15-06-2023,05-02-2024,National Builders & Contractors,Sanctioned
WS/79391/2024/00214,Uttar Pradesh,KANPUR,VIKRAM SINGH RATHORE,Road Construction,"CC road construction at Kisan Nagar ward, KANPUR",811241.01,16-10-2024,13-07-2025,Shree Balaji Construction Co.,Completed
WS/99208/2024/00407,Uttar Pradesh,VARANASI,ADV DEAN KURIAKOSE,Solar Light Installation,"Solar street light at Subhash Nagar chowk parisar, VARANASI",287636.71,30-10-2024,04-07-2025,Jai Hind Infrastructure,New Recommendation
WS/26632/2024/00567,Maharashtra,HINGOLI,ADHIKARI SOUMENDU,Road Construction,"CC road construction at Gandhi Chowk ward, HINGOLI",2001460.12,28-11-2024,21-06-2025,Sri Lakshmi Contractors,Sanctioned
WS/93674/2023/00905,Jammu And Kashmir,SRINAGAR,ADHIKARI SOUMENDU,Road Construction,"Widening and strengthening of road near Andouli village, SRINAGAR",4471498.52,12-04-2023,16-11-2023,Ganesh Engineering Works,Ongoing
WS/42088/2025/00914,Bihar,AURANGABAD_BR,SANJAY DESHMUKH,Community Hall,"Construction of community hall at Kisan Nagar, AURANGABAD_BR",13905577.07,27-02-2025,19-05-2025,Jai Hind Infrastructure,Completed
WS/35006/2023/00176,Uttar Pradesh,KANPUR,ABU TAHER KHAN,Solar Light Installation,"Solar street light at Andouli chowk parisar, KANPUR",338254.41,03-05-2023,20-04-2024,Deep Construction Co.,Completed
WS/42728/2023/00420,West Bengal,MURSHIDABAD,ADV ADOOR PRAKASH,Water Supply / Handpump,"Installation of handpump at Bazaar Road village, MURSHIDABAD",369439.56,28-12-2023,10-06-2024,Ganesh Engineering Works,Ongoing
WS/16054/2024/00757,Jammu And Kashmir,BARAMULLAH,RAVI SHANKAR PRASAD JI,School Building Repair,"Repair and renovation of Govt. School building at Bazaar Road, BARAMULLAH",1372095.45,20-02-2024,20-02-2025,Sri Lakshmi Contractors,Ongoing
WS/15695/2025/00004,Bihar,AURANGABAD_BR,ABHAY KUMAR SINHA,School Building Repair,"Repair and renovation of Govt. School building at Kisan Nagar, AURANGABAD_BR",535402.93,15-08-2025,08-04-2026,Jai Hind Infrastructure,New Recommendation
WS/30144/2023/00770,Kerala,ERNAKULAM,RAVI SHANKAR PRASAD JI,Community Hall,"Multipurpose community centre building at Vivekanand Marg panchayat, ERNAKULAM",2315198.79,24-04-2023,08-04-2024,Shree Balaji Construction Co.,Ongoing
WS/70940/2025/00536,Kerala,KOTTAYAM,ABHIJIT GANGOPADHYAY,Streetlight Installation,"Installation of streetlights at Station Road chowk, KOTTAYAM",366689.81,08-03-2025,16-06-2025,National Builders & Contractors,New Recommendation
WS/44099/2025/00051,Uttar Pradesh,BADAUN,ABHAY KUMAR SINHA,Water Supply / Handpump,"Installation of handpump at Subhash Nagar village, BADAUN",500028.94,04-09-2025,27-06-2026,National Builders & Contractors,Completed
WS/50737/2025/00823,Kerala,ATTINGAL,RAJESH KUMAR SHARMA,Drainage / Nala,"Construction of drainage/nala near Andouli area, ATTINGAL",1067997.28,02-12-2025,13-08-2026,Jai Hind Infrastructure,Completed
WS/87777/2023/00832,Maharashtra,HINGOLI,RAJESH KUMAR SHARMA,School Building Repair,"Construction of additional classroom at Subhash Nagar school, HINGOLI",651486.03,24-05-2023,21-09-2023,United Rural Builders,New Recommendation
WS/16564/2025/00346,Kerala,ATTINGAL,ADV DEAN KURIAKOSE,Water Supply / Handpump,"Installation of handpump at Ram Nagar village, ATTINGAL",361812.2,26-12-2025,25-07-2026,Bharat Infra Solutions,Sanctioned
WS/19171/2025/00038,Maharashtra,AURANGABAD_MH,RAVI SHANKAR PRASAD JI,Water Supply / Handpump,"Water supply pipeline extension to Panchayat Bhavan Marg area, AURANGABAD_MH",703601.0,29-04-2025,06-10-2025,New India Construction Co.,Sanctioned
WS/25324/2023/00593,Uttar Pradesh,LUCKNOW,RAVI SHANKAR PRASAD JI,Community Hall,"Construction of community hall at Andouli, LUCKNOW",1955701.28,27-09-2023,12-02-2024,National Builders & Contractors,Ongoing
WS/10547/2024/00801,Uttar Pradesh,KANPUR,ABHAY KUMAR SINHA,Community Hall,"Multipurpose community centre building at Andouli panchayat, KANPUR",1841640.87,24-07-2024,31-12-2024,National Builders & Contractors,Ongoing
WS/75031/2023/00272,Maharashtra,PUNE,SANJAY DESHMUKH,Community Hall,"Multipurpose community centre building at Ambedkar Colony panchayat, PUNE",2809635.53,26-12-2023,15-12-2024,Progressive Engineers & Contractors,Completed
WS/46428/2023/00598,Bihar,AURANGABAD_BR,ADV K FRANCIS GEORGE,Road Construction,Construction of concrete road from Gandhi Chowk to Andouli in AURANGABAD_BR,1833857.06,17-10-2023,09-10-2024,United Rural Builders,Ongoing
WS/50838/2024/00444,Kerala,ATTINGAL,ADV ADOOR PRAKASH,Road Construction,"Widening and strengthening of road near Ambedkar Colony village, ATTINGAL",1056162.28,18-08-2024,05-02-2025,New India Construction Co.,Sanctioned
WS/93165/2024/00334,Jammu And Kashmir,SRINAGAR,ADHIKARI SOUMENDU,Solar Light Installation,"Solar street light at Andouli chowk parisar, SRINAGAR",128284.01,06-03-2024,24-03-2025,National Builders & Contractors,New Recommendation
WS/45903/2024/00982,Bihar,AURANGABAD_BR,ABHAY KUMAR SINHA,Drainage / Nala,"Covered drain construction from Panchayat Bhavan Marg to Panchayat Bhavan Marg, AURANGABAD_BR",1128582.53,21-04-2024,26-04-2024,Om Sai Infra Pvt Ltd,Completed
WS/79339/2025/00459,Bihar,GAYA,SANJAY DESHMUKH,Solar Light Installation,"Solar light installation near Andouli hanuman mandir, GAYA",229174.03,26-03-2025,23-06-2025,Jai Hind Infrastructure,New Recommendation
WS/29887/2024/00067,West Bengal,TAMLUK,ABHAY KUMAR SINHA,School Building Repair,"Construction of additional classroom at Shanti Nagar school, TAMLUK",1088445.18,11-11-2024,28-11-2025,Progressive Engineers & Contractors,Completed
WS/68429/2024/00235,Maharashtra,PUNE,ADV ADOOR PRAKASH,Streetlight Installation,"LED streetlight installation along Vivekanand Marg road, PUNE",486083.86,23-10-2024,15-10-2025,Deep Construction Co.,Ongoing
WS/15014/2023/00036,West Bengal,KANTHI,AASHTIKAR PATIL NAGESH BAPURAO,Road Construction,"Widening and strengthening of road near Ram Nagar village, KANTHI",2290965.3,24-12-2023,23-05-2024,Jai Hind Infrastructure,New Recommendation
WS/22672/2024/00171,West Bengal,HOWRAH,RAVI SHANKAR PRASAD JI,Community Hall,"Multipurpose community centre building at Subhash Nagar panchayat, HOWRAH",3563278.29,29-12-2024,05-01-2026,Om Sai Infra Pvt Ltd,Ongoing
WS/53399/2023/00500,Maharashtra,NANDURBAR(ST),ABU TAHER KHAN,Road Construction,Construction of concrete road from Ram Nagar to Andouli in NANDURBAR(ST),1910570.69,08-05-2023,19-09-2023,Shree Balaji Construction Co.,New Recommendation
WS/78864/2024/00371,Uttar Pradesh,VARANASI,VIKRAM SINGH RATHORE,Solar Light Installation,"Solar light installation near Gandhi Chowk hanuman mandir, VARANASI",300436.95,01-04-2024,07-07-2024,Deep Construction Co.,New Recommendation
WS/61987/2025/00208,Maharashtra,NANDURBAR(ST),ADITYA YADAV,Water Supply / Handpump,"Water supply pipeline extension to Gandhi Chowk area, NANDURBAR(ST)",282121.34,12-05-2025,13-03-2026,Ganesh Engineering Works,Ongoing
WS/83680/2025/00428,West Bengal,MURSHIDABAD,ANITA JOSHI,Streetlight Installation,"LED streetlight installation along Bazaar Road road, MURSHIDABAD",474252.15,13-06-2025,18-04-2026,Bharat Infra Solutions,New Recommendation
WS/25842/2023/00712,Kerala,IDUKKI,RAVI SHANKAR PRASAD JI,Community Hall,"Multipurpose community centre building at Vivekanand Marg panchayat, IDUKKI",3804243.39,31-07-2023,02-08-2024,Sri Lakshmi Contractors,Completed
WS/58717/2025/00331,Kerala,ATTINGAL,ADV ADOOR PRAKASH,Community Hall,"Multipurpose community centre building at Nehru Path panchayat, ATTINGAL",2058319.81,09-09-2025,14-04-2026,Sri Lakshmi Contractors,New Recommendation
WS/92716/2023/00826,Uttar Pradesh,VARANASI,ADV GOWAAL KAGADA PADAVI,Streetlight Installation,"LED streetlight installation along Gandhi Chowk road, VARANASI",595650.8,05-08-2023,21-02-2024,Deep Construction Co.,Sanctioned
WS/59840/2023/00341,Uttar Pradesh,BADAUN,ABHIJIT GANGOPADHYAY,Water Supply / Handpump,"Water supply pipeline extension to Ram Nagar area, BADAUN",785284.01,20-05-2023,16-09-2023,Sri Lakshmi Contractors,Sanctioned
WS/68385/2024/00676,Kerala,IDUKKI,RAJESH KUMAR SHARMA,Water Supply / Handpump,"Water supply pipeline extension to Subhash Nagar area, IDUKKI",267278.05,11-04-2024,27-02-2025,Ganesh Engineering Works,Sanctioned
WS/34102/2025/00433,Bihar,PATNA_SAHIB,RAJESH KUMAR SHARMA,Water Supply / Handpump,"Installation of handpump at Andouli village, PATNA_SAHIB",610843.84,14-12-2025,30-09-2026,Sri Lakshmi Contractors,Ongoing
WS/64702/2024/00611,Uttar Pradesh,LUCKNOW,ADITYA YADAV,Solar Light Installation,"Solar light installation near Ambedkar Colony hanuman mandir, LUCKNOW",413969.86,19-12-2024,13-11-2025,United Rural Builders,Completed
WS/59106/2024/00809,Maharashtra,HINGOLI,SANJAY DESHMUKH,Streetlight Installation,"Installation of streetlights at Shanti Nagar chowk, HINGOLI",337579.05,21-01-2024,27-10-2024,National Builders & Contractors,Ongoing
WS/78271/2023/00794,Jammu And Kashmir,JAMMU,MEERA IYER,Water Supply / Handpump,"Water supply pipeline extension to Subhash Nagar area, JAMMU",814132.34,16-08-2023,05-03-2024,New India Construction Co.,Completed
WS/48230/2024/00281,Kerala,ERNAKULAM,ABHAY KUMAR SINHA,Streetlight Installation,"LED streetlight installation along Nehru Path road, ERNAKULAM",405519.33,19-06-2024,23-07-2025,National Builders & Contractors,Ongoing
WS/48729/2024/00679,West Bengal,KANTHI,ABU TAHER KHAN,Drainage / Nala,"Construction of drainage/nala near Bazaar Road area, KANTHI",915882.54,02-02-2024,07-08-2024,United Rural Builders,Sanctioned
WS/49602/2024/00325,Kerala,KOTTAYAM,SANJAY DESHMUKH,School Building Repair,"Construction of additional classroom at Panchayat Bhavan Marg school, KOTTAYAM",1592220.64,14-07-2024,19-01-2025,Ganesh Engineering Works,Sanctioned
WS/93037/2023/00933,Bihar,GAYA,PRIYA VERMA,Streetlight Installation,"Installation of streetlights at Ambedkar Colony chowk, GAYA",569623.54,16-07-2023,25-05-2024,Shree Balaji Construction Co.,Completed
WS/69129/2023/00378,Jammu And Kashmir,SRINAGAR,RAVI SHANKAR PRASAD JI,Road Construction,"Widening and strengthening of road near Panchayat Bhavan Marg village, SRINAGAR",1777435.9,20-11-2023,30-05-2024,Sri Lakshmi Contractors,Sanctioned
WS/24540/2025/00945,Maharashtra,AURANGABAD_MH,ABU TAHER KHAN,Drainage / Nala,"Construction of drainage/nala near Ambedkar Colony area, AURANGABAD_MH",864694.21,13-01-2025,04-01-2026,Shree Balaji Construction Co.,Completed
WS/31798/2025/00021,Uttar Pradesh,BADAUN,ABDUL RASHID SHEIKH,Water Supply / Handpump,"Water supply pipeline extension to Subhash Nagar area, BADAUN",899497.73,04-08-2025,10-10-2025,Om Sai Infra Pvt Ltd,Ongoing
WS/86499/2025/00953,Uttar Pradesh,KANPUR,ADITYA YADAV,Community Hall,"Construction of community hall at Shanti Nagar, BARAMULLAH",1932398.79,04-03-2025,23-09-2025,Sri Lakshmi Contractors,Completed
WS/74788/2025/00527,Jammu And Kashmir,SRINAGAR,PRIYA VERMA,Road Construction,Construction of concrete road from Panchayat Bhavan Marg to Panchayat Bhavan Marg in SRINAGAR,1817040.61,02-03-2025,02-03-2026,Sri Lakshmi Contractors,New Recommendation
WS/22648/2023/00615,Uttar Pradesh,BADAUN,VIKRAM SINGH RATHORE,Road Construction,Construction of concrete road from Ram Nagar to Bazaar Road in BADAUN,2344499.81,15-05-2023,16-08-2023,Bharat Infra Solutions,Completed
WS/16932/2025/00607,Bihar,AURANGABAD_BR,ABDUL RASHID SHEIKH,Drainage / Nala,"Covered drain construction from Nehru Path to Vivekanand Marg, AURANGABAD_BR",587713.0,16-09-2025,23-01-2026,New India Construction Co.,Ongoing
WS/65771/2024/00062,Jammu And Kashmir,SRINAGAR,ADV ADOOR PRAKASH,Community Hall,"Multipurpose community centre building at Kisan Nagar panchayat, SRINAGAR",3159900.05,12-04-2024,08-02-2025,United Rural Builders,New Recommendation
WS/13418/2023/00487,Jammu And Kashmir,BARAMULLAH,ADV DEAN KURIAKOSE,Streetlight Installation,"LED streetlight installation along Vivekanand Marg road, BARAMULLAH",405169.39,23-11-2023,22-11-2024,Ganesh Engineering Works,Ongoing
WS/38019/2025/00957,Bihar,AURANGABAD_BR,ADV K FRANCIS GEORGE,School Building Repair,"Construction of additional classroom at Gandhi Chowk school, VARANASI",816376.1,05-03-2025,09-05-2025,Deep Construction Co.,New Recommendation
WS/93726/2024/00550,West Bengal,MURSHIDABAD,ABHIJIT GANGOPADHYAY,Water Supply / Handpump,"Water supply pipeline extension to Ambedkar Colony area, MURSHIDABAD",328984.09,27-01-2024,21-11-2024,Progressive Engineers & Contractors,Completed
WS/37490/2025/00638,Kerala,ATTINGAL,ADV K FRANCIS GEORGE,Community Hall,"Multipurpose community centre building at Vivekanand Marg panchayat, ATTINGAL",1668174.44,29-06-2025,26-05-2026,Metro Civil Works Pvt Ltd,Sanctioned
WS/39591/2024/00845,Kerala,ERNAKULAM,ABHAY KUMAR SINHA,Community Hall,"Construction of community hall at Nehru Path, ERNAKULAM",3100443.72,06-04-2024,22-11-2024,Bharat Infra Solutions,Ongoing
WS/25203/2025/00543,Kerala,ERNAKULAM,ADHIKARI SOUMENDU,Drainage / Nala,"Covered drain construction from Andouli to Shanti Nagar, ERNAKULAM",819981.65,10-08-2025,03-04-2026,Shree Balaji Construction Co.,New Recommendation
WS/54267/2023/00694,Maharashtra,PUNE,ADV DEAN KURIAKOSE,Community Hall,"Construction of community hall at Subhash Nagar, PUNE",3192319.65,26-09-2023,08-08-2024,Shree Balaji Construction Co.,Completed
WS/12596/2024/00799,West Bengal,MURSHIDABAD,VIKRAM SINGH RATHORE,School Building Repair,"Repair and renovation of Govt. School building at Subhash Nagar, MURSHIDABAD",991776.16,15-12-2024,22-09-2025,National Builders & Contractors,Sanctioned
WS/33255/2024/00402,Maharashtra,HINGOLI,ADITYA YADAV,Streetlight Installation,"Installation of streetlights at Ambedkar Colony chowk, HINGOLI",536816.26,29-08-2024,30-05-2025,National Builders & Contractors,Completed
WS/23970/2023/00406,Uttar Pradesh,BADAUN,ANITA JOSHI,Road Construction,"CC road construction at Shanti Nagar ward, BADAUN",1437550.8,28-10-2023,05-06-2024,Sri Lakshmi Contractors,New Recommendation
WS/19807/2023/00085,Maharashtra,NAGPUR,ABHIJIT GANGOPADHYAY,Streetlight Installation,"LED streetlight installation along Ambedkar Colony road, NAGPUR",559698.75,16-04-2023,27-08-2023,Sri Lakshmi Contractors,Ongoing
WS/46760/2025/00510,Uttar Pradesh,BADAUN,ADITYA YADAV,Streetlight Installation,"LED streetlight installation along Andouli road, BADAUN",458471.99,27-06-2025,23-02-2026,Om Sai Infra Pvt Ltd,Ongoing
WS/53165/2023/00964,Kerala,ATTINGAL,ADV DEAN KURIAKOSE,Drainage / Nala,"Construction of drainage/nala near Kisan Nagar area, GAYA",115076.66,20-05-2023,21-12-2023,Om Sai Infra Pvt Ltd,New Recommendation
WS/24131/2025/00614,Kerala,ATTINGAL,ABHAY KUMAR SINHA,Road Construction,"CC road construction at Andouli ward, ATTINGAL",2116976.92,15-05-2025,19-02-2026,Shree Balaji Construction Co.,Ongoing
WS/78732/2024/00215,Bihar,AURANGABAD_BR,ANITA JOSHI,Solar Light Installation,"Solar light installation near Shanti Nagar hanuman mandir, AURANGABAD_BR",344250.68,14-06-2024,12-11-2024,Om Sai Infra Pvt Ltd,Completed
WS/91560/2024/00050,Maharashtra,NAGPUR,ADV K FRANCIS GEORGE,Water Supply / Handpump,"Water supply pipeline extension to Station Road area, NAGPUR",675399.32,19-05-2024,10-10-2024,Metro Civil Works Pvt Ltd,Ongoing
WS/99300/2023/00671,West Bengal,TAMLUK,ADV ADOOR PRAKASH,Solar Light Installation,"Solar street light at Panchayat Bhavan Marg chowk parisar, TAMLUK",274338.77,06-07-2023,19-02-2024,Shree Balaji Construction Co.,New Recommendation
WS/29476/2025/00082,Uttar Pradesh,VARANASI,AASHTIKAR PATIL NAGESH BAPURAO,Community Hall,"Multipurpose community centre building at Ambedkar Colony panchayat, VARANASI",3315127.46,05-08-2025,31-07-2026,Jai Hind Infrastructure,Sanctioned
WS/80436/2024/00880,Maharashtra,HINGOLI,RAJESH KUMAR SHARMA,Drainage / Nala,"Construction of drainage/nala near Panchayat Bhavan Marg area, HINGOLI",957429.01,12-01-2024,10-06-2024,Bharat Infra Solutions,Completed
WS/22358/2025/00465,Bihar,AURANGABAD_BR,ADITYA YADAV,Solar Light Installation,"Solar street light at Andouli chowk parisar, AURANGABAD_BR",210216.64,30-05-2025,17-12-2025,United Rural Builders,Ongoing
WS/45405/2023/00844,West Bengal,MURSHIDABAD,ADV K FRANCIS GEORGE,Solar Light Installation,"Solar light installation near Ram Nagar hanuman mandir, MURSHIDABAD",251769.5,27-04-2023,30-04-2024,Ganesh Engineering Works,Completed
WS/24089/2025/00169,Maharashtra,PUNE,VIKRAM SINGH RATHORE,Streetlight Installation,"LED streetlight installation along Subhash Nagar road, PUNE",547052.76,29-01-2025,25-11-2025,Bharat Infra Solutions,Completed
WS/13966/2024/00522,Bihar,PATNA_SAHIB,ADHIKARI SOUMENDU,Water Supply / Handpump,"Installation of handpump at Ram Nagar village, PATNA_SAHIB",842085.1,04-03-2024,16-10-2024,Metro Civil Works Pvt Ltd,Sanctioned
WS/59425/2024/00761,Jammu And Kashmir,BARAMULLAH,ADITYA YADAV,School Building Repair,"Construction of additional classroom at Bazaar Road school, BARAMULLAH",1608435.57,10-05-2024,28-10-2024,Bharat Infra Solutions,Sanctioned
WS/31157/2024/00728,Kerala,ERNAKULAM,RAJESH KUMAR SHARMA,Solar Light Installation,"Solar light installation near Kisan Nagar hanuman mandir, ERNAKULAM",321272.43,20-11-2024,07-10-2025,Bharat Infra Solutions,Completed
WS/25264/2023/00686,West Bengal,MURSHIDABAD,ABHAY KUMAR SINHA,Community Hall,"Multipurpose community centre building at Shanti Nagar panchayat, MURSHIDABAD",3424302.87,30-08-2023,27-06-2024,Sri Lakshmi Contractors,Completed
WS/76444/2023/00353,West Bengal,MURSHIDABAD,ABHAY KUMAR SINHA,Solar Light Installation,"Solar street light at Gandhi Chowk chowk parisar, MURSHIDABAD",272076.79,03-12-2023,19-07-2024,Bharat Infra Solutions,Completed
WS/56388/2024/00225,Jammu And Kashmir,SRINAGAR,MEERA IYER,Streetlight Installation,"LED streetlight installation along Station Road road, SRINAGAR",399633.0,22-05-2024,11-09-2024,Shree Balaji Construction Co.,Completed
WS/59710/2025/00217,Bihar,GAYA,ABHAY KUMAR SINHA,Water Supply / Handpump,"Water supply pipeline extension to Subhash Nagar area, GAYA",894172.29,25-01-2025,11-04-2025,Om Sai Infra Pvt Ltd,Sanctioned
WS/36171/2024/00307,West Bengal,HOWRAH,ABU TAHER KHAN,Road Construction,Construction of concrete road from Ram Nagar to Andouli in HOWRAH,1413409.17,11-06-2024,23-09-2024,Bharat Infra Solutions,Sanctioned
WS/84205/2024/00255,West Bengal,MURSHIDABAD,VIKRAM SINGH RATHORE,Community Hall,"Construction of community hall at Ambedkar Colony, MURSHIDABAD",2307162.87,16-01-2024,04-09-2024,United Rural Builders,Ongoing
WS/27888/2023/00781,West Bengal,KANTHI,PRIYA VERMA,Solar Light Installation,"Solar street light at Vivekanand Marg chowk parisar, KANTHI",168041.25,09-05-2023,13-07-2023,Bharat Infra Solutions,Completed
WS/61260/2025/00777,West Bengal,HOWRAH,ABDUL RASHID SHEIKH,Water Supply / Handpump,"Water supply pipeline extension to Bazaar Road area, HOWRAH",263771.87,21-01-2025,10-11-2025,New India Construction Co.,New Recommendation
WS/95957/2024/00683,Kerala,ATTINGAL,SANJAY DESHMUKH,Streetlight Installation,"LED streetlight installation along Ambedkar Colony road, ATTINGAL",158061.85,09-05-2024,05-09-2024,Shree Balaji Construction Co.,Ongoing
WS/64596/2025/00589,Jammu And Kashmir,SRINAGAR,ABU TAHER KHAN,Solar Light Installation,"Solar light installation near Panchayat Bhavan Marg hanuman mandir, SRINAGAR",171489.66,30-11-2025,16-12-2026,Shree Balaji Construction Co.,New Recommendation
WS/24246/2024/00859,Bihar,AURANGABAD_BR,VIKRAM SINGH RATHORE,School Building Repair,"Construction of additional classroom at Ambedkar Colony school, AURANGABAD_BR",924033.25,08-04-2024,12-01-2025,National Builders & Contractors,New Recommendation
WS/68479/2024/00709,Kerala,ERNAKULAM,SANJAY DESHMUKH,Road Construction,"CC road construction at Ram Nagar ward, ERNAKULAM",956822.64,09-06-2024,13-10-2024,Metro Civil Works Pvt Ltd,Ongoing
WS/59998/2023/00744,Maharashtra,PUNE,SANJAY DESHMUKH,Road Construction,"CC road construction at Subhash Nagar ward, PUNE",973106.89,28-05-2023,08-05-2024,Shree Balaji Construction Co.,New Recommendation
WS/31694/2023/00875,Bihar,AURANGABAD_BR,ABDUL RASHID SHEIKH,Solar Light Installation,"Solar street light at Ambedkar Colony chowk parisar, AURANGABAD_BR",440365.9,12-10-2023,01-07-2024,Metro Civil Works Pvt Ltd,Completed
WS/57948/2024/00390,Uttar Pradesh,KANPUR,ADITYA YADAV,Road Construction,"CC road construction at Subhash Nagar ward, KANPUR",1737709.8,08-10-2024,09-09-2025,Metro Civil Works Pvt Ltd,Ongoing
WS/55977/2024/00979,Uttar Pradesh,LUCKNOW,ABU TAHER KHAN,Solar Light Installation,"Solar light installation near Andouli hanuman mandir, VARANASI",132868.53,06-02-2024,24-09-2024,Metro Civil Works Pvt Ltd,Sanctioned
WS/25674/2023/00606,Uttar Pradesh,VARANASI,VIKRAM SINGH RATHORE,Streetlight Installation,"Installation of streetlights at Vivekanand Marg chowk, VARANASI",346230.83,21-12-2023,05-01-2025,Progressive Engineers & Contractors,Sanctioned
WS/18523/2025/00743,Maharashtra,NAGPUR,ABHIJIT GANGOPADHYAY,Road Construction,"Widening and strengthening of road near Shanti Nagar village, NAGPUR",2456693.48,25-10-2025,10-01-2026,Sri Lakshmi Contractors,New Recommendation
WS/27895/2023/00245,Jammu And Kashmir,BARAMULLAH,ADV K FRANCIS GEORGE,Solar Light Installation,"Solar street light at Gandhi Chowk chowk parisar, BARAMULLAH",257850.34,25-05-2023,23-01-2024,Shree Balaji Construction Co.,Sanctioned
WS/79603/2025/00336,West Bengal,HOWRAH,AASHTIKAR PATIL NAGESH BAPURAO,Road Construction,"CC road construction at Gandhi Chowk ward, HOWRAH",1707430.42,18-04-2025,25-12-2025,Shree Balaji Construction Co.,New Recommendation
WS/29871/2025/00699,Bihar,GAYA,ADHIKARI SOUMENDU,Road Construction,Construction of concrete road from Station Road to Subhash Nagar in GAYA,1252226.57,02-04-2025,30-12-2025,New India Construction Co.,Ongoing
WS/21300/2025/00269,Kerala,ATTINGAL,ADV GOWAAL KAGADA PADAVI,Water Supply / Handpump,"Water supply pipeline extension to Subhash Nagar area, ATTINGAL",506240.23,02-12-2025,02-06-2026,Shree Balaji Construction Co.,Ongoing
WS/55029/2025/00537,Jammu And Kashmir,SRINAGAR,ABHAY KUMAR SINHA,Water Supply / Handpump,"Water supply pipeline extension to Station Road area, SRINAGAR",643581.36,26-06-2025,17-06-2026,Bharat Infra Solutions,Completed
WS/86434/2024/00194,Uttar Pradesh,LUCKNOW,ADHIKARI SOUMENDU,Community Hall,"Multipurpose community centre building at Ambedkar Colony panchayat, LUCKNOW",3636215.02,26-06-2024,23-10-2024,Progressive Engineers & Contractors,Ongoing
WS/14405/2025/00412,West Bengal,TAMLUK,ADITYA YADAV,Solar Light Installation,"Solar light installation near Bazaar Road hanuman mandir, TAMLUK",329909.48,02-07-2025,23-05-2026,Bharat Infra Solutions,Ongoing
WS/28098/2024/00177,West Bengal,MURSHIDABAD,SANJAY DESHMUKH,Water Supply / Handpump,"Water supply pipeline extension to Station Road area, MURSHIDABAD",342724.18,26-08-2024,03-09-2025,Metro Civil Works Pvt Ltd,Completed
WS/67684/2023/00261,Jammu And Kashmir,JAMMU,ABU TAHER KHAN,Road Construction,Construction of concrete road from Vivekanand Marg to Kisan Nagar in JAMMU,1701864.07,09-04-2023,15-04-2024,Progressive Engineers & Contractors,Ongoing
WS/92700/2023/00804,Kerala,ATTINGAL,PRIYA VERMA,School Building Repair,"Repair and renovation of Govt. School building at Kisan Nagar, ATTINGAL",1429929.89,05-12-2023,04-10-2024,Shree Balaji Construction Co.,New Recommendation
WS/81766/2025/00714,West Bengal,TAMLUK,ADV GOWAAL KAGADA PADAVI,Community Hall,"Construction of community hall at Vivekanand Marg, TAMLUK",2038953.64,17-07-2025,23-05-2026,Shree Balaji Construction Co.,Completed
WS/84743/2024/00718,Uttar Pradesh,BADAUN,RAVI SHANKAR PRASAD JI,Road Construction,"Widening and strengthening of road near Station Road village, BADAUN",1127125.45,24-12-2024,26-11-2025,Jai Hind Infrastructure,Completed
WS/92245/2023/00887,Uttar Pradesh,KANPUR,ADHIKARI SOUMENDU,Community Hall,"Construction of community hall at Station Road, KANPUR",2329390.8,06-09-2023,08-03-2024,Shree Balaji Construction Co.,New Recommendation
WS/85197/2024/00419,Kerala,KOTTAYAM,ABHAY KUMAR SINHA,Streetlight Installation,"Installation of streetlights at Nehru Path chowk, KOTTAYAM",569128.31,31-07-2024,08-03-2025,New India Construction Co.,Ongoing
WS/35106/2025/00617,Uttar Pradesh,LUCKNOW,ANITA JOSHI,Streetlight Installation,"Installation of streetlights at Nehru Path chowk, LUCKNOW",180751.67,18-07-2025,09-07-2026,Shree Balaji Construction Co.,Ongoing
WS/20828/2024/00149,West Bengal,HOWRAH,PRIYA VERMA,Community Hall,"Construction of community hall at Kisan Nagar, HOWRAH",3934308.96,21-08-2024,01-07-2025,New India Construction Co.,New Recommendation
WS/58530/2025/00928,Bihar,GAYA,PRIYA VERMA,Drainage / Nala,"Covered drain construction from Vivekanand Marg to Andouli, GAYA",613277.0,01-12-2025,07-05-2026,Shree Balaji Construction Co.,Completed
WS/26401/2023/00902,Uttar Pradesh,VARANASI,ANITA JOSHI,Drainage / Nala,"Covered drain construction from Kisan Nagar to Gandhi Chowk, VARANASI",2224512.91,08-09-2023,25-03-2024,Om Sai Infra Pvt Ltd,Sanctioned
WS/10702/2025/00663,Jammu And Kashmir,SRINAGAR,RAJESH KUMAR SHARMA,Streetlight Installation,"LED streetlight installation along Nehru Path road, SRINAGAR",572694.87,16-12-2025,17-12-2026,Deep Construction Co.,Completed
WS/14385/2024/00535,Uttar Pradesh,KANPUR,ADV ADOOR PRAKASH,Water Supply / Handpump,"Water supply pipeline extension to Andouli area, KANPUR",551210.16,25-05-2024,29-04-2025,Jai Hind Infrastructure,New Recommendation
WS/45986/2025/00151,Jammu And Kashmir,JAMMU,MEERA IYER,Community Hall,"Construction of community hall at Panchayat Bhavan Marg, JAMMU",2617824.15,14-04-2025,10-12-2025,Jai Hind Infrastructure,Sanctioned
WS/88924/2023/00841,Kerala,ATTINGAL,ABDUL RASHID SHEIKH,Drainage / Nala,"Covered drain construction from Station Road to Gandhi Chowk, ATTINGAL",333060.55,24-08-2023,24-03-2024,Ganesh Engineering Works,Ongoing
WS/81989/2024/00192,Uttar Pradesh,LUCKNOW,ADV ADOOR PRAKASH,Drainage / Nala,"Construction of drainage/nala near Ambedkar Colony area, LUCKNOW",730363.71,09-07-2024,14-07-2025,New India Construction Co.,Sanctioned
WS/22265/2025/00669,Kerala,ERNAKULAM,MEERA IYER,School Building Repair,"Repair and renovation of Govt. School building at Gandhi Chowk, ERNAKULAM",557487.24,07-04-2025,20-08-2025,Om Sai Infra Pvt Ltd,New Recommendation
WS/15100/2024/00172,Uttar Pradesh,VARANASI,ABU TAHER KHAN,Drainage / Nala,"Covered drain construction from Shanti Nagar to Kisan Nagar, VARANASI",842216.66,16-05-2024,28-03-2025,Shree Balaji Construction Co.,Completed
WS/69372/2025/00528,Maharashtra,NANDURBAR(ST),ABU TAHER KHAN,Streetlight Installation,"LED streetlight installation along Station Road road, NANDURBAR(ST)",556465.2,11-01-2025,12-03-2025,National Builders & Contractors,Ongoing
WS/38199/2024/00168,West Bengal,KANTHI,VIKRAM SINGH RATHORE,Road Construction,Construction of concrete road from Bazaar Road to Vivekanand Marg in KANTHI,953083.46,07-05-2024,21-03-2025,Metro Civil Works Pvt Ltd,Ongoing
WS/88504/2024/00013,Kerala,KOTTAYAM,ANITA JOSHI,Streetlight Installation,"Installation of streetlights at Vivekanand Marg chowk, KOTTAYAM",239510.0,17-04-2024,06-09-2024,United Rural Builders,Completed
WS/15776/2024/00747,Bihar,PATNA_SAHIB,SANJAY DESHMUKH,School Building Repair,"Construction of additional classroom at Andouli school, PATNA_SAHIB",1414472.25,29-06-2024,01-12-2024,Ganesh Engineering Works,Ongoing
WS/86271/2024/00145,Bihar,PATNA_SAHIB,AASHTIKAR PATIL NAGESH BAPURAO,Community Hall,"Construction of community hall at Kisan Nagar, PATNA_SAHIB",3471300.04,19-03-2024,18-09-2024,Deep Construction Co.,Completed
WS/43791/2025/00405,West Bengal,MURSHIDABAD,ADV DEAN KURIAKOSE,School Building Repair,"Repair and renovation of Govt. School building at Gandhi Chowk, MURSHIDABAD",1472202.45,18-10-2025,28-01-2026,Bharat Infra Solutions,Sanctioned
WS/92840/2023/00575,Jammu And Kashmir,BARAMULLAH,MEERA IYER,Drainage / Nala,"Construction of drainage/nala near Vivekanand Marg area, BARAMULLAH",648597.27,18-08-2023,07-06-2024,Deep Construction Co.,Ongoing
WS/51120/2023/00654,Kerala,IDUKKI,MEERA IYER,Solar Light Installation,"Solar light installation near Bazaar Road hanuman mandir, IDUKKI",324384.58,04-04-2023,25-12-2023,Ganesh Engineering Works,New Recommendation
WS/95561/2024/00468,Maharashtra,HINGOLI,ADV K FRANCIS GEORGE,Community Hall,"Multipurpose community centre building at Bazaar Road panchayat, HINGOLI",3699481.26,18-06-2024,18-03-2025,Om Sai Infra Pvt Ltd,Ongoing
WS/34881/2023/00167,Maharashtra,PUNE,PRIYA VERMA,Solar Light Installation,"Solar street light at Shanti Nagar chowk parisar, PUNE",315382.11,11-12-2023,30-04-2024,New India Construction Co.,New Recommendation
WS/76655/2025/00479,Bihar,AURANGABAD_BR,AASHTIKAR PATIL NAGESH BAPURAO,Community Hall,"Multipurpose community centre building at Kisan Nagar panchayat, AURANGABAD_BR",3668526.11,24-01-2025,08-10-2025,Ganesh Engineering Works,Sanctioned
WS/49066/2024/00381,West Bengal,MURSHIDABAD,RAVI SHANKAR PRASAD JI,Drainage / Nala,"Covered drain construction from Panchayat Bhavan Marg to Kisan Nagar, MURSHIDABAD",422743.31,05-05-2024,09-04-2025,Bharat Infra Solutions,Ongoing
WS/82512/2023/00360,West Bengal,HOWRAH,ANITA JOSHI,Drainage / Nala,"Covered drain construction from Subhash Nagar to Bazaar Road, HOWRAH",1167469.28,05-04-2023,01-03-2024,Deep Construction Co.,Completed
WS/28351/2025/00262,Kerala,IDUKKI,SANJAY DESHMUKH,Streetlight Installation,"LED streetlight installation along Ram Nagar road, IDUKKI",458954.78,28-08-2025,15-02-2026,Om Sai Infra Pvt Ltd,Completed
WS/70931/2025/00058,Jammu And Kashmir,SRINAGAR,ADHIKARI SOUMENDU,Water Supply / Handpump,"Water supply pipeline extension to Subhash Nagar area, SRINAGAR",565222.72,26-01-2025,12-08-2025,Jai Hind Infrastructure,Sanctioned
WS/97797/2023/00351,West Bengal,TAMLUK,ABHAY KUMAR SINHA,Community Hall,"Construction of community hall at Vivekanand Marg, TAMLUK",3137433.92,13-04-2023,06-03-2024,Deep Construction Co.,Ongoing
WS/11620/2024/00314,Maharashtra,HINGOLI,PRIYA VERMA,Streetlight Installation,"LED streetlight installation along Kisan Nagar road, HINGOLI",328809.75,28-02-2024,16-09-2024,United Rural Builders,Sanctioned
WS/47606/2024/00040,Kerala,ERNAKULAM,ADHIKARI SOUMENDU,Streetlight Installation,"LED streetlight installation along Gandhi Chowk road, ERNAKULAM",406097.36,20-05-2024,25-04-2025,Shree Balaji Construction Co.,New Recommendation
WS/50481/2023/00792,West Bengal,MURSHIDABAD,ANITA JOSHI,Streetlight Installation,"LED streetlight installation along Gandhi Chowk road, MURSHIDABAD",467083.11,14-04-2023,10-10-2023,Shree Balaji Construction Co.,Completed
WS/85166/2025/00180,Bihar,PATNA_SAHIB,RAJESH KUMAR SHARMA,Streetlight Installation,"LED streetlight installation along Panchayat Bhavan Marg road, PATNA_SAHIB",570165.17,23-06-2025,09-01-2026,Bharat Infra Solutions,Completed
WS/27157/2025/00829,Uttar Pradesh,VARANASI,ADV GOWAAL KAGADA PADAVI,Water Supply / Handpump,"Installation of handpump at Vivekanand Marg village, VARANASI",846144.65,18-03-2025,21-02-2026,Sri Lakshmi Contractors,Completed
WS/81884/2023/00434,Kerala,KOTTAYAM,ABHAY KUMAR SINHA,Drainage / Nala,"Covered drain construction from Andouli to Andouli, KOTTAYAM",450219.42,15-07-2023,31-10-2023,Om Sai Infra Pvt Ltd,Sanctioned
WS/68652/2024/00909,Jammu And Kashmir,JAMMU,ABU TAHER KHAN,Drainage / Nala,"Covered drain construction from Shanti Nagar to Vivekanand Marg, JAMMU",5280276.27,26-08-2024,16-07-2025,Deep Construction Co.,New Recommendation
WS/95979/2025/00181,West Bengal,KANTHI,ABU TAHER KHAN,Community Hall,"Multipurpose community centre building at Nehru Path panchayat, KANTHI",1605166.22,04-12-2025,14-03-2026,New India Construction Co.,Sanctioned
WS/13771/2024/00660,Uttar Pradesh,LUCKNOW,ADV GOWAAL KAGADA PADAVI,Water Supply / Handpump,"Installation of handpump at Nehru Path village, LUCKNOW",674032.06,02-06-2024,01-11-2024,Sri Lakshmi Contractors,Ongoing
WS/94675/2025/00132,Jammu And Kashmir,JAMMU,ABHAY KUMAR SINHA,Community Hall,"Multipurpose community centre building at Panchayat Bhavan Marg panchayat, JAMMU",2897305.18,18-01-2025,03-09-2025,National Builders & Contractors,Completed
WS/49121/2025/00326,Uttar Pradesh,BADAUN,AASHTIKAR PATIL NAGESH BAPURAO,Streetlight Installation,"LED streetlight installation along Panchayat Bhavan Marg road, BADAUN",599743.22,15-12-2025,23-08-2026,United Rural Builders,New Recommendation
WS/99399/2025/00032,West Bengal,MURSHIDABAD,ABDUL RASHID SHEIKH,Community Hall,"Construction of community hall at Gandhi Chowk, MURSHIDABAD",2411628.79,11-11-2025,30-01-2026,New India Construction Co.,Ongoing
WS/98826/2024/00323,Bihar,AURANGABAD_BR,PRIYA VERMA,Road Construction,"CC road construction at Gandhi Chowk ward, AURANGABAD_BR",1076942.59,06-11-2024,24-04-2025,Ganesh Engineering Works,Ongoing
WS/12942/2023/00398,Kerala,ATTINGAL,VIKRAM SINGH RATHORE,Water Supply / Handpump,"Installation of handpump at Gandhi Chowk village, ATTINGAL",535170.25,02-11-2023,29-10-2024,National Builders & Contractors,Sanctioned
WS/30677/2023/00566,Uttar Pradesh,LUCKNOW,MEERA IYER,Drainage / Nala,"Construction of drainage/nala near Andouli area, LUCKNOW",1133107.98,12-05-2023,17-09-2023,Om Sai Infra Pvt Ltd,Sanctioned
WS/49062/2024/00722,Bihar,PATNA_SAHIB,ADHIKARI SOUMENDU,Road Construction,"Widening and strengthening of road near Subhash Nagar village, PATNA_SAHIB",1844608.23,28-02-2024,29-07-2024,Shree Balaji Construction Co.,Completed
WS/75973/2024/00337,Maharashtra,NANDURBAR(ST),ADV ADOOR PRAKASH,Water Supply / Handpump,"Installation of handpump at Bazaar Road village, NANDURBAR(ST)",813889.59,14-02-2024,19-06-2024,Om Sai Infra Pvt Ltd,Sanctioned
WS/83273/2024/00330,Jammu And Kashmir,JAMMU,RAVI SHANKAR PRASAD JI,Drainage / Nala,"Covered drain construction from Shanti Nagar to Panchayat Bhavan Marg, JAMMU",564405.65,26-07-2024,28-11-2024,Deep Construction Co.,New Recommendation
WS/58177/2025/00260,West Bengal,TAMLUK,ADV ADOOR PRAKASH,School Building Repair,"Construction of additional classroom at Nehru Path school, TAMLUK",525063.51,04-07-2025,24-10-2025,Om Sai Infra Pvt Ltd,New Recommendation
WS/47304/2024/00430,Uttar Pradesh,VARANASI,RAJESH KUMAR SHARMA,Road Construction,"CC road construction at Vivekanand Marg ward, VARANASI",1499993.54,25-03-2024,30-03-2025,Ganesh Engineering Works,Ongoing
WS/35362/2025/00368,Uttar Pradesh,KANPUR,ADV ADOOR PRAKASH,Water Supply / Handpump,"Installation of handpump at Nehru Path village, KANPUR",693240.35,23-01-2025,28-09-2025,Jai Hind Infrastructure,Ongoing
WS/98000/2025/00783,Uttar Pradesh,BADAUN,ADHIKARI SOUMENDU,Community Hall,"Multipurpose community centre building at Andouli panchayat, BADAUN",1810378.46,29-04-2025,14-01-2026,National Builders & Contractors,Completed
WS/79806/2024/00120,Bihar,PATNA_SAHIB,ABHIJIT GANGOPADHYAY,Road Construction,"CC road construction at Kisan Nagar ward, PATNA_SAHIB",1645555.06,14-06-2024,10-11-2024,National Builders & Contractors,Sanctioned
WS/21086/2023/00851,Kerala,ATTINGAL,ABHAY KUMAR SINHA,Water Supply / Handpump,"Water supply pipeline extension to Kisan Nagar area, ATTINGAL",368025.72,05-07-2023,26-11-2023,Jai Hind Infrastructure,Completed
WS/12651/2025/00317,Maharashtra,NAGPUR,ADV K FRANCIS GEORGE,Water Supply / Handpump,"Water supply pipeline extension to Vivekanand Marg area, NAGPUR",366305.51,03-05-2025,02-03-2026,Bharat Infra Solutions,New Recommendation
WS/74942/2025/00076,Bihar,PATNA_SAHIB,ADV K FRANCIS GEORGE,Community Hall,"Multipurpose community centre building at Nehru Path panchayat, PATNA_SAHIB",3175333.77,26-08-2025,15-01-2026,New India Construction Co.,Sanctioned
WS/19681/2025/00090,West Bengal,KANTHI,MEERA IYER,Community Hall,"Multipurpose community centre building at Ambedkar Colony panchayat, KANTHI",3167101.79,07-10-2025,01-08-2026,Bharat Infra Solutions,Ongoing
WS/45665/2025/00117,Kerala,KOTTAYAM,ABHAY KUMAR SINHA,Road Construction,"Widening and strengthening of road near Ambedkar Colony village, KOTTAYAM",1064485.84,12-05-2025,23-05-2026,Shree Balaji Construction Co.,Completed
WS/55919/2023/00707,Bihar,GAYA,AASHTIKAR PATIL NAGESH BAPURAO,School Building Repair,"Repair and renovation of Govt. School building at Nehru Path, GAYA",874572.41,28-11-2023,19-11-2024,Jai Hind Infrastructure,Ongoing
WS/72530/2024/00439,Maharashtra,AURANGABAD_MH,ABU TAHER KHAN,Community Hall,"Multipurpose community centre building at Nehru Path panchayat, AURANGABAD_MH",2216905.62,29-09-2024,02-12-2024,Deep Construction Co.,Sanctioned
WS/48745/2023/00328,Maharashtra,AURANGABAD_MH,PRIYA VERMA,Water Supply / Handpump,"Water supply pipeline extension to Nehru Path area, AURANGABAD_MH",423710.02,22-08-2023,03-11-2023,Progressive Engineers & Contractors,Sanctioned
WS/98185/2025/00547,West Bengal,MURSHIDABAD,ADITYA YADAV,Streetlight Installation,"Installation of streetlights at Andouli chowk, MURSHIDABAD",301832.97,07-03-2025,06-08-2025,New India Construction Co.,Completed
WS/39333/2025/00521,Maharashtra,NAGPUR,ADV GOWAAL KAGADA PADAVI,Water Supply / Handpump,"Water supply pipeline extension to Shanti Nagar area, NAGPUR",651093.03,24-05-2025,18-03-2026,Metro Civil Works Pvt Ltd,Ongoing
WS/91381/2024/00093,Uttar Pradesh,KANPUR,ADV GOWAAL KAGADA PADAVI,Solar Light Installation,"Solar light installation near Nehru Path hanuman mandir, KANPUR",379601.04,12-12-2024,09-08-2025,Ganesh Engineering Works,Ongoing
WS/59326/2025/00395,West Bengal,HOWRAH,RAJESH KUMAR SHARMA,Streetlight Installation,"LED streetlight installation along Gandhi Chowk road, HOWRAH",444001.45,03-08-2025,10-11-2025,United Rural Builders,New Recommendation
WS/64040/2025/00033,Bihar,GAYA,SANJAY DESHMUKH,Streetlight Installation,"LED streetlight installation along Andouli road, GAYA",487264.93,03-11-2025,03-05-2026,National Builders & Contractors,Ongoing
WS/20336/2024/00161,Maharashtra,AURANGABAD_MH,ABU TAHER KHAN,Community Hall,"Multipurpose community centre building at Nehru Path panchayat, AURANGABAD_MH",1911642.7,25-02-2024,18-08-2024,New India Construction Co.,New Recommendation
WS/69682/2025/00501,West Bengal,MURSHIDABAD,ADHIKARI SOUMENDU,Water Supply / Handpump,"Water supply pipeline extension to Kisan Nagar area, MURSHIDABAD",399066.38,05-02-2025,04-02-2026,Jai Hind Infrastructure,Ongoing
WS/96321/2024/00837,Uttar Pradesh,KANPUR,ABHAY KUMAR SINHA,Streetlight Installation,"Installation of streetlights at Ram Nagar chowk, KANPUR",526714.77,03-10-2024,31-10-2025,Om Sai Infra Pvt Ltd,Ongoing
WS/94604/2023/00552,Jammu And Kashmir,SRINAGAR,ABHAY KUMAR SINHA,School Building Repair,"Repair and renovation of Govt. School building at Ambedkar Colony, SRINAGAR",1771190.77,23-10-2023,29-10-2024,Sri Lakshmi Contractors,Ongoing
WS/82459/2023/00779,Jammu And Kashmir,SRINAGAR,RAVI SHANKAR PRASAD JI,Community Hall,"Construction of community hall at Ram Nagar, SRINAGAR",3166642.35,08-06-2023,26-11-2023,Metro Civil Works Pvt Ltd,Sanctioned
WS/97382/2025/00624,Bihar,GAYA,ADV DEAN KURIAKOSE,Solar Light Installation,"Solar street light at Bazaar Road chowk parisar, GAYA",376322.46,19-01-2025,10-10-2025,New India Construction Co.,Sanctioned
WS/48382/2024/00502,Maharashtra,HINGOLI,ADV GOWAAL KAGADA PADAVI,Community Hall,"Construction of community hall at Ambedkar Colony, HINGOLI",2421423.56,23-04-2024,26-07-2024,Sri Lakshmi Contractors,Completed
WS/55068/2025/00594,West Bengal,KANTHI,RAJESH KUMAR SHARMA,Drainage / Nala,"Covered drain construction from Shanti Nagar to Vivekanand Marg, KANTHI",484639.83,25-03-2025,10-06-2025,Progressive Engineers & Contractors,New Recommendation
WS/47700/2025/00112,Kerala,ATTINGAL,SANJAY DESHMUKH,Community Hall,"Multipurpose community centre building at Bazaar Road panchayat, ATTINGAL",3684018.43,19-11-2025,22-08-2026,Deep Construction Co.,Completed
WS/69270/2023/00285,Bihar,PATNA_SAHIB,ANITA JOSHI,Road Construction,"CC road construction at Station Road ward, PATNA_SAHIB",1951211.74,23-12-2023,20-05-2024,Shree Balaji Construction Co.,Sanctioned
WS/34688/2024/00327,Maharashtra,PUNE,ADV DEAN KURIAKOSE,Water Supply / Handpump,"Installation of handpump at Shanti Nagar village, PUNE",427595.95,09-01-2024,20-07-2024,Progressive Engineers & Contractors,New Recommendation
WS/38905/2024/00246,West Bengal,HOWRAH,SANJAY DESHMUKH,Water Supply / Handpump,"Water supply pipeline extension to Nehru Path area, HOWRAH",787924.26,13-08-2024,05-01-2025,Om Sai Infra Pvt Ltd,Completed
WS/47649/2025/00184,Maharashtra,AURANGABAD_MH,ADHIKARI SOUMENDU,School Building Repair,"Repair and renovation of Govt. School building at Vivekanand Marg, AURANGABAD_MH",1314049.92,18-09-2025,18-07-2026,Metro Civil Works Pvt Ltd,Ongoing
WS/59160/2024/00463,Bihar,PATNA_SAHIB,SANJAY DESHMUKH,Solar Light Installation,"Solar street light at Station Road chowk parisar, PATNA_SAHIB",354053.69,14-12-2024,15-06-2025,Jai Hind Infrastructure,Ongoing
WS/93948/2024/00239,Bihar,GAYA,SANJAY DESHMUKH,School Building Repair,"Construction of additional classroom at Panchayat Bhavan Marg school, GAYA",724597.77,19-05-2024,05-06-2025,National Builders & Contractors,Ongoing
WS/19116/2024/00005,West Bengal,TAMLUK,RAVI SHANKAR PRASAD JI,Community Hall,"Construction of community hall at Andouli, TAMLUK",3573511.66,24-12-2024,26-08-2025,Jai Hind Infrastructure,Ongoing
WS/97914/2024/00833,Jammu And Kashmir,BARAMULLAH,ABHIJIT GANGOPADHYAY,Drainage / Nala,"Covered drain construction from Panchayat Bhavan Marg to Ram Nagar, BARAMULLAH",656980.32,04-02-2024,03-02-2025,National Builders & Contractors,Sanctioned
WS/28301/2025/00009,Jammu And Kashmir,JAMMU,VIKRAM SINGH RATHORE,School Building Repair,"Construction of additional classroom at Gandhi Chowk school, JAMMU",1638556.42,18-01-2025,08-11-2025,National Builders & Contractors,New Recommendation
WS/18050/2024/00631,West Bengal,KANTHI,VIKRAM SINGH RATHORE,Streetlight Installation,"Installation of streetlights at Andouli chowk, KANTHI",586891.84,22-12-2024,19-08-2025,Bharat Infra Solutions,New Recommendation
WS/40062/2023/00435,Uttar Pradesh,BADAUN,ABHIJIT GANGOPADHYAY,Community Hall,"Multipurpose community centre building at Gandhi Chowk panchayat, BADAUN",3045255.43,26-06-2023,25-07-2024,Sri Lakshmi Contractors,New Recommendation
WS/84177/2025/00092,Uttar Pradesh,VARANASI,ADV GOWAAL KAGADA PADAVI,Road Construction,Construction of concrete road from Panchayat Bhavan Marg to Kisan Nagar in VARANASI,2462505.62,03-02-2025,23-10-2025,Bharat Infra Solutions,Completed
WS/98907/2024/00136,West Bengal,KANTHI,MEERA IYER,Drainage / Nala,"Covered drain construction from Bazaar Road to Ambedkar Colony, KANTHI",780610.03,11-02-2024,07-12-2024,Ganesh Engineering Works,New Recommendation
WS/51853/2024/00165,Jammu And Kashmir,SRINAGAR,SANJAY DESHMUKH,School Building Repair,"Construction of additional classroom at Kisan Nagar school, SRINAGAR",1050219.02,14-03-2024,19-03-2025,National Builders & Contractors,New Recommendation
WS/75374/2024/00425,Uttar Pradesh,VARANASI,ADV ADOOR PRAKASH,Community Hall,"Multipurpose community centre building at Subhash Nagar panchayat, VARANASI",2678363.41,18-12-2024,10-08-2025,New India Construction Co.,Ongoing
WS/71824/2023/00292,West Bengal,KANTHI,ADHIKARI SOUMENDU,Road Construction,"CC road construction at Station Road ward, KANTHI",1342091.86,11-11-2023,25-01-2024,Bharat Infra Solutions,Completed
WS/71263/2024/00158,Jammu And Kashmir,BARAMULLAH,ADV ADOOR PRAKASH,Solar Light Installation,"Solar light installation near Station Road hanuman mandir, BARAMULLAH",272907.68,04-04-2024,13-03-2025,Jai Hind Infrastructure,New Recommendation
WS/70031/2025/00591,West Bengal,KANTHI,ADV K FRANCIS GEORGE,School Building Repair,"Repair and renovation of Govt. School building at Nehru Path, KANTHI",1230700.16,14-03-2025,08-02-2026,United Rural Builders,Sanctioned
WS/89498/2023/00869,Maharashtra,HINGOLI,ABDUL RASHID SHEIKH,Water Supply / Handpump,"Installation of handpump at Ram Nagar village, HINGOLI",721328.29,04-11-2023,28-05-2024,Metro Civil Works Pvt Ltd,New Recommendation
WS/22046/2023/00466,Jammu And Kashmir,BARAMULLAH,ADV DEAN KURIAKOSE,Community Hall,"Construction of community hall at Bazaar Road, BARAMULLAH",3724063.38,12-12-2023,08-06-2024,Bharat Infra Solutions,New Recommendation
WS/41179/2024/00498,Uttar Pradesh,VARANASI,AASHTIKAR PATIL NAGESH BAPURAO,School Building Repair,"Construction of additional classroom at Gandhi Chowk school, VARANASI",1096678.65,23-08-2024,27-07-2025,Shree Balaji Construction Co.,Sanctioned
WS/62941/2024/00555,Jammu And Kashmir,JAMMU,ADV K FRANCIS GEORGE,School Building Repair,"Repair and renovation of Govt. School building at Kisan Nagar, JAMMU",1204496.35,09-09-2024,17-07-2025,Metro Civil Works Pvt Ltd,Sanctioned
WS/13901/2025/00700,Jammu And Kashmir,SRINAGAR,SANJAY DESHMUKH,School Building Repair,"Repair and renovation of Govt. School building at Ambedkar Colony, SRINAGAR",1657291.36,30-11-2025,20-10-2026,Progressive Engineers & Contractors,New Recommendation
WS/31012/2025/00138,Bihar,GAYA,ABHIJIT GANGOPADHYAY,Water Supply / Handpump,"Installation of handpump at Nehru Path village, GAYA",792124.59,19-08-2025,20-12-2025,Bharat Infra Solutions,Completed
WS/47298/2024/00186,Jammu And Kashmir,JAMMU,ADV GOWAAL KAGADA PADAVI,Road Construction,"CC road construction at Ambedkar Colony ward, JAMMU",815754.19,02-11-2024,05-11-2025,Om Sai Infra Pvt Ltd,New Recommendation
WS/23621/2023/00376,Jammu And Kashmir,JAMMU,RAVI SHANKAR PRASAD JI,Road Construction,"CC road construction at Gandhi Chowk ward, JAMMU",1865786.23,02-11-2023,18-11-2024,Ganesh Engineering Works,Sanctioned
WS/28855/2023/00316,Bihar,PATNA_SAHIB,VIKRAM SINGH RATHORE,Streetlight Installation,"LED streetlight installation along Bazaar Road road, PATNA_SAHIB",424032.97,09-05-2023,04-10-2023,Bharat Infra Solutions,Sanctioned
WS/70637/2023/00020,Maharashtra,NANDURBAR(ST),ADITYA YADAV,Drainage / Nala,"Covered drain construction from Gandhi Chowk to Ram Nagar, NANDURBAR(ST)",782657.18,22-08-2023,24-05-2024,National Builders & Contractors,New Recommendation
WS/82856/2024/00203,West Bengal,KANTHI,ADV DEAN KURIAKOSE,Road Construction,"Widening and strengthening of road near Ambedkar Colony village, KANTHI",1746420.8,26-11-2024,24-04-2025,Progressive Engineers & Contractors,Sanctioned
WS/20917/2023/00681,Uttar Pradesh,BADAUN,ABHIJIT GANGOPADHYAY,Water Supply / Handpump,"Water supply pipeline extension to Subhash Nagar area, BADAUN",663104.83,01-10-2023,02-03-2024,Sri Lakshmi Contractors,Completed
WS/68034/2025/00416,Uttar Pradesh,VARANASI,ADV K FRANCIS GEORGE,Road Construction,"Widening and strengthening of road near Subhash Nagar village, VARANASI",2165001.81,05-12-2025,14-06-2026,United Rural Builders,New Recommendation
WS/73068/2025/00798,Uttar Pradesh,LUCKNOW,ADV GOWAAL KAGADA PADAVI,Community Hall,"Multipurpose community centre building at Ram Nagar panchayat, LUCKNOW",2941054.58,16-12-2025,05-01-2027,Ganesh Engineering Works,New Recommendation
WS/39110/2025/00422,West Bengal,KANTHI,VIKRAM SINGH RATHORE,Drainage / Nala,"Construction of drainage/nala near Bazaar Road area, KANTHI",1185955.21,24-10-2025,10-09-2026,Bharat Infra Solutions,Sanctioned
WS/75715/2023/00128,West Bengal,TAMLUK,MEERA IYER,Solar Light Installation,"Solar street light at Shanti Nagar chowk parisar, TAMLUK",300079.84,10-10-2023,21-05-2024,Jai Hind Infrastructure,Sanctioned
WS/91233/2023/00499,West Bengal,HOWRAH,MEERA IYER,Road Construction,Construction of concrete road from Panchayat Bhavan Marg to Station Road in HOWRAH,1822068.16,07-04-2023,09-10-2023,United Rural Builders,New Recommendation
WS/38266/2025/00141,West Bengal,MURSHIDABAD,VIKRAM SINGH RATHORE,School Building Repair,"Construction of additional classroom at Shanti Nagar school, MURSHIDABAD",1261487.56,14-10-2025,22-01-2026,Shree Balaji Construction Co.,New Recommendation
WS/73318/2024/00350,Uttar Pradesh,KANPUR,ADHIKARI SOUMENDU,Streetlight Installation,"LED streetlight installation along Ambedkar Colony road, KANPUR",320887.85,02-04-2024,10-04-2025,Shree Balaji Construction Co.,Ongoing
WS/40959/2024/00481,Bihar,PATNA_SAHIB,PRIYA VERMA,Water Supply / Handpump,"Installation of handpump at Station Road village, PATNA_SAHIB",309903.68,21-03-2024,16-11-2024,New India Construction Co.,New Recommendation
WS/18675/2025/00008,Kerala,KOTTAYAM,ABDUL RASHID SHEIKH,Drainage / Nala,"Covered drain construction from Gandhi Chowk to Bazaar Road, KOTTAYAM",1039622.33,03-07-2025,09-02-2026,Sri Lakshmi Contractors,New Recommendation
WS/78494/2024/00068,Maharashtra,NANDURBAR(ST),ABHIJIT GANGOPADHYAY,Streetlight Installation,"LED streetlight installation along Subhash Nagar road, NANDURBAR(ST)",493999.55,11-12-2024,11-12-2025,Jai Hind Infrastructure,Ongoing
WS/57428/2023/00122,Uttar Pradesh,KANPUR,SANJAY DESHMUKH,Community Hall,"Construction of community hall at Ram Nagar, KANPUR",1787933.43,22-04-2023,04-12-2023,National Builders & Contractors,Sanctioned
WS/80405/2023/00382,Maharashtra,AURANGABAD_MH,RAVI SHANKAR PRASAD JI,Drainage / Nala,"Covered drain construction from Station Road to Ram Nagar, AURANGABAD_MH",410911.64,06-04-2023,24-03-2024,Jai Hind Infrastructure,Sanctioned
WS/36972/2024/00240,Maharashtra,AURANGABAD_MH,ADITYA YADAV,School Building Repair,"Repair and renovation of Govt. School building at Nehru Path, AURANGABAD_MH",1229084.42,03-05-2024,04-07-2024,Deep Construction Co.,Ongoing
WS/78610/2024/00437,Uttar Pradesh,KANPUR,ABU TAHER KHAN,Water Supply / Handpump,"Water supply pipeline extension to Panchayat Bhavan Marg area, KANPUR",577501.3,26-11-2024,26-11-2025,Metro Civil Works Pvt Ltd,Sanctioned
WS/74923/2024/00084,Maharashtra,PUNE,VIKRAM SINGH RATHORE,Water Supply / Handpump,"Water supply pipeline extension to Andouli area, PUNE",839401.12,25-04-2024,07-01-2025,Progressive Engineers & Contractors,Ongoing
WS/91006/2024/00134,Maharashtra,AURANGABAD_MH,RAVI SHANKAR PRASAD JI,Solar Light Installation,"Solar street light at Shanti Nagar chowk parisar, AURANGABAD_MH",358525.4,21-09-2024,09-12-2024,Progressive Engineers & Contractors,New Recommendation
WS/39401/2025/00888,Maharashtra,HINGOLI,RAVI SHANKAR PRASAD JI,Community Hall,"Multipurpose community centre building at Andouli panchayat, HINGOLI",1756415.22,24-09-2025,23-06-2026,National Builders & Contractors,Completed
WS/36767/2023/00796,Jammu And Kashmir,SRINAGAR,AASHTIKAR PATIL NAGESH BAPURAO,Road Construction,Construction of concrete road from Shanti Nagar to Ram Nagar in SRINAGAR,2278773.46,11-06-2023,16-11-2023,Shree Balaji Construction Co.,Ongoing
WS/25314/2024/00665,Bihar,PATNA_SAHIB,ABU TAHER KHAN,Road Construction,Construction of concrete road from Vivekanand Marg to Andouli in PATNA_SAHIB,1339439.56,25-09-2024,03-07-2025,National Builders & Contractors,New Recommendation
WS/56095/2025/00294,Jammu And Kashmir,BARAMULLAH,ADV ADOOR PRAKASH,Streetlight Installation,"Installation of streetlights at Bazaar Road chowk, BARAMULLAH",293101.97,25-04-2025,24-12-2025,Jai Hind Infrastructure,Completed
WS/79226/2024/00218,Maharashtra,HINGOLI,ADHIKARI SOUMENDU,Road Construction,Construction of concrete road from Andouli to Gandhi Chowk in HINGOLI,1649759.27,18-06-2024,13-07-2025,New India Construction Co.,Completed
WS/44312/2023/00657,Maharashtra,HINGOLI,RAVI SHANKAR PRASAD JI,Water Supply / Handpump,"Installation of handpump at Kisan Nagar village, HINGOLI",628402.21,21-11-2023,05-03-2024,Metro Civil Works Pvt Ltd,Ongoing
WS/82465/2024/00274,Maharashtra,HINGOLI,ADV ADOOR PRAKASH,Road Construction,"CC road construction at Kisan Nagar ward, HINGOLI",1601999.8,27-04-2024,10-09-2024,National Builders & Contractors,Completed
WS/12758/2025/00883,West Bengal,MURSHIDABAD,ADHIKARI SOUMENDU,Drainage / Nala,"Construction of drainage/nala near Nehru Path area, MURSHIDABAD",812692.19,21-11-2025,22-04-2026,Progressive Engineers & Contractors,New Recommendation
WS/18569/2024/00756,Jammu And Kashmir,SRINAGAR,MEERA IYER,Drainage / Nala,"Construction of drainage/nala near Ram Nagar area, SRINAGAR",632676.59,16-04-2024,19-05-2025,National Builders & Contractors,Sanctioned
WS/52287/2025/00370,Jammu And Kashmir,JAMMU,ADV DEAN KURIAKOSE,Road Construction,"CC road construction at Bazaar Road ward, JAMMU",1361956.74,27-03-2025,13-08-2025,Shree Balaji Construction Co.,Ongoing
WS/45007/2025/00546,Uttar Pradesh,VARANASI,SANJAY DESHMUKH,Streetlight Installation,"LED streetlight installation along Ram Nagar road, VARANASI",563118.91,26-08-2025,13-03-2026,New India Construction Co.,New Recommendation
WS/59666/2023/00755,Jammu And Kashmir,BARAMULLAH,ADHIKARI SOUMENDU,Solar Light Installation,"Solar street light at Panchayat Bhavan Marg chowk parisar, BARAMULLAH",191626.01,13-07-2023,21-09-2023,Progressive Engineers & Contractors,Ongoing
WS/43557/2023/00912,Jammu And Kashmir,BARAMULLAH,ADV DEAN KURIAKOSE,Community Hall,"Construction of community hall at Ambedkar Colony, BARAMULLAH",6791111.94,01-10-2023,22-07-2024,Bharat Infra Solutions,Sanctioned
WS/31178/2025/00030,Maharashtra,NAGPUR,ADV DEAN KURIAKOSE,Road Construction,"CC road construction at Kisan Nagar ward, NAGPUR",806027.67,29-05-2025,02-10-2025,Progressive Engineers & Contractors,New Recommendation
WS/65058/2023/00739,Kerala,ERNAKULAM,VIKRAM SINGH RATHORE,Community Hall,"Multipurpose community centre building at Station Road panchayat, ERNAKULAM",2793142.28,15-05-2023,05-11-2023,Shree Balaji Construction Co.,New Recommendation
WS/95037/2025/00562,Kerala,IDUKKI,VIKRAM SINGH RATHORE,Water Supply / Handpump,"Installation of handpump at Shanti Nagar village, IDUKKI",213344.1,15-10-2025,26-10-2026,Shree Balaji Construction Co.,Ongoing
WS/80809/2024/00374,Kerala,IDUKKI,ABDUL RASHID SHEIKH,Water Supply / Handpump,"Installation of handpump at Kisan Nagar village, IDUKKI",819962.11,25-04-2024,21-08-2024,Sri Lakshmi Contractors,New Recommendation
WS/88924/2025/00805,Kerala,IDUKKI,ADV DEAN KURIAKOSE,Streetlight Installation,"Installation of streetlights at Bazaar Road chowk, IDUKKI",354961.85,26-02-2025,11-07-2025,Bharat Infra Solutions,Ongoing
WS/33508/2025/00219,Kerala,ERNAKULAM,ADV DEAN KURIAKOSE,Road Construction,Construction of concrete road from Vivekanand Marg to Andouli in ERNAKULAM,2371070.75,01-03-2025,20-09-2025,United Rural Builders,Completed
WS/59807/2023/00223,Maharashtra,AURANGABAD_MH,ADV GOWAAL KAGADA PADAVI,Solar Light Installation,"Solar light installation near Kisan Nagar hanuman mandir, AURANGABAD_MH",186257.42,15-06-2023,25-09-2023,Bharat Infra Solutions,Ongoing
WS/27001/2023/00504,West Bengal,KANTHI,SANJAY DESHMUKH,Streetlight Installation,"LED streetlight installation along Bazaar Road road, KANTHI",531509.09,22-12-2023,15-11-2024,Jai Hind Infrastructure,New Recommendation
WS/48466/2025/00955,Kerala,ATTINGAL,MEERA IYER,School Building Repair,"Construction of additional classroom at Gandhi Chowk school, VARANASI",1100504.72,07-12-2025,24-10-2026,Bharat Infra Solutions,Sanctioned
WS/54595/2024/00822,Kerala,ERNAKULAM,ADV ADOOR PRAKASH,Drainage / Nala,"Construction of drainage/nala near Kisan Nagar area, ERNAKULAM",533184.55,23-01-2024,06-05-2024,Om Sai Infra Pvt Ltd,Completed
WS/80686/2024/00015,Jammu And Kashmir,JAMMU,VIKRAM SINGH RATHORE,Streetlight Installation,"Installation of streetlights at Kisan Nagar chowk, JAMMU",224307.13,22-09-2024,27-09-2025,Sri Lakshmi Contractors,Ongoing
WS/33038/2025/00388,Kerala,KOTTAYAM,VIKRAM SINGH RATHORE,School Building Repair,"Repair and renovation of Govt. School building at Panchayat Bhavan Marg, KOTTAYAM",1023501.16,02-06-2025,04-01-2026,Metro Civil Works Pvt Ltd,Completed
WS/40765/2025/00693,Jammu And Kashmir,BARAMULLAH,ADHIKARI SOUMENDU,Streetlight Installation,"Installation of streetlights at Gandhi Chowk chowk, BARAMULLAH",371483.58,21-06-2025,20-03-2026,Metro Civil Works Pvt Ltd,New Recommendation
WS/31319/2023/00303,West Bengal,HOWRAH,PRIYA VERMA,Community Hall,"Construction of community hall at Ambedkar Colony, HOWRAH",2865059.92,13-07-2023,13-05-2024,Jai Hind Infrastructure,Ongoing
WS/41258/2025/00642,West Bengal,KANTHI,ADV GOWAAL KAGADA PADAVI,Water Supply / Handpump,"Installation of handpump at Ram Nagar village, KANTHI",312409.02,04-03-2025,06-03-2026,Ganesh Engineering Works,Sanctioned
WS/15726/2024/00135,Jammu And Kashmir,BARAMULLAH,ADHIKARI SOUMENDU,Solar Light Installation,"Solar light installation near Subhash Nagar hanuman mandir, BARAMULLAH",342495.97,30-12-2024,23-05-2025,Deep Construction Co.,Sanctioned
WS/31299/2023/00173,West Bengal,HOWRAH,ABU TAHER KHAN,Streetlight Installation,"LED streetlight installation along Subhash Nagar road, HOWRAH",551909.26,22-08-2023,05-04-2024,Jai Hind Infrastructure,New Recommendation
WS/62509/2025/00556,Maharashtra,NAGPUR,VIKRAM SINGH RATHORE,Road Construction,"CC road construction at Andouli ward, NAGPUR",1764314.61,13-11-2025,14-07-2026,New India Construction Co.,New Recommendation
WS/25765/2024/00312,Maharashtra,NAGPUR,ABDUL RASHID SHEIKH,Streetlight Installation,"Installation of streetlights at Ambedkar Colony chowk, NAGPUR",407048.97,11-09-2024,29-08-2025,Progressive Engineers & Contractors,Ongoing
WS/73699/2025/00014,Maharashtra,PUNE,ADV GOWAAL KAGADA PADAVI,Drainage / Nala,"Construction of drainage/nala near Ram Nagar area, PUNE",352132.65,16-09-2025,01-09-2026,Om Sai Infra Pvt Ltd,Completed
WS/29815/2024/00695,Maharashtra,AURANGABAD_MH,ADV ADOOR PRAKASH,School Building Repair,"Repair and renovation of Govt. School building at Kisan Nagar, AURANGABAD_MH",760951.0,14-03-2024,10-11-2024,Shree Balaji Construction Co.,New Recommendation
WS/96858/2023/00391,Kerala,KOTTAYAM,ABU TAHER KHAN,School Building Repair,"Repair and renovation of Govt. School building at Gandhi Chowk, KOTTAYAM",1101572.44,02-07-2023,21-03-2024,New India Construction Co.,Completed
WS/88134/2023/00519,Maharashtra,NAGPUR,ABDUL RASHID SHEIKH,Road Construction,"CC road construction at Bazaar Road ward, NAGPUR",1452119.39,28-06-2023,01-04-2024,Sri Lakshmi Contractors,Ongoing
WS/40007/2023/00017,Maharashtra,AURANGABAD_MH,RAVI SHANKAR PRASAD JI,Drainage / Nala,"Covered drain construction from Ram Nagar to Andouli, AURANGABAD_MH",829596.1,08-04-2023,13-07-2023,Deep Construction Co.,Completed
WS/71216/2024/00952,Bihar,PATNA_SAHIB,VIKRAM SINGH RATHORE,Community Hall,"Construction of community hall at Shanti Nagar, BARAMULLAH",1157906.42,22-03-2024,27-02-2025,Progressive Engineers & Contractors,New Recommendation
WS/75841/2023/00865,Maharashtra,PUNE,ADV ADOOR PRAKASH,Water Supply / Handpump,"Installation of handpump at Bazaar Road village, PUNE",774426.59,21-10-2023,18-08-2024,Deep Construction Co.,Completed
WS/99664/2025/00564,Maharashtra,NANDURBAR(ST),SANJAY DESHMUKH,Community Hall,"Construction of community hall at Bazaar Road, NANDURBAR(ST)",3528802.57,31-12-2025,22-09-2026,New India Construction Co.,Completed
WS/39937/2025/00273,Maharashtra,NAGPUR,ADHIKARI SOUMENDU,Community Hall,"Construction of community hall at Kisan Nagar, NAGPUR",1893274.95,31-05-2025,20-09-2025,Jai Hind Infrastructure,Completed
WS/40427/2024/00221,Kerala,IDUKKI,ABHAY KUMAR SINHA,Streetlight Installation,"LED streetlight installation along Ram Nagar road, IDUKKI",485455.45,20-03-2024,15-06-2024,Om Sai Infra Pvt Ltd,Sanctioned
WS/56284/2025/00592,Bihar,AURANGABAD_BR,ADV DEAN KURIAKOSE,Drainage / Nala,"Construction of drainage/nala near Nehru Path area, AURANGABAD_BR",735818.8,20-12-2025,15-07-2026,Shree Balaji Construction Co.,Ongoing
WS/19849/2025/00967,Bihar,GAYA,ADV ADOOR PRAKASH,Road Construction,Construction of concrete road from Nehru Path to Nehru Path in GAYA,652993.99,24-08-2025,05-02-2026,Deep Construction Co.,Completed
WS/51864/2025/00655,Jammu And Kashmir,BARAMULLAH,ANITA JOSHI,Water Supply / Handpump,"Installation of handpump at Ambedkar Colony village, BARAMULLAH",878765.21,29-07-2025,25-08-2026,National Builders & Contractors,Sanctioned
WS/69245/2024/00106,Uttar Pradesh,BADAUN,ABHAY KUMAR SINHA,School Building Repair,"Repair and renovation of Govt. School building at Station Road, BADAUN",1027585.3,05-04-2024,21-02-2025,Jai Hind Infrastructure,Completed
WS/33777/2025/00115,Maharashtra,NANDURBAR(ST),ADV DEAN KURIAKOSE,Water Supply / Handpump,"Water supply pipeline extension to Shanti Nagar area, NANDURBAR(ST)",733686.66,30-10-2025,20-06-2026,New India Construction Co.,Completed
WS/55653/2024/00828,Bihar,GAYA,ADHIKARI SOUMENDU,Road Construction,Construction of concrete road from Subhash Nagar to Subhash Nagar in GAYA,1731502.95,11-03-2024,12-12-2024,Progressive Engineers & Contractors,Sanctioned
WS/32571/2024/00612,Jammu And Kashmir,BARAMULLAH,VIKRAM SINGH RATHORE,Community Hall,"Construction of community hall at Kisan Nagar, BARAMULLAH",2278933.66,06-04-2024,15-08-2024,Metro Civil Works Pvt Ltd,New Recommendation
WS/86689/2025/00574,Maharashtra,NANDURBAR(ST),SANJAY DESHMUKH,Solar Light Installation,"Solar street light at Ambedkar Colony chowk parisar, NANDURBAR(ST)",169984.54,29-09-2025,20-03-2026,Om Sai Infra Pvt Ltd,Sanctioned
WS/18357/2023/00196,West Bengal,KANTHI,AASHTIKAR PATIL NAGESH BAPURAO,Water Supply / Handpump,"Installation of handpump at Station Road village, KANTHI",352530.92,14-06-2023,05-09-2023,Sri Lakshmi Contractors,New Recommendation
WS/75860/2025/00775,Bihar,PATNA_SAHIB,VIKRAM SINGH RATHORE,Drainage / Nala,"Covered drain construction from Kisan Nagar to Panchayat Bhavan Marg, PATNA_SAHIB",843338.5,17-11-2025,23-06-2026,Jai Hind Infrastructure,Ongoing
WS/73324/2025/00855,Bihar,GAYA,ADV ADOOR PRAKASH,Solar Light Installation,"Solar light installation near Nehru Path hanuman mandir, GAYA",288691.87,24-05-2025,21-09-2025,Bharat Infra Solutions,New Recommendation
WS/99589/2025/00544,West Bengal,HOWRAH,ADV GOWAAL KAGADA PADAVI,School Building Repair,"Construction of additional classroom at Kisan Nagar school, HOWRAH",1444610.76,10-05-2025,07-04-2026,Ganesh Engineering Works,Sanctioned
WS/34978/2024/00983,Jammu And Kashmir,SRINAGAR,RAJESH KUMAR SHARMA,Community Hall,"Multipurpose community centre building at Andouli panchayat, SRINAGAR",2477565.56,01-06-2024,06-06-2024,Bharat Infra Solutions,Completed
WS/23538/2025/00553,Uttar Pradesh,KANPUR,ADITYA YADAV,Streetlight Installation,"Installation of streetlights at Andouli chowk, KANPUR",439502.18,21-10-2025,03-08-2026,Deep Construction Co.,New Recommendation
WS/23137/2023/00884,West Bengal,MURSHIDABAD,ABHAY KUMAR SINHA,Drainage / Nala,"Construction of drainage/nala near Kisan Nagar area, MURSHIDABAD",364843.82,08-12-2023,25-09-2024,Progressive Engineers & Contractors,Sanctioned
WS/64154/2025/00731,Maharashtra,NANDURBAR(ST),AASHTIKAR PATIL NAGESH BAPURAO,Streetlight Installation,"LED streetlight installation along Station Road road, NANDURBAR(ST)",364438.03,10-10-2025,13-12-2025,Progressive Engineers & Contractors,Ongoing
WS/72419/2024/00917,West Bengal,HOWRAH,ABHIJIT GANGOPADHYAY,Community Hall,"Multipurpose community centre building at Ram Nagar panchayat, HOWRAH",2356058.86,09-12-2024,13-10-2025,Om Sai Infra Pvt Ltd,Ongoing
WS/57395/2024/00424,Bihar,GAYA,AASHTIKAR PATIL NAGESH BAPURAO,Road Construction,Construction of concrete road from Bazaar Road to Nehru Path in GAYA,1945975.2,23-04-2024,15-04-2025,Om Sai Infra Pvt Ltd,New Recommendation
WS/51207/2023/00154,Bihar,PATNA_SAHIB,MEERA IYER,Solar Light Installation,"Solar light installation near Panchayat Bhavan Marg hanuman mandir, PATNA_SAHIB",126909.9,19-08-2023,15-07-2024,New India Construction Co.,Sanctioned
WS/74463/2025/00889,West Bengal,MURSHIDABAD,RAJESH KUMAR SHARMA,Water Supply / Handpump,"Installation of handpump at Shanti Nagar village, MURSHIDABAD",400792.35,30-10-2025,13-07-2026,Progressive Engineers & Contractors,Completed
WS/67438/2023/00302,Jammu And Kashmir,JAMMU,ABHAY KUMAR SINHA,Community Hall,"Construction of community hall at Kisan Nagar, JAMMU",2141644.85,20-07-2023,18-09-2023,Shree Balaji Construction Co.,Sanctioned
WS/94366/2024/00960,Jammu And Kashmir,JAMMU,ADV K FRANCIS GEORGE,Drainage / Nala,"Covered drain construction from Station Road to Station Road, NAGPUR",322285.88,11-11-2024,20-01-2025,Bharat Infra Solutions,Completed
WS/72020/2024/00988,Kerala,IDUKKI,SANJAY DESHMUKH,Streetlight Installation,"LED streetlight installation along Vivekanand Marg road, IDUKKI",563216.93,23-01-2024,27-01-2024,Shree Balaji Construction Co.,Completed
WS/41850/2023/00018,Maharashtra,AURANGABAD_MH,ADV ADOOR PRAKASH,Community Hall,"Construction of community hall at Ambedkar Colony, AURANGABAD_MH",3172444.45,06-11-2023,07-10-2024,National Builders & Contractors,Sanctioned
WS/53864/2024/00429,Maharashtra,NANDURBAR(ST),ABDUL RASHID SHEIKH,Drainage / Nala,"Covered drain construction from Nehru Path to Vivekanand Marg, NANDURBAR(ST)",1032436.26,31-07-2024,17-08-2025,Om Sai Infra Pvt Ltd,Sanctioned
WS/39588/2024/00534,West Bengal,HOWRAH,ADHIKARI SOUMENDU,School Building Repair,"Repair and renovation of Govt. School building at Shanti Nagar, HOWRAH",1113180.88,17-10-2024,03-08-2025,Sri Lakshmi Contractors,New Recommendation
WS/18566/2025/00736,Jammu And Kashmir,JAMMU,ADITYA YADAV,Water Supply / Handpump,"Installation of handpump at Bazaar Road village, JAMMU",717170.38,17-02-2025,20-02-2026,Jai Hind Infrastructure,Ongoing
WS/37504/2023/00613,Kerala,ATTINGAL,ADV ADOOR PRAKASH,Drainage / Nala,"Covered drain construction from Shanti Nagar to Ram Nagar, ATTINGAL",1071133.69,24-08-2023,16-02-2024,Bharat Infra Solutions,Ongoing
WS/77610/2025/00767,Kerala,IDUKKI,PRIYA VERMA,Drainage / Nala,"Covered drain construction from Bazaar Road to Station Road, IDUKKI",504233.67,07-05-2025,21-10-2025,Metro Civil Works Pvt Ltd,Ongoing
WS/73373/2025/00392,Uttar Pradesh,LUCKNOW,MEERA IYER,Drainage / Nala,"Construction of drainage/nala near Vivekanand Marg area, LUCKNOW",461230.67,27-11-2025,11-11-2026,Progressive Engineers & Contractors,Ongoing
WS/54914/2025/00333,Kerala,ERNAKULAM,ANITA JOSHI,Community Hall,"Multipurpose community centre building at Subhash Nagar panchayat, ERNAKULAM",2532768.14,08-09-2025,23-01-2026,National Builders & Contractors,Ongoing
WS/99825/2023/00226,West Bengal,TAMLUK,ADV GOWAAL KAGADA PADAVI,School Building Repair,"Repair and renovation of Govt. School building at Subhash Nagar, TAMLUK",942919.38,26-06-2023,06-06-2024,Ganesh Engineering Works,Ongoing
WS/79550/2024/00815,Bihar,AURANGABAD_BR,AASHTIKAR PATIL NAGESH BAPURAO,School Building Repair,"Repair and renovation of Govt. School building at Nehru Path, AURANGABAD_BR",1618758.12,16-05-2024,24-09-2024,Shree Balaji Construction Co.,Completed
WS/25725/2025/00549,Uttar Pradesh,BADAUN,ABDUL RASHID SHEIKH,Streetlight Installation,"Installation of streetlights at Ram Nagar chowk, BADAUN",445472.48,03-08-2025,21-01-2026,Jai Hind Infrastructure,Completed
WS/92317/2025/00608,Kerala,KOTTAYAM,ABDUL RASHID SHEIKH,Community Hall,"Construction of community hall at Shanti Nagar, KOTTAYAM",2229160.24,14-01-2025,23-04-2025,United Rural Builders,Ongoing
WS/70994/2023/00584,Kerala,ATTINGAL,ANITA JOSHI,Water Supply / Handpump,"Water supply pipeline extension to Bazaar Road area, ATTINGAL",454793.37,23-05-2023,16-09-2023,Sri Lakshmi Contractors,New Recommendation
WS/76467/2025/00749,Bihar,PATNA_SAHIB,AASHTIKAR PATIL NAGESH BAPURAO,Streetlight Installation,"LED streetlight installation along Station Road road, PATNA_SAHIB",413897.96,23-02-2025,07-07-2025,Shree Balaji Construction Co.,Ongoing
WS/44116/2024/00664,Bihar,PATNA_SAHIB,RAJESH KUMAR SHARMA,Drainage / Nala,"Covered drain construction from Shanti Nagar to Station Road, PATNA_SAHIB",1171252.03,24-10-2024,13-01-2025,Jai Hind Infrastructure,Ongoing
WS/96944/2023/00372,Uttar Pradesh,LUCKNOW,SANJAY DESHMUKH,Streetlight Installation,"LED streetlight installation along Vivekanand Marg road, LUCKNOW",391666.18,04-07-2023,27-02-2024,Ganesh Engineering Works,Ongoing
WS/25389/2025/00191,Maharashtra,HINGOLI,MEERA IYER,Community Hall,"Multipurpose community centre building at Panchayat Bhavan Marg panchayat, HINGOLI",1899292.06,03-03-2025,14-01-2026,Deep Construction Co.,New Recommendation
WS/86148/2024/00895,West Bengal,HOWRAH,RAVI SHANKAR PRASAD JI,Streetlight Installation,"Installation of streetlights at Kisan Nagar chowk, HOWRAH",371670.63,01-10-2024,27-03-2025,Sri Lakshmi Contractors,Completed
WS/86563/2023/00965,Bihar,GAYA,ADHIKARI SOUMENDU,Drainage / Nala,"Construction of drainage/nala near Kisan Nagar area, GAYA",825107.88,01-08-2023,03-12-2023,New India Construction Co.,Ongoing
WS/78925/2025/00776,Bihar,AURANGABAD_BR,AASHTIKAR PATIL NAGESH BAPURAO,Drainage / Nala,"Covered drain construction from Vivekanand Marg to Bazaar Road, AURANGABAD_BR",701158.42,23-07-2025,13-04-2026,Jai Hind Infrastructure,Ongoing
WS/67367/2024/00380,Bihar,GAYA,ABHIJIT GANGOPADHYAY,Community Hall,"Construction of community hall at Subhash Nagar, GAYA",3467229.74,03-02-2024,07-02-2025,Om Sai Infra Pvt Ltd,New Recommendation
WS/67780/2024/00913,Maharashtra,AURANGABAD_MH,VIKRAM SINGH RATHORE,Solar Light Installation,"Solar street light at Vivekanand Marg chowk parisar, AURANGABAD_MH",520624.81,23-05-2024,04-06-2025,Progressive Engineers & Contractors,Ongoing
WS/53601/2024/00551,Kerala,KOTTAYAM,ADV DEAN KURIAKOSE,Drainage / Nala,"Covered drain construction from Andouli to Nehru Path, KOTTAYAM",1002658.17,09-01-2024,09-04-2024,Sri Lakshmi Contractors,Sanctioned
WS/95542/2023/00838,Maharashtra,AURANGABAD_MH,MEERA IYER,Solar Light Installation,"Solar street light at Shanti Nagar chowk parisar, AURANGABAD_MH",210003.63,11-05-2023,13-09-2023,Jai Hind Infrastructure,Ongoing
WS/23894/2025/00898,Maharashtra,NANDURBAR(ST),PRIYA VERMA,Water Supply / Handpump,"Installation of handpump at Panchayat Bhavan Marg village, NANDURBAR(ST)",218442.82,14-12-2025,17-09-2026,New India Construction Co.,Completed
WS/44675/2025/00071,Bihar,AURANGABAD_BR,ADV ADOOR PRAKASH,Community Hall,"Construction of community hall at Panchayat Bhavan Marg, AURANGABAD_BR",3267389.57,20-03-2025,06-01-2026,Om Sai Infra Pvt Ltd,Ongoing
WS/14898/2024/00467,Kerala,ATTINGAL,ADV K FRANCIS GEORGE,Solar Light Installation,"Solar street light at Kisan Nagar chowk parisar, ATTINGAL",268886.61,12-08-2024,02-08-2025,Om Sai Infra Pvt Ltd,New Recommendation
WS/44782/2024/00105,Jammu And Kashmir,BARAMULLAH,RAJESH KUMAR SHARMA,Solar Light Installation,"Solar street light at Andouli chowk parisar, BARAMULLAH",375951.04,23-11-2024,06-07-2025,Shree Balaji Construction Co.,Ongoing
WS/47196/2024/00041,West Bengal,HOWRAH,MEERA IYER,Water Supply / Handpump,"Water supply pipeline extension to Station Road area, HOWRAH",349590.98,28-07-2024,21-12-2024,Progressive Engineers & Contractors,Completed
WS/19643/2025/00947,Maharashtra,AURANGABAD_MH,ABU TAHER KHAN,School Building Repair,"Repair and renovation of Govt. School building at Ambedkar Colony, AURANGABAD_MH",540940.41,23-06-2025,02-09-2025,Shree Balaji Construction Co.,Sanctioned
WS/16760/2024/00938,Kerala,KOTTAYAM,SANJAY DESHMUKH,Drainage / Nala,"Construction of drainage/nala near Bazaar Road area, KOTTAYAM",800165.62,05-05-2024,10-10-2024,Ganesh Engineering Works,Sanctioned
WS/27102/2024/00871,Kerala,KOTTAYAM,ADV ADOOR PRAKASH,Water Supply / Handpump,"Installation of handpump at Panchayat Bhavan Marg village, KOTTAYAM",393162.86,19-11-2024,02-08-2025,Om Sai Infra Pvt Ltd,Completed
WS/81802/2023/00362,Bihar,PATNA_SAHIB,ADV K FRANCIS GEORGE,Community Hall,"Construction of community hall at Vivekanand Marg, PATNA_SAHIB",2632114.27,15-08-2023,23-12-2023,Sri Lakshmi Contractors,New Recommendation
WS/70210/2024/00514,Bihar,AURANGABAD_BR,ABHIJIT GANGOPADHYAY,Solar Light Installation,"Solar light installation near Subhash Nagar hanuman mandir, AURANGABAD_BR",443795.72,10-09-2024,15-01-2025,Ganesh Engineering Works,Completed
WS/56179/2024/00462,Maharashtra,NANDURBAR(ST),ADHIKARI SOUMENDU,Streetlight Installation,"LED streetlight installation along Vivekanand Marg road, NANDURBAR(ST)",330700.73,11-03-2024,11-04-2025,National Builders & Contractors,Sanctioned
WS/81601/2023/00178,Kerala,ERNAKULAM,ANITA JOSHI,School Building Repair,"Construction of additional classroom at Vivekanand Marg school, ERNAKULAM",839253.64,25-09-2023,16-07-2024,United Rural Builders,New Recommendation
WS/31116/2024/00948,Maharashtra,AURANGABAD_MH,ABU TAHER KHAN,Drainage / Nala,"Construction of drainage/nala near Shanti Nagar area, AURANGABAD_MH",918602.77,19-04-2024,25-11-2024,Shree Balaji Construction Co.,Sanctioned
WS/73766/2023/00558,Kerala,IDUKKI,ADV GOWAAL KAGADA PADAVI,Water Supply / Handpump,"Water supply pipeline extension to Ram Nagar area, IDUKKI",473073.31,19-07-2023,04-08-2024,Deep Construction Co.,New Recommendation
WS/26090/2024/00623,Kerala,IDUKKI,ABHAY KUMAR SINHA,Community Hall,"Multipurpose community centre building at Gandhi Chowk panchayat, IDUKKI",3938018.74,12-03-2024,21-08-2024,Jai Hind Infrastructure,Sanctioned
WS/69241/2023/00587,Bihar,PATNA_SAHIB,VIKRAM SINGH RATHORE,Streetlight Installation,"Installation of streetlights at Bazaar Road chowk, PATNA_SAHIB",387007.17,04-08-2023,30-05-2024,Deep Construction Co.,New Recommendation
WS/54541/2023/00769,Bihar,AURANGABAD_BR,ABU TAHER KHAN,Community Hall,"Multipurpose community centre building at Gandhi Chowk panchayat, AURANGABAD_BR",3858385.0,10-04-2023,19-02-2024,Progressive Engineers & Contractors,New Recommendation
WS/48985/2024/00164,Maharashtra,NAGPUR,RAVI SHANKAR PRASAD JI,Community Hall,"Construction of community hall at Ambedkar Colony, NAGPUR",3104768.22,04-02-2024,07-12-2024,Ganesh Engineering Works,Sanctioned
WS/12727/2024/00690,West Bengal,TAMLUK,VIKRAM SINGH RATHORE,Streetlight Installation,"Installation of streetlights at Shanti Nagar chowk, TAMLUK",572534.01,21-03-2024,04-01-2025,Deep Construction Co.,Sanctioned
WS/20480/2023/00458,Maharashtra,PUNE,ADV ADOOR PRAKASH,Streetlight Installation,"Installation of streetlights at Ambedkar Colony chowk, PUNE",473030.34,14-04-2023,27-09-2023,Progressive Engineers & Contractors,Sanctioned
WS/30188/2024/00604,Maharashtra,PUNE,ADV GOWAAL KAGADA PADAVI,School Building Repair,"Construction of additional classroom at Nehru Path school, PUNE",1182993.48,18-07-2024,08-01-2025,Shree Balaji Construction Co.,Completed
WS/20322/2024/00908,Maharashtra,AURANGABAD_MH,PRIYA VERMA,Solar Light Installation,"Solar light installation near Panchayat Bhavan Marg hanuman mandir, AURANGABAD_MH",1470341.76,23-01-2024,13-06-2024,National Builders & Contractors,Sanctioned
WS/93032/2024/00335,Bihar,AURANGABAD_BR,ADHIKARI SOUMENDU,Streetlight Installation,"LED streetlight installation along Subhash Nagar road, AURANGABAD_BR",494017.68,14-08-2024,27-11-2024,National Builders & Contractors,Sanctioned
WS/92665/2024/00677,Uttar Pradesh,KANPUR,ABHAY KUMAR SINHA,Solar Light Installation,"Solar light installation near Subhash Nagar hanuman mandir, KANPUR",247887.72,12-04-2024,21-04-2025,National Builders & Contractors,Sanctioned
WS/48152/2023/00830,Kerala,KOTTAYAM,MEERA IYER,Water Supply / Handpump,"Installation of handpump at Shanti Nagar village, KOTTAYAM",314586.13,19-08-2023,31-05-2024,Deep Construction Co.,Sanctioned
WS/70731/2025/00283,West Bengal,KANTHI,SANJAY DESHMUKH,Road Construction,Construction of concrete road from Nehru Path to Ram Nagar in KANTHI,1711071.73,13-12-2025,28-05-2026,Metro Civil Works Pvt Ltd,New Recommendation
WS/12588/2025/00836,Bihar,GAYA,ABU TAHER KHAN,Road Construction,"CC road construction at Subhash Nagar ward, GAYA",1352889.26,31-03-2025,01-03-2026,National Builders & Contractors,Sanctioned
WS/32417/2025/00975,West Bengal,HOWRAH,ABHIJIT GANGOPADHYAY,Water Supply / Handpump,"Installation of handpump at Subhash Nagar village, SRINAGAR",960531.94,17-09-2025,02-04-2026,Metro Civil Works Pvt Ltd,Ongoing
WS/25644/2025/00605,Maharashtra,PUNE,SANJAY DESHMUKH,Drainage / Nala,"Construction of drainage/nala near Nehru Path area, PUNE",742697.85,05-03-2025,30-03-2026,Ganesh Engineering Works,Completed
WS/44116/2025/00155,Maharashtra,HINGOLI,ADHIKARI SOUMENDU,School Building Repair,"Repair and renovation of Govt. School building at Kisan Nagar, HINGOLI",1124843.38,22-10-2025,04-10-2026,Om Sai Infra Pvt Ltd,New Recommendation
WS/41897/2024/00819,Kerala,ERNAKULAM,ADHIKARI SOUMENDU,School Building Repair,"Repair and renovation of Govt. School building at Gandhi Chowk, ERNAKULAM",1737071.71,06-08-2024,09-09-2025,United Rural Builders,Ongoing
WS/10887/2024/00228,Bihar,AURANGABAD_BR,VIKRAM SINGH RATHORE,Streetlight Installation,"LED streetlight installation along Subhash Nagar road, AURANGABAD_BR",427500.96,12-07-2024,03-11-2024,National Builders & Contractors,New Recommendation
WS/82910/2024/00113,Maharashtra,AURANGABAD_MH,ANITA JOSHI,Drainage / Nala,"Covered drain construction from Vivekanand Marg to Ram Nagar, AURANGABAD_MH",439257.16,06-08-2024,27-01-2025,Om Sai Infra Pvt Ltd,New Recommendation
WS/61740/2024/00440,Bihar,GAYA,ADV ADOOR PRAKASH,Solar Light Installation,"Solar street light at Gandhi Chowk chowk parisar, GAYA",102526.29,17-04-2024,20-09-2024,Sri Lakshmi Contractors,Sanctioned
WS/39156/2024/00795,Maharashtra,NANDURBAR(ST),ADV K FRANCIS GEORGE,Community Hall,"Multipurpose community centre building at Bazaar Road panchayat, NANDURBAR(ST)",2105622.46,04-10-2024,30-12-2024,Progressive Engineers & Contractors,Ongoing
WS/34832/2025/00460,Bihar,AURANGABAD_BR,ADITYA YADAV,Streetlight Installation,"Installation of streetlights at Gandhi Chowk chowk, AURANGABAD_BR",193703.66,12-04-2025,07-10-2025,United Rural Builders,Sanctioned
WS/43158/2025/00649,Maharashtra,AURANGABAD_MH,ABDUL RASHID SHEIKH,Solar Light Installation,"Solar street light at Station Road chowk parisar, AURANGABAD_MH",358807.4,27-06-2025,22-09-2025,Deep Construction Co.,Ongoing
WS/10803/2024/00507,Maharashtra,NANDURBAR(ST),ADV GOWAAL KAGADA PADAVI,Community Hall,"Multipurpose community centre building at Ram Nagar panchayat, NANDURBAR(ST)",3475488.76,10-02-2024,10-09-2024,United Rural Builders,New Recommendation
WS/43728/2024/00211,Bihar,AURANGABAD_BR,ADITYA YADAV,Community Hall,"Multipurpose community centre building at Ambedkar Colony panchayat, AURANGABAD_BR",2075046.57,04-11-2024,08-05-2025,Metro Civil Works Pvt Ltd,New Recommendation
WS/38014/2025/00704,Bihar,AURANGABAD_BR,ABDUL RASHID SHEIKH,Streetlight Installation,"LED streetlight installation along Ram Nagar road, AURANGABAD_BR",300521.82,12-04-2025,14-08-2025,United Rural Builders,New Recommendation
WS/37076/2023/00517,Kerala,ATTINGAL,ADV DEAN KURIAKOSE,Drainage / Nala,"Covered drain construction from Station Road to Vivekanand Marg, ATTINGAL",441746.41,27-07-2023,02-10-2023,Jai Hind Infrastructure,Completed
WS/30220/2024/00532,Uttar Pradesh,LUCKNOW,ADHIKARI SOUMENDU,School Building Repair,"Repair and renovation of Govt. School building at Nehru Path, LUCKNOW",594696.41,20-10-2024,03-07-2025,New India Construction Co.,Sanctioned
WS/46002/2024/00126,Kerala,KOTTAYAM,ADV K FRANCIS GEORGE,Drainage / Nala,"Covered drain construction from Bazaar Road to Andouli, KOTTAYAM",695786.53,24-07-2024,06-05-2025,Progressive Engineers & Contractors,New Recommendation
WS/68192/2024/00900,West Bengal,MURSHIDABAD,ANITA JOSHI,Water Supply / Handpump,"Installation of handpump at Panchayat Bhavan Marg village, MURSHIDABAD",864136.04,25-07-2024,21-04-2025,Deep Construction Co.,New Recommendation
WS/62183/2024/00408,Uttar Pradesh,KANPUR,ADHIKARI SOUMENDU,Community Hall,"Construction of community hall at Kisan Nagar, KANPUR",2897734.57,08-08-2024,13-02-2025,Bharat Infra Solutions,New Recommendation
WS/65797/2023/00579,Uttar Pradesh,LUCKNOW,AASHTIKAR PATIL NAGESH BAPURAO,School Building Repair,"Construction of additional classroom at Station Road school, LUCKNOW",1772257.66,12-05-2023,07-03-2024,Deep Construction Co.,Completed
WS/75035/2025/00300,Uttar Pradesh,BADAUN,ADHIKARI SOUMENDU,Streetlight Installation,"Installation of streetlights at Shanti Nagar chowk, BADAUN",293197.61,07-07-2025,15-07-2026,Ganesh Engineering Works,Completed
WS/27771/2025/00251,Kerala,KOTTAYAM,ADV GOWAAL KAGADA PADAVI,Streetlight Installation,"LED streetlight installation along Subhash Nagar road, KOTTAYAM",270304.38,26-08-2025,15-07-2026,Progressive Engineers & Contractors,Completed
WS/37471/2023/00571,West Bengal,MURSHIDABAD,ADHIKARI SOUMENDU,Water Supply / Handpump,"Water supply pipeline extension to Subhash Nagar area, MURSHIDABAD",845871.13,26-05-2023,19-06-2024,New India Construction Co.,New Recommendation
WS/55121/2025/00322,Jammu And Kashmir,SRINAGAR,VIKRAM SINGH RATHORE,Streetlight Installation,"Installation of streetlights at Shanti Nagar chowk, SRINAGAR",350746.54,09-12-2025,07-10-2026,Jai Hind Infrastructure,New Recommendation
WS/42406/2025/00045,West Bengal,HOWRAH,RAVI SHANKAR PRASAD JI,School Building Repair,"Construction of additional classroom at Panchayat Bhavan Marg school, HOWRAH",1656091.34,01-05-2025,28-02-2026,Metro Civil Works Pvt Ltd,New Recommendation
WS/60202/2024/00290,Kerala,KOTTAYAM,VIKRAM SINGH RATHORE,School Building Repair,"Repair and renovation of Govt. School building at Shanti Nagar, KOTTAYAM",1635890.0,03-08-2024,02-11-2024,Om Sai Infra Pvt Ltd,New Recommendation
WS/61583/2025/00778,Jammu And Kashmir,BARAMULLAH,SANJAY DESHMUKH,School Building Repair,"Repair and renovation of Govt. School building at Kisan Nagar, BARAMULLAH",938531.0,03-02-2025,06-07-2025,Deep Construction Co.,Completed
WS/49515/2025/00872,Maharashtra,AURANGABAD_MH,ADITYA YADAV,Drainage / Nala,"Construction of drainage/nala near Kisan Nagar area, AURANGABAD_MH",934194.05,03-11-2025,21-02-2026,Om Sai Infra Pvt Ltd,New Recommendation
WS/18639/2024/00130,Bihar,PATNA_SAHIB,ADV GOWAAL KAGADA PADAVI,School Building Repair,"Construction of additional classroom at Vivekanand Marg school, PATNA_SAHIB",972277.16,12-03-2024,13-03-2025,Shree Balaji Construction Co.,New Recommendation
WS/62699/2023/00857,Bihar,AURANGABAD_BR,MEERA IYER,Community Hall,"Construction of community hall at Vivekanand Marg, AURANGABAD_BR",2245876.62,19-07-2023,19-09-2023,New India Construction Co.,Ongoing
WS/50730/2025/00079,Bihar,PATNA_SAHIB,VIKRAM SINGH RATHORE,Road Construction,"CC road construction at Station Road ward, PATNA_SAHIB",849078.05,05-01-2025,11-01-2026,Ganesh Engineering Works,Ongoing
WS/57540/2024/00904,West Bengal,MURSHIDABAD,ABDUL RASHID SHEIKH,Water Supply / Handpump,"Installation of handpump at Bazaar Road village, MURSHIDABAD",2240447.61,02-01-2024,26-04-2024,Om Sai Infra Pvt Ltd,Completed
WS/10088/2025/00256,Maharashtra,HINGOLI,MEERA IYER,Road Construction,"CC road construction at Subhash Nagar ward, HINGOLI",1011203.2,26-08-2025,13-01-2026,Metro Civil Works Pvt Ltd,Sanctioned
WS/42493/2024/00016,Kerala,KOTTAYAM,PRIYA VERMA,Water Supply / Handpump,"Water supply pipeline extension to Gandhi Chowk area, KOTTAYAM",654914.64,22-06-2024,12-05-2025,Metro Civil Works Pvt Ltd,Completed
WS/37470/2025/00768,Kerala,ERNAKULAM,ADV K FRANCIS GEORGE,Solar Light Installation,"Solar light installation near Ambedkar Colony hanuman mandir, ERNAKULAM",130056.55,14-08-2025,17-01-2026,Sri Lakshmi Contractors,Sanctioned
WS/69925/2024/00423,Uttar Pradesh,KANPUR,VIKRAM SINGH RATHORE,Streetlight Installation,"LED streetlight installation along Ram Nagar road, KANPUR",164653.19,21-03-2024,07-12-2024,Progressive Engineers & Contractors,Ongoing
WS/57124/2025/00233,Uttar Pradesh,KANPUR,RAVI SHANKAR PRASAD JI,Streetlight Installation,"Installation of streetlights at Kisan Nagar chowk, KANPUR",565573.09,07-09-2025,08-06-2026,United Rural Builders,Completed
WS/99166/2024/00011,Kerala,ERNAKULAM,ABHAY KUMAR SINHA,School Building Repair,"Construction of additional classroom at Kisan Nagar school, ERNAKULAM",934267.0,23-07-2024,18-06-2025,Bharat Infra Solutions,Completed
WS/31567/2025/00095,Jammu And Kashmir,BARAMULLAH,ABU TAHER KHAN,Solar Light Installation,"Solar street light at Nehru Path chowk parisar, BARAMULLAH",288792.72,20-12-2025,24-08-2026,United Rural Builders,New Recommendation
WS/13667/2024/00713,Maharashtra,AURANGABAD_MH,ABU TAHER KHAN,Road Construction,"CC road construction at Shanti Nagar ward, AURANGABAD_MH",1431494.5,18-04-2024,19-11-2024,Bharat Infra Solutions,Sanctioned
WS/82733/2025/00244,Jammu And Kashmir,JAMMU,PRIYA VERMA,School Building Repair,"Construction of additional classroom at Shanti Nagar school, JAMMU",660055.18,10-01-2025,11-12-2025,Deep Construction Co.,Ongoing
WS/82848/2024/00060,Jammu And Kashmir,SRINAGAR,ADITYA YADAV,Community Hall,"Construction of community hall at Andouli, SRINAGAR",3494580.89,14-03-2024,03-10-2024,Jai Hind Infrastructure,New Recommendation
WS/24444/2023/00970,West Bengal,MURSHIDABAD,ADV GOWAAL KAGADA PADAVI,Solar Light Installation,"Solar street light at Subhash Nagar chowk parisar, BARAMULLAH",302034.8,14-07-2023,26-11-2023,Metro Civil Works Pvt Ltd,Completed
WS/11526/2025/00352,West Bengal,MURSHIDABAD,VIKRAM SINGH RATHORE,Community Hall,"Multipurpose community centre building at Panchayat Bhavan Marg panchayat, MURSHIDABAD",3159276.61,16-01-2025,30-09-2025,National Builders & Contractors,Completed
WS/40102/2024/00199,Maharashtra,HINGOLI,ADV GOWAAL KAGADA PADAVI,School Building Repair,"Construction of additional classroom at Gandhi Chowk school, HINGOLI",1342899.8,09-10-2024,13-07-2025,United Rural Builders,Sanctioned
WS/61508/2025/00650,Kerala,KOTTAYAM,ABHIJIT GANGOPADHYAY,Streetlight Installation,"Installation of streetlights at Nehru Path chowk, KOTTAYAM",540128.82,26-08-2025,08-06-2026,Sri Lakshmi Contractors,Completed
WS/10841/2025/00808,Kerala,KOTTAYAM,ABU TAHER KHAN,Community Hall,"Construction of community hall at Shanti Nagar, KOTTAYAM",3371825.18,08-11-2025,29-07-2026,Deep Construction Co.,New Recommendation
WS/73201/2025/00727,Maharashtra,HINGOLI,MEERA IYER,Solar Light Installation,"Solar street light at Nehru Path chowk parisar, HINGOLI",317255.47,28-01-2025,22-06-2025,Shree Balaji Construction Co.,Completed
WS/36145/2025/00916,West Bengal,HOWRAH,ABHIJIT GANGOPADHYAY,Water Supply / Handpump,"Installation of handpump at Subhash Nagar village, HOWRAH",275843.83,08-12-2025,28-08-2026,Om Sai Infra Pvt Ltd,Sanctioned
WS/49507/2024/00119,Uttar Pradesh,VARANASI,ABDUL RASHID SHEIKH,Drainage / Nala,"Covered drain construction from Gandhi Chowk to Shanti Nagar, VARANASI",655737.06,04-12-2024,02-03-2025,Shree Balaji Construction Co.,Ongoing
WS/40924/2023/00646,Uttar Pradesh,VARANASI,VIKRAM SINGH RATHORE,Road Construction,Construction of concrete road from Subhash Nagar to Gandhi Chowk in VARANASI,1204730.65,04-08-2023,11-03-2024,New India Construction Co.,Sanctioned
WS/36475/2024/00643,Maharashtra,NANDURBAR(ST),ADV GOWAAL KAGADA PADAVI,School Building Repair,"Repair and renovation of Govt. School building at Shanti Nagar, NANDURBAR(ST)",1079535.29,20-06-2024,23-03-2025,Progressive Engineers & Contractors,Completed
WS/47313/2023/00441,West Bengal,MURSHIDABAD,ADV DEAN KURIAKOSE,Road Construction,"CC road construction at Panchayat Bhavan Marg ward, MURSHIDABAD",1517806.95,02-12-2023,21-10-2024,Jai Hind Infrastructure,New Recommendation
WS/80189/2024/00923,West Bengal,HOWRAH,ABHIJIT GANGOPADHYAY,Drainage / Nala,"Covered drain construction from Kisan Nagar to Shanti Nagar, HOWRAH",614348.63,03-06-2024,05-04-2025,Om Sai Infra Pvt Ltd,Sanctioned
WS/55663/2025/00891,Uttar Pradesh,VARANASI,ADHIKARI SOUMENDU,Water Supply / Handpump,"Water supply pipeline extension to Ram Nagar area, VARANASI",497671.18,01-10-2025,03-05-2026,Jai Hind Infrastructure,New Recommendation
WS/96652/2024/00397,Uttar Pradesh,VARANASI,ADITYA YADAV,Drainage / Nala,"Covered drain construction from Gandhi Chowk to Subhash Nagar, VARANASI",468215.11,05-04-2024,08-04-2025,Deep Construction Co.,Completed
WS/89415/2024/00054,Jammu And Kashmir,SRINAGAR,ABHIJIT GANGOPADHYAY,Streetlight Installation,"Installation of streetlights at Bazaar Road chowk, SRINAGAR",576490.66,20-07-2024,27-01-2025,New India Construction Co.,Ongoing
WS/22223/2025/00941,Kerala,KOTTAYAM,SANJAY DESHMUKH,Solar Light Installation,"Solar street light at Ram Nagar chowk parisar, KOTTAYAM",293516.93,27-11-2025,10-07-2026,Ganesh Engineering Works,Ongoing
WS/17944/2024/00019,Maharashtra,HINGOLI,SANJAY DESHMUKH,Community Hall,"Multipurpose community centre building at Subhash Nagar panchayat, HINGOLI",2558946.56,22-07-2024,17-10-2024,Progressive Engineers & Contractors,Completed
WS/12441/2025/00389,Bihar,AURANGABAD_BR,RAVI SHANKAR PRASAD JI,Drainage / Nala,"Construction of drainage/nala near Station Road area, AURANGABAD_BR",536911.19,24-09-2025,09-10-2026,Om Sai Infra Pvt Ltd,Completed
WS/27627/2024/00629,Maharashtra,NANDURBAR(ST),RAVI SHANKAR PRASAD JI,Water Supply / Handpump,"Water supply pipeline extension to Nehru Path area, NANDURBAR(ST)",802252.49,05-02-2024,28-06-2024,Metro Civil Works Pvt Ltd,Sanctioned
WS/73060/2025/00685,Maharashtra,NANDURBAR(ST),ABHIJIT GANGOPADHYAY,Solar Light Installation,"Solar light installation near Panchayat Bhavan Marg hanuman mandir, NANDURBAR(ST)",105559.84,19-12-2025,24-05-2026,Shree Balaji Construction Co.,Ongoing
WS/58434/2025/00027,Maharashtra,AURANGABAD_MH,ADITYA YADAV,Streetlight Installation,"LED streetlight installation along Nehru Path road, AURANGABAD_MH",269340.19,11-11-2025,07-07-2026,Om Sai Infra Pvt Ltd,Ongoing
WS/61060/2023/00847,Bihar,GAYA,ADV GOWAAL KAGADA PADAVI,Streetlight Installation,"LED streetlight installation along Shanti Nagar road, GAYA",271974.29,11-07-2023,03-10-2023,National Builders & Contractors,New Recommendation
WS/65444/2024/00022,Jammu And Kashmir,SRINAGAR,ABDUL RASHID SHEIKH,Drainage / Nala,"Covered drain construction from Kisan Nagar to Kisan Nagar, SRINAGAR",641075.81,04-05-2024,15-11-2024,Metro Civil Works Pvt Ltd,New Recommendation
WS/53463/2023/00234,Maharashtra,NANDURBAR(ST),RAJESH KUMAR SHARMA,Drainage / Nala,"Construction of drainage/nala near Subhash Nagar area, NANDURBAR(ST)",882299.86,16-05-2023,28-04-2024,Progressive Engineers & Contractors,Sanctioned
WS/97537/2025/00750,Bihar,AURANGABAD_BR,ADITYA YADAV,Water Supply / Handpump,"Water supply pipeline extension to Ambedkar Colony area, AURANGABAD_BR",835950.15,13-06-2025,16-09-2025,New India Construction Co.,Ongoing
WS/51012/2025/00490,Kerala,KOTTAYAM,MEERA IYER,Drainage / Nala,"Construction of drainage/nala near Subhash Nagar area, KOTTAYAM",684800.11,03-06-2025,23-08-2025,Jai Hind Infrastructure,Sanctioned
WS/90967/2023/00442,Bihar,PATNA_SAHIB,ADITYA YADAV,Solar Light Installation,"Solar street light at Ambedkar Colony chowk parisar, PATNA_SAHIB",123962.38,18-08-2023,13-03-2024,Om Sai Infra Pvt Ltd,Sanctioned
WS/24125/2025/00359,Jammu And Kashmir,BARAMULLAH,PRIYA VERMA,Drainage / Nala,"Construction of drainage/nala near Subhash Nagar area, BARAMULLAH",711341.41,09-06-2025,13-11-2025,Deep Construction Co.,New Recommendation
WS/56590/2023/00680,Maharashtra,AURANGABAD_MH,ABHIJIT GANGOPADHYAY,Streetlight Installation,"Installation of streetlights at Nehru Path chowk, AURANGABAD_MH",341211.08,06-07-2023,28-04-2024,Progressive Engineers & Contractors,New Recommendation
WS/66694/2025/00738,Kerala,ERNAKULAM,AASHTIKAR PATIL NAGESH BAPURAO,School Building Repair,"Repair and renovation of Govt. School building at Subhash Nagar, ERNAKULAM",1297352.8,21-11-2025,18-12-2026,Shree Balaji Construction Co.,New Recommendation
WS/87609/2023/00876,Uttar Pradesh,KANPUR,PRIYA VERMA,Streetlight Installation,"LED streetlight installation along Kisan Nagar road, KANPUR",272172.39,06-10-2023,06-12-2023,National Builders & Contractors,Ongoing
WS/46325/2023/00586,Kerala,IDUKKI,ADV ADOOR PRAKASH,Community Hall,"Multipurpose community centre building at Andouli panchayat, IDUKKI",2381779.17,30-12-2023,11-11-2024,Progressive Engineers & Contractors,Sanctioned
WS/89609/2024/00853,Kerala,ATTINGAL,SANJAY DESHMUKH,Water Supply / Handpump,"Installation of handpump at Ambedkar Colony village, ATTINGAL",574027.38,19-03-2024,20-09-2024,Deep Construction Co.,Completed
WS/23970/2023/00043,West Bengal,MURSHIDABAD,PRIYA VERMA,School Building Repair,"Repair and renovation of Govt. School building at Subhash Nagar, MURSHIDABAD",959514.01,30-08-2023,28-09-2024,Deep Construction Co.,Completed
WS/93354/2023/00278,Kerala,IDUKKI,ABU TAHER KHAN,Road Construction,"Widening and strengthening of road near Kisan Nagar village, IDUKKI",2385075.81,25-04-2023,21-10-2023,United Rural Builders,New Recommendation
WS/40704/2024/00734,Kerala,KOTTAYAM,ADITYA YADAV,Road Construction,Construction of concrete road from Ambedkar Colony to Vivekanand Marg in KOTTAYAM,2187677.4,31-12-2024,03-08-2025,Deep Construction Co.,Ongoing
WS/15144/2023/00491,Uttar Pradesh,BADAUN,MEERA IYER,School Building Repair,"Repair and renovation of Govt. School building at Station Road, BADAUN",1557814.14,14-05-2023,15-11-2023,United Rural Builders,Sanctioned
WS/64415/2023/00565,Bihar,AURANGABAD_BR,ABDUL RASHID SHEIKH,Streetlight Installation,"LED streetlight installation along Shanti Nagar road, AURANGABAD_BR",228051.44,04-06-2023,03-10-2023,Bharat Infra Solutions,Ongoing
WS/84946/2024/00083,Bihar,PATNA_SAHIB,RAVI SHANKAR PRASAD JI,Solar Light Installation,"Solar street light at Subhash Nagar chowk parisar, PATNA_SAHIB",290200.52,10-07-2024,19-02-2025,Ganesh Engineering Works,Ongoing
WS/50088/2023/00800,Bihar,GAYA,RAVI SHANKAR PRASAD JI,Drainage / Nala,"Covered drain construction from Ambedkar Colony to Nehru Path, GAYA",797566.92,27-09-2023,05-04-2024,Sri Lakshmi Contractors,Sanctioned
WS/84202/2025/00640,Maharashtra,AURANGABAD_MH,ADHIKARI SOUMENDU,Streetlight Installation,"Installation of streetlights at Kisan Nagar chowk, AURANGABAD_MH",374641.63,05-02-2025,01-12-2025,Bharat Infra Solutions,Sanctioned
WS/89194/2024/00355,Kerala,ATTINGAL,ABHIJIT GANGOPADHYAY,School Building Repair,"Construction of additional classroom at Bazaar Road school, ATTINGAL",977273.97,22-10-2024,28-09-2025,Shree Balaji Construction Co.,Completed
WS/43386/2024/00037,Bihar,GAYA,ADV K FRANCIS GEORGE,School Building Repair,"Construction of additional classroom at Andouli school, GAYA",1248692.39,05-09-2024,02-01-2025,Sri Lakshmi Contractors,Ongoing
WS/59250/2024/00793,Jammu And Kashmir,JAMMU,ABHAY KUMAR SINHA,Road Construction,Construction of concrete road from Gandhi Chowk to Panchayat Bhavan Marg in JAMMU,1033844.32,23-08-2024,22-03-2025,Ganesh Engineering Works,Ongoing
WS/61546/2025/00701,Kerala,ATTINGAL,ABHAY KUMAR SINHA,Community Hall,"Construction of community hall at Andouli, ATTINGAL",2287011.43,31-12-2025,24-05-2026,Sri Lakshmi Contractors,Completed
WS/55829/2024/00506,West Bengal,TAMLUK,ADITYA YADAV,Solar Light Installation,"Solar light installation near Station Road hanuman mandir, TAMLUK",315357.8,29-05-2024,24-02-2025,Shree Balaji Construction Co.,New Recommendation
WS/98288/2024/00242,Uttar Pradesh,KANPUR,PRIYA VERMA,Streetlight Installation,"Installation of streetlights at Kisan Nagar chowk, KANPUR",201404.43,26-03-2024,14-01-2025,Jai Hind Infrastructure,Ongoing
WS/16256/2025/00706,Uttar Pradesh,BADAUN,ABDUL RASHID SHEIKH,Solar Light Installation,"Solar street light at Panchayat Bhavan Marg chowk parisar, BADAUN",230542.6,02-01-2025,17-11-2025,New India Construction Co.,Completed
WS/66841/2024/00338,Maharashtra,HINGOLI,ADV GOWAAL KAGADA PADAVI,Community Hall,"Multipurpose community centre building at Panchayat Bhavan Marg panchayat, HINGOLI",2639815.78,14-09-2024,14-09-2025,United Rural Builders,New Recommendation
WS/85936/2024/00561,West Bengal,TAMLUK,ADITYA YADAV,Solar Light Installation,"Solar light installation near Gandhi Chowk hanuman mandir, TAMLUK",328847.48,17-09-2024,08-07-2025,Progressive Engineers & Contractors,Ongoing
WS/82129/2024/00971,Jammu And Kashmir,SRINAGAR,AASHTIKAR PATIL NAGESH BAPURAO,Solar Light Installation,"Solar street light at Subhash Nagar chowk parisar, BARAMULLAH",1326639.71,07-07-2024,04-03-2025,Bharat Infra Solutions,Completed
WS/70577/2023/00780,Maharashtra,AURANGABAD_MH,ADV K FRANCIS GEORGE,School Building Repair,"Construction of additional classroom at Andouli school, AURANGABAD_MH",1031310.38,15-12-2023,29-05-2024,United Rural Builders,Completed
WS/68743/2023/00061,Maharashtra,NANDURBAR(ST),SANJAY DESHMUKH,School Building Repair,"Construction of additional classroom at Andouli school, NANDURBAR(ST)",1177246.7,03-12-2023,01-10-2024,Progressive Engineers & Contractors,Sanctioned
WS/36037/2024/00343,West Bengal,TAMLUK,ANITA JOSHI,Water Supply / Handpump,"Water supply pipeline extension to Bazaar Road area, TAMLUK",632388.57,15-01-2024,12-05-2024,Om Sai Infra Pvt Ltd,Sanctioned
WS/66087/2024/00817,Kerala,KOTTAYAM,MEERA IYER,Drainage / Nala,"Construction of drainage/nala near Ambedkar Colony area, KOTTAYAM",846086.71,14-05-2024,22-05-2025,Om Sai Infra Pvt Ltd,New Recommendation
WS/61213/2024/00268,Kerala,IDUKKI,ADV DEAN KURIAKOSE,Road Construction,"CC road construction at Bazaar Road ward, IDUKKI",1326841.71,05-09-2024,16-02-2025,National Builders & Contractors,New Recommendation
WS/20142/2023/00946,Maharashtra,AURANGABAD_MH,ABU TAHER KHAN,Road Construction,Construction of concrete road from Ambedkar Colony to Vivekanand Marg in AURANGABAD_MH,1041120.16,25-12-2023,25-05-2024,Shree Balaji Construction Co.,Completed
WS/96947/2023/00347,Bihar,PATNA_SAHIB,ADV K FRANCIS GEORGE,School Building Repair,"Construction of additional classroom at Panchayat Bhavan Marg school, PATNA_SAHIB",1433956.27,07-07-2023,28-09-2023,Shree Balaji Construction Co.,Ongoing
WS/39154/2023/00034,West Bengal,MURSHIDABAD,ADV DEAN KURIAKOSE,Drainage / Nala,"Covered drain construction from Gandhi Chowk to Ambedkar Colony, MURSHIDABAD",1008637.06,20-07-2023,31-03-2024,Shree Balaji Construction Co.,Sanctioned
WS/60755/2023/00716,West Bengal,HOWRAH,ABU TAHER KHAN,Solar Light Installation,"Solar street light at Gandhi Chowk chowk parisar, HOWRAH",354752.45,01-07-2023,14-07-2024,Progressive Engineers & Contractors,Sanctioned
WS/27984/2025/00270,Uttar Pradesh,BADAUN,ADV GOWAAL KAGADA PADAVI,Water Supply / Handpump,"Installation of handpump at Kisan Nagar village, BADAUN",719185.46,28-04-2025,24-09-2025,Om Sai Infra Pvt Ltd,Completed
WS/85090/2024/00483,Maharashtra,NAGPUR,ANITA JOSHI,Water Supply / Handpump,"Water supply pipeline extension to Shanti Nagar area, NAGPUR",628713.88,31-12-2024,25-06-2025,Sri Lakshmi Contractors,Ongoing
WS/59105/2023/00785,West Bengal,KANTHI,MEERA IYER,Road Construction,Construction of concrete road from Gandhi Chowk to Gandhi Chowk in KANTHI,1816949.1,20-05-2023,28-01-2024,Ganesh Engineering Works,Ongoing
WS/89822/2025/00114,Uttar Pradesh,LUCKNOW,SANJAY DESHMUKH,Solar Light Installation,"Solar street light at Panchayat Bhavan Marg chowk parisar, LUCKNOW",296338.0,25-05-2025,07-06-2026,Jai Hind Infrastructure,Completed
WS/83007/2024/00662,Kerala,IDUKKI,PRIYA VERMA,Water Supply / Handpump,"Water supply pipeline extension to Andouli area, IDUKKI",496303.67,02-12-2024,11-06-2025,Om Sai Infra Pvt Ltd,Completed
WS/54092/2023/00059,Bihar,AURANGABAD_BR,ABHAY KUMAR SINHA,Community Hall,"Multipurpose community centre building at Andouli panchayat, AURANGABAD_BR",3704077.96,06-12-2023,28-09-2024,Jai Hind Infrastructure,Sanctioned
WS/54359/2023/00409,Kerala,IDUKKI,MEERA IYER,Solar Light Installation,"Solar light installation near Station Road hanuman mandir, IDUKKI",344759.0,13-09-2023,02-01-2024,Ganesh Engineering Works,Sanctioned
WS/35265/2025/00320,Kerala,ERNAKULAM,ABU TAHER KHAN,Solar Light Installation,"Solar light installation near Gandhi Chowk hanuman mandir, ERNAKULAM",397953.37,17-09-2025,03-09-2026,Shree Balaji Construction Co.,Ongoing
WS/94466/2025/00651,Jammu And Kashmir,SRINAGAR,ADITYA YADAV,Solar Light Installation,"Solar street light at Subhash Nagar chowk parisar, SRINAGAR",411586.35,24-10-2025,04-08-2026,Progressive Engineers & Contractors,New Recommendation
WS/97706/2023/00915,Jammu And Kashmir,BARAMULLAH,ADV GOWAAL KAGADA PADAVI,Streetlight Installation,"LED streetlight installation along Ram Nagar road, BARAMULLAH",1133939.13,14-06-2023,05-12-2023,Sri Lakshmi Contractors,Sanctioned
WS/49021/2024/00248,Uttar Pradesh,BADAUN,MEERA IYER,Streetlight Installation,"LED streetlight installation along Andouli road, BADAUN",248343.87,09-06-2024,29-09-2024,Deep Construction Co.,Ongoing
WS/65550/2024/00740,Maharashtra,NAGPUR,ADITYA YADAV,Community Hall,"Construction of community hall at Ram Nagar, NAGPUR",1704522.25,06-11-2024,17-01-2025,Deep Construction Co.,Ongoing
WS/43016/2024/00548,West Bengal,TAMLUK,ANITA JOSHI,Road Construction,Construction of concrete road from Gandhi Chowk to Andouli in TAMLUK,1965349.24,25-03-2024,13-09-2024,Deep Construction Co.,New Recommendation
WS/96200/2024/00077,Uttar Pradesh,BADAUN,MEERA IYER,Road Construction,"Widening and strengthening of road near Station Road village, BADAUN",1334679.17,26-02-2024,24-06-2024,Sri Lakshmi Contractors,Completed
WS/40490/2024/00295,Uttar Pradesh,LUCKNOW,VIKRAM SINGH RATHORE,Streetlight Installation,"Installation of streetlights at Bazaar Road chowk, LUCKNOW",289073.88,15-08-2024,02-11-2024,Om Sai Infra Pvt Ltd,Completed
WS/32439/2024/00162,Jammu And Kashmir,JAMMU,ADV GOWAAL KAGADA PADAVI,Streetlight Installation,"LED streetlight installation along Panchayat Bhavan Marg road, JAMMU",390065.11,27-08-2024,19-09-2025,National Builders & Contractors,Ongoing
WS/49926/2023/00725,Maharashtra,PUNE,RAVI SHANKAR PRASAD JI,Streetlight Installation,"LED streetlight installation along Bazaar Road road, PUNE",453793.84,09-12-2023,17-11-2024,Progressive Engineers & Contractors,Ongoing
WS/77964/2023/00773,Bihar,AURANGABAD_BR,ADV ADOOR PRAKASH,Community Hall,"Multipurpose community centre building at Andouli panchayat, AURANGABAD_BR",3148924.73,11-06-2023,29-03-2024,Shree Balaji Construction Co.,New Recommendation
WS/86015/2025/00766,Kerala,KOTTAYAM,AASHTIKAR PATIL NAGESH BAPURAO,Solar Light Installation,"Solar street light at Panchayat Bhavan Marg chowk parisar, KOTTAYAM",204815.95,21-07-2025,15-03-2026,Sri Lakshmi Contractors,Sanctioned
WS/22475/2023/00258,Maharashtra,NAGPUR,ADV GOWAAL KAGADA PADAVI,Water Supply / Handpump,"Water supply pipeline extension to Andouli area, NAGPUR",689608.96,26-11-2023,31-08-2024,Progressive Engineers & Contractors,Completed
WS/73691/2023/00813,Kerala,ATTINGAL,ABHIJIT GANGOPADHYAY,Drainage / Nala,"Covered drain construction from Ambedkar Colony to Vivekanand Marg, ATTINGAL",770101.09,08-04-2023,16-12-2023,Jai Hind Infrastructure,New Recommendation
WS/52714/2024/00230,West Bengal,KANTHI,ADHIKARI SOUMENDU,School Building Repair,"Construction of additional classroom at Subhash Nagar school, KANTHI",1756215.31,24-01-2024,11-02-2025,Metro Civil Works Pvt Ltd,Ongoing
WS/98501/2023/00024,Uttar Pradesh,LUCKNOW,ABDUL RASHID SHEIKH,Streetlight Installation,"Installation of streetlights at Gandhi Chowk chowk, LUCKNOW",186050.16,08-10-2023,11-01-2024,Jai Hind Infrastructure,Completed
WS/39402/2025/00339,West Bengal,KANTHI,ADITYA YADAV,Drainage / Nala,"Construction of drainage/nala near Kisan Nagar area, KANTHI",1153275.92,27-10-2025,20-07-2026,Shree Balaji Construction Co.,Ongoing
WS/14959/2023/00554,Uttar Pradesh,VARANASI,MEERA IYER,Road Construction,"Widening and strengthening of road near Panchayat Bhavan Marg village, VARANASI",2324071.07,31-08-2023,28-09-2024,Progressive Engineers & Contractors,Completed
WS/85989/2023/00616,Uttar Pradesh,LUCKNOW,ADHIKARI SOUMENDU,Water Supply / Handpump,"Installation of handpump at Vivekanand Marg village, LUCKNOW",446073.57,02-07-2023,13-11-2023,Deep Construction Co.,New Recommendation
WS/12671/2023/00053,Bihar,AURANGABAD_BR,ABHAY KUMAR SINHA,Solar Light Installation,"Solar light installation near Bazaar Road hanuman mandir, AURANGABAD_BR",435049.96,12-05-2023,26-07-2023,Ganesh Engineering Works,Ongoing
WS/51800/2023/00237,West Bengal,MURSHIDABAD,ANITA JOSHI,School Building Repair,"Repair and renovation of Govt. School building at Ram Nagar, MURSHIDABAD",887620.42,09-07-2023,18-04-2024,Deep Construction Co.,Sanctioned
WS/14145/2025/00511,Kerala,IDUKKI,PRIYA VERMA,Drainage / Nala,"Construction of drainage/nala near Nehru Path area, IDUKKI",835672.68,02-09-2025,07-04-2026,Deep Construction Co.,New Recommendation
WS/20205/2023/00121,Uttar Pradesh,VARANASI,ABHAY KUMAR SINHA,School Building Repair,"Construction of additional classroom at Vivekanand Marg school, VARANASI",1606470.11,14-05-2023,21-02-2024,Shree Balaji Construction Co.,Sanctioned
WS/32871/2023/00104,Jammu And Kashmir,JAMMU,AASHTIKAR PATIL NAGESH BAPURAO,Community Hall,"Construction of community hall at Ram Nagar, JAMMU",3646015.32,27-08-2023,31-12-2023,United Rural Builders,New Recommendation
WS/48980/2025/00306,Jammu And Kashmir,BARAMULLAH,SANJAY DESHMUKH,Water Supply / Handpump,"Installation of handpump at Gandhi Chowk village, BARAMULLAH",587878.7,03-11-2025,05-10-2026,Bharat Infra Solutions,New Recommendation
WS/81943/2025/00530,Uttar Pradesh,BADAUN,ANITA JOSHI,School Building Repair,"Construction of additional classroom at Andouli school, BADAUN",1586691.44,20-08-2025,18-03-2026,Shree Balaji Construction Co.,New Recommendation
WS/71548/2024/00934,Kerala,KOTTAYAM,SANJAY DESHMUKH,Solar Light Installation,"Solar street light at Ram Nagar chowk parisar, KOTTAYAM",259120.46,25-04-2024,21-08-2024,Ganesh Engineering Works,Ongoing
WS/19150/2023/00081,West Bengal,HOWRAH,VIKRAM SINGH RATHORE,Drainage / Nala,"Covered drain construction from Nehru Path to Subhash Nagar, HOWRAH",711107.83,27-08-2023,09-05-2024,Ganesh Engineering Works,Ongoing
WS/99740/2025/00583,West Bengal,KANTHI,ANITA JOSHI,Road Construction,"Widening and strengthening of road near Ram Nagar village, KANTHI",1304202.97,10-05-2025,24-11-2025,Deep Construction Co.,Ongoing
WS/67377/2024/00073,West Bengal,TAMLUK,MEERA IYER,Water Supply / Handpump,"Installation of handpump at Ram Nagar village, TAMLUK",412863.83,17-05-2024,02-12-2024,United Rural Builders,Sanctioned
WS/54514/2025/00745,West Bengal,MURSHIDABAD,AASHTIKAR PATIL NAGESH BAPURAO,School Building Repair,"Repair and renovation of Govt. School building at Panchayat Bhavan Marg, MURSHIDABAD",937488.03,23-06-2025,29-03-2026,Jai Hind Infrastructure,Completed
WS/51766/2023/00641,Uttar Pradesh,LUCKNOW,RAJESH KUMAR SHARMA,School Building Repair,"Repair and renovation of Govt. School building at Ram Nagar, LUCKNOW",606841.16,02-09-2023,02-04-2024,Sri Lakshmi Contractors,Sanctioned
WS/19521/2024/00956,West Bengal,TAMLUK,ABHIJIT GANGOPADHYAY,School Building Repair,"Construction of additional classroom at Gandhi Chowk school, VARANASI",1028136.42,13-06-2024,15-11-2024,New India Construction Co.,Ongoing
WS/73463/2023/00835,Maharashtra,AURANGABAD_MH,VIKRAM SINGH RATHORE,Community Hall,"Multipurpose community centre building at Panchayat Bhavan Marg panchayat, AURANGABAD_MH",3234314.63,06-07-2023,03-07-2024,National Builders & Contractors,Sanctioned
WS/27225/2025/00862,Kerala,IDUKKI,ADV K FRANCIS GEORGE,Solar Light Installation,"Solar light installation near Ram Nagar hanuman mandir, IDUKKI",367537.45,19-09-2025,10-06-2026,United Rural Builders,Sanctioned
WS/87401/2024/00968,Maharashtra,NANDURBAR(ST),MEERA IYER,Road Construction,Construction of concrete road from Nehru Path to Nehru Path in GAYA,234771.08,12-08-2024,03-12-2024,New India Construction Co.,Ongoing
WS/25362/2025/00949,Maharashtra,AURANGABAD_MH,ABU TAHER KHAN,Drainage / Nala,"Covered drain construction from Vivekanand Marg to Vivekanand Marg, AURANGABAD_MH",893699.75,06-01-2025,11-01-2026,Shree Balaji Construction Co.,Completed
WS/44946/2025/00634,Jammu And Kashmir,BARAMULLAH,RAVI SHANKAR PRASAD JI,Community Hall,"Multipurpose community centre building at Andouli panchayat, BARAMULLAH",1593444.05,02-02-2025,05-11-2025,Jai Hind Infrastructure,Sanctioned
WS/94819/2024/00366,Kerala,KOTTAYAM,ADITYA YADAV,Solar Light Installation,"Solar light installation near Station Road hanuman mandir, KOTTAYAM",289410.23,02-04-2024,18-01-2025,Om Sai Infra Pvt Ltd,Ongoing
WS/43767/2024/00820,Maharashtra,NAGPUR,AASHTIKAR PATIL NAGESH BAPURAO,Drainage / Nala,"Construction of drainage/nala near Panchayat Bhavan Marg area, NAGPUR",1136103.13,29-02-2024,11-11-2024,Bharat Infra Solutions,Ongoing
WS/34470/2023/00772,Maharashtra,NANDURBAR(ST),ABHIJIT GANGOPADHYAY,Water Supply / Handpump,"Water supply pipeline extension to Gandhi Chowk area, NANDURBAR(ST)",587034.74,03-05-2023,05-05-2024,Metro Civil Works Pvt Ltd,Completed
WS/63145/2024/00852,Maharashtra,NAGPUR,ANITA JOSHI,Water Supply / Handpump,"Installation of handpump at Andouli village, NAGPUR",295499.87,22-08-2024,11-07-2025,Progressive Engineers & Contractors,Completed
WS/41278/2025/00585,Bihar,AURANGABAD_BR,RAVI SHANKAR PRASAD JI,Water Supply / Handpump,"Water supply pipeline extension to Station Road area, AURANGABAD_BR",246904.14,27-03-2025,07-09-2025,National Builders & Contractors,New Recommendation
WS/76287/2023/00213,Maharashtra,NAGPUR,ABU TAHER KHAN,Solar Light Installation,"Solar light installation near Ambedkar Colony hanuman mandir, NAGPUR",320745.58,09-06-2023,24-10-2023,Shree Balaji Construction Co.,Ongoing
WS/98181/2024/00195,Maharashtra,NAGPUR,ABU TAHER KHAN,Streetlight Installation,"Installation of streetlights at Nehru Path chowk, NAGPUR",336941.06,29-10-2024,26-01-2025,United Rural Builders,Sanctioned
WS/78298/2024/00509,West Bengal,MURSHIDABAD,MEERA IYER,Solar Light Installation,"Solar street light at Nehru Path chowk parisar, MURSHIDABAD",287938.64,09-03-2024,30-12-2024,Sri Lakshmi Contractors,Completed
WS/44242/2025/00541,Maharashtra,AURANGABAD_MH,ADHIKARI SOUMENDU,Streetlight Installation,"LED streetlight installation along Kisan Nagar road, AURANGABAD_MH",482535.26,03-02-2025,18-11-2025,New India Construction Co.,Ongoing
WS/11850/2024/00658,West Bengal,HOWRAH,ADV DEAN KURIAKOSE,Drainage / Nala,"Covered drain construction from Kisan Nagar to Station Road, HOWRAH",380155.14,11-04-2024,05-09-2024,Jai Hind Infrastructure,Completed
WS/93914/2025/00918,West Bengal,HOWRAH,ABHIJIT GANGOPADHYAY,Road Construction,"CC road construction at Gandhi Chowk ward, HOWRAH",1726638.08,27-11-2025,23-09-2026,Om Sai Infra Pvt Ltd,Ongoing
WS/30892/2023/00349,West Bengal,HOWRAH,SANJAY DESHMUKH,Water Supply / Handpump,"Water supply pipeline extension to Ram Nagar area, HOWRAH",820286.72,18-09-2023,13-01-2024,National Builders & Contractors,Completed
WS/98117/2025/00074,West Bengal,KANTHI,ADV DEAN KURIAKOSE,Road Construction,Construction of concrete road from Nehru Path to Bazaar Road in KANTHI,955255.71,10-12-2025,29-11-2026,Jai Hind Infrastructure,Completed
WS/26759/2023/00818,Kerala,ERNAKULAM,ADV GOWAAL KAGADA PADAVI,Streetlight Installation,"LED streetlight installation along Ambedkar Colony road, ERNAKULAM",237784.63,25-08-2023,16-07-2024,Jai Hind Infrastructure,Completed
WS/93021/2023/00582,West Bengal,HOWRAH,ABU TAHER KHAN,Solar Light Installation,"Solar light installation near Andouli hanuman mandir, HOWRAH",346097.21,07-10-2023,12-06-2024,Progressive Engineers & Contractors,Sanctioned
WS/42539/2024/00418,Kerala,IDUKKI,ADV K FRANCIS GEORGE,School Building Repair,"Construction of additional classroom at Nehru Path school, IDUKKI",1737623.96,10-09-2024,10-08-2025,Shree Balaji Construction Co.,New Recommendation
WS/46583/2023/00369,Kerala,ATTINGAL,ADHIKARI SOUMENDU,Drainage / Nala,"Construction of drainage/nala near Station Road area, ATTINGAL",961571.54,01-08-2023,10-04-2024,Shree Balaji Construction Co.,Sanctioned
WS/31319/2024/00006,Bihar,AURANGABAD_BR,ADV ADOOR PRAKASH,Solar Light Installation,"Solar light installation near Vivekanand Marg hanuman mandir, AURANGABAD_BR",135350.5,10-01-2024,28-10-2024,Progressive Engineers & Contractors,New Recommendation
WS/67725/2024/00753,Maharashtra,PUNE,AASHTIKAR PATIL NAGESH BAPURAO,Road Construction,"CC road construction at Gandhi Chowk ward, PUNE",1408407.33,20-10-2024,15-02-2025,National Builders & Contractors,New Recommendation
WS/95720/2024/00788,West Bengal,TAMLUK,ADV ADOOR PRAKASH,Drainage / Nala,"Covered drain construction from Vivekanand Marg to Andouli, TAMLUK",395296.78,26-02-2024,23-07-2024,Shree Balaji Construction Co.,Sanctioned
WS/71080/2024/00209,Bihar,PATNA_SAHIB,MEERA IYER,Streetlight Installation,"LED streetlight installation along Ram Nagar road, PATNA_SAHIB",441924.6,10-02-2024,21-08-2024,New India Construction Co.,Sanctioned
WS/33659/2024/00720,Maharashtra,AURANGABAD_MH,ADV K FRANCIS GEORGE,School Building Repair,"Construction of additional classroom at Subhash Nagar school, AURANGABAD_MH",1224450.24,16-08-2024,26-10-2024,New India Construction Co.,Sanctioned
WS/28423/2025/00645,Uttar Pradesh,VARANASI,ABHAY KUMAR SINHA,School Building Repair,"Repair and renovation of Govt. School building at Gandhi Chowk, VARANASI",1655482.54,16-02-2025,19-03-2026,Om Sai Infra Pvt Ltd,Sanctioned
WS/44179/2025/00025,Uttar Pradesh,LUCKNOW,ABDUL RASHID SHEIKH,Streetlight Installation,"LED streetlight installation along Gandhi Chowk road, LUCKNOW",186892.53,02-02-2025,26-01-2026,Jai Hind Infrastructure,New Recommendation
WS/62642/2024/00597,Kerala,ATTINGAL,VIKRAM SINGH RATHORE,Road Construction,"Widening and strengthening of road near Bazaar Road village, ATTINGAL",1037019.6,16-10-2024,12-02-2025,Bharat Infra Solutions,Completed
WS/75230/2024/00089,Uttar Pradesh,KANPUR,ADHIKARI SOUMENDU,Drainage / Nala,"Construction of drainage/nala near Bazaar Road area, KANPUR",457562.42,15-12-2024,27-08-2025,Jai Hind Infrastructure,Ongoing
WS/59081/2023/00197,West Bengal,TAMLUK,ADV GOWAAL KAGADA PADAVI,School Building Repair,"Construction of additional classroom at Subhash Nagar school, TAMLUK",651973.86,17-08-2023,08-09-2024,Deep Construction Co.,Sanctioned
WS/75004/2025/00542,Jammu And Kashmir,JAMMU,ABDUL RASHID SHEIKH,Community Hall,"Construction of community hall at Subhash Nagar, JAMMU",3960179.14,16-12-2025,29-04-2026,Jai Hind Infrastructure,Ongoing
WS/61435/2025/00445,Kerala,ATTINGAL,ADV K FRANCIS GEORGE,Road Construction,"Widening and strengthening of road near Ram Nagar village, ATTINGAL",2234028.71,30-11-2025,13-04-2026,Shree Balaji Construction Co.,New Recommendation
WS/68929/2023/00166,Jammu And Kashmir,SRINAGAR,ANITA JOSHI,Streetlight Installation,"Installation of streetlights at Gandhi Chowk chowk, SRINAGAR",197782.77,04-12-2023,27-09-2024,Om Sai Infra Pvt Ltd,New Recommendation
WS/72835/2025/00207,Bihar,PATNA_SAHIB,ABDUL RASHID SHEIKH,Solar Light Installation,"Solar street light at Gandhi Chowk chowk parisar, PATNA_SAHIB",125474.51,02-07-2025,27-06-2026,Deep Construction Co.,Ongoing
WS/37479/2023/00231,Bihar,AURANGABAD_BR,ADITYA YADAV,Streetlight Installation,"Installation of streetlights at Ambedkar Colony chowk, AURANGABAD_BR",598769.22,02-10-2023,07-09-2024,Shree Balaji Construction Co.,Sanctioned
WS/38758/2023/00293,Jammu And Kashmir,BARAMULLAH,ABHIJIT GANGOPADHYAY,Drainage / Nala,"Covered drain construction from Bazaar Road to Subhash Nagar, BARAMULLAH",891177.98,29-12-2023,26-11-2024,Deep Construction Co.,Completed
WS/15504/2023/00449,Bihar,AURANGABAD_BR,ADHIKARI SOUMENDU,Solar Light Installation,"Solar street light at Bazaar Road chowk parisar, AURANGABAD_BR",196635.02,01-08-2023,19-04-2024,Ganesh Engineering Works,Completed
WS/24326/2023/00503,Kerala,KOTTAYAM,ADV K FRANCIS GEORGE,Streetlight Installation,"Installation of streetlights at Bazaar Road chowk, KOTTAYAM",336191.06,01-11-2023,16-04-2024,Jai Hind Infrastructure,Completed
WS/25806/2023/00259,Maharashtra,NANDURBAR(ST),ADV ADOOR PRAKASH,Streetlight Installation,"Installation of streetlights at Subhash Nagar chowk, NANDURBAR(ST)",455992.23,10-04-2023,13-06-2023,Deep Construction Co.,New Recommendation
WS/62725/2025/00201,Uttar Pradesh,BADAUN,MEERA IYER,Streetlight Installation,"Installation of streetlights at Ambedkar Colony chowk, BADAUN",452410.64,10-09-2025,03-12-2025,Ganesh Engineering Works,Completed
WS/73809/2025/00985,Kerala,IDUKKI,ANITA JOSHI,Community Hall,"Multipurpose community centre building at Nehru Path panchayat, IDUKKI",3059487.83,09-02-2025,10-02-2025,Bharat Infra Solutions,Completed
WS/24769/2023/00570,Uttar Pradesh,LUCKNOW,MEERA IYER,Solar Light Installation,"Solar street light at Shanti Nagar chowk parisar, LUCKNOW",319262.49,31-10-2023,19-05-2024,Shree Balaji Construction Co.,Ongoing
WS/31596/2023/00588,Jammu And Kashmir,SRINAGAR,ABHAY KUMAR SINHA,Road Construction,"CC road construction at Nehru Path ward, SRINAGAR",1464160.25,01-10-2023,25-04-2024,Om Sai Infra Pvt Ltd,Completed
WS/69409/2025/00653,Uttar Pradesh,BADAUN,RAJESH KUMAR SHARMA,School Building Repair,"Repair and renovation of Govt. School building at Kisan Nagar, BADAUN",1242962.32,11-07-2025,16-06-2026,Deep Construction Co.,New Recommendation
WS/42768/2023/00137,Bihar,PATNA_SAHIB,ANITA JOSHI,Streetlight Installation,"LED streetlight installation along Andouli road, PATNA_SAHIB",338397.37,13-09-2023,22-02-2024,Jai Hind Infrastructure,Ongoing
WS/46264/2025/00387,Bihar,PATNA_SAHIB,ADHIKARI SOUMENDU,Road Construction,"CC road construction at Vivekanand Marg ward, PATNA_SAHIB",1332465.13,13-06-2025,03-12-2025,Deep Construction Co.,Sanctioned
WS/98407/2025/00461,Uttar Pradesh,LUCKNOW,RAVI SHANKAR PRASAD JI,Water Supply / Handpump,"Water supply pipeline extension to Ambedkar Colony area, LUCKNOW",590699.13,04-05-2025,26-08-2025,Progressive Engineers & Contractors,New Recommendation
WS/86869/2025/00111,Maharashtra,HINGOLI,ABHAY KUMAR SINHA,Road Construction,"Widening and strengthening of road near Station Road village, HINGOLI",1534190.08,02-05-2025,07-01-2026,National Builders & Contractors,Completed
WS/98063/2023/00329,West Bengal,TAMLUK,ADITYA YADAV,Community Hall,"Multipurpose community centre building at Vivekanand Marg panchayat, TAMLUK",3316374.69,14-11-2023,12-10-2024,Progressive Engineers & Contractors,Sanctioned
WS/93422/2025/00710,Uttar Pradesh,KANPUR,RAVI SHANKAR PRASAD JI,Streetlight Installation,"LED streetlight installation along Subhash Nagar road, KANPUR",500471.12,09-09-2025,23-03-2026,Jai Hind Infrastructure,Sanctioned
WS/41407/2025/00723,Jammu And Kashmir,SRINAGAR,ADV K FRANCIS GEORGE,Community Hall,"Construction of community hall at Bazaar Road, SRINAGAR",2438782.9,26-07-2025,24-11-2025,Shree Balaji Construction Co.,Ongoing
WS/79922/2023/00647,Maharashtra,NANDURBAR(ST),ADITYA YADAV,Community Hall,"Construction of community hall at Vivekanand Marg, NANDURBAR(ST)",2598688.53,17-12-2023,12-12-2024,Shree Balaji Construction Co.,Sanctioned
WS/61748/2025/00622,Maharashtra,NAGPUR,ABHIJIT GANGOPADHYAY,School Building Repair,"Repair and renovation of Govt. School building at Subhash Nagar, NAGPUR",1013281.69,03-02-2025,17-05-2025,Om Sai Infra Pvt Ltd,Ongoing
WS/94498/2025/00384,Jammu And Kashmir,BARAMULLAH,ADHIKARI SOUMENDU,Water Supply / Handpump,"Water supply pipeline extension to Station Road area, BARAMULLAH",759762.04,20-08-2025,15-11-2025,United Rural Builders,Sanctioned
WS/52193/2024/00966,Kerala,ATTINGAL,ANITA JOSHI,Drainage / Nala,"Construction of drainage/nala near Kisan Nagar area, GAYA",258235.55,02-08-2024,04-09-2025,Metro Civil Works Pvt Ltd,New Recommendation
WS/93202/2024/00075,Jammu And Kashmir,SRINAGAR,ANITA JOSHI,Water Supply / Handpump,"Water supply pipeline extension to Ambedkar Colony area, SRINAGAR",509560.58,10-01-2024,10-06-2024,Jai Hind Infrastructure,Sanctioned
WS/82667/2024/00039,Kerala,ATTINGAL,ADV GOWAAL KAGADA PADAVI,Streetlight Installation,"LED streetlight installation along Shanti Nagar road, ATTINGAL",289178.1,23-05-2024,05-01-2025,Sri Lakshmi Contractors,New Recommendation
WS/66317/2025/00863,Jammu And Kashmir,BARAMULLAH,RAJESH KUMAR SHARMA,Streetlight Installation,"Installation of streetlights at Bazaar Road chowk, BARAMULLAH",156142.03,01-03-2025,29-08-2025,Shree Balaji Construction Co.,New Recommendation
WS/98987/2023/00989,West Bengal,TAMLUK,ADV DEAN KURIAKOSE,Community Hall,"Construction of community hall at Vivekanand Marg, TAMLUK",2992596.98,25-09-2023,27-09-2023,Sri Lakshmi Contractors,Completed
WS/76164/2024/00627,Maharashtra,AURANGABAD_MH,VIKRAM SINGH RATHORE,Solar Light Installation,"Solar street light at Nehru Path chowk parisar, AURANGABAD_MH",263107.64,26-01-2024,27-02-2025,Metro Civil Works Pvt Ltd,Sanctioned
WS/23176/2025/00064,Jammu And Kashmir,BARAMULLAH,VIKRAM SINGH RATHORE,Community Hall,"Construction of community hall at Gandhi Chowk, BARAMULLAH",3311462.5,26-12-2025,19-11-2026,Jai Hind Infrastructure,New Recommendation
WS/54657/2024/00066,Kerala,ERNAKULAM,ABHIJIT GANGOPADHYAY,Solar Light Installation,"Solar street light at Shanti Nagar chowk parisar, ERNAKULAM",104292.89,17-01-2024,12-11-2024,Metro Civil Works Pvt Ltd,Sanctioned
WS/51779/2024/00954,Jammu And Kashmir,JAMMU,VIKRAM SINGH RATHORE,Community Hall,"Construction of community hall at Shanti Nagar, BARAMULLAH",1636000.27,07-06-2024,07-06-2025,Deep Construction Co.,New Recommendation
WS/85842/2025/00394,Maharashtra,PUNE,ABHIJIT GANGOPADHYAY,Water Supply / Handpump,"Installation of handpump at Station Road village, PUNE",877908.98,08-01-2025,27-07-2025,Deep Construction Co.,New Recommendation
WS/42370/2024/00868,Uttar Pradesh,KANPUR,ABDUL RASHID SHEIKH,Community Hall,"Construction of community hall at Vivekanand Marg, KANPUR",1775137.37,07-04-2024,27-10-2024,New India Construction Co.,Sanctioned
WS/59925/2023/00108,Maharashtra,HINGOLI,ADV K FRANCIS GEORGE,Streetlight Installation,"LED streetlight installation along Bazaar Road road, HINGOLI",216750.22,08-08-2023,24-02-2024,Jai Hind Infrastructure,New Recommendation
WS/76954/2023/00243,Kerala,IDUKKI,ADV K FRANCIS GEORGE,Road Construction,"CC road construction at Subhash Nagar ward, IDUKKI",1205573.63,29-07-2023,29-12-2023,New India Construction Co.,Ongoing
WS/33942/2024/00721,West Bengal,KANTHI,ABHAY KUMAR SINHA,Road Construction,Construction of concrete road from Nehru Path to Ram Nagar in KANTHI,2465636.39,06-10-2024,01-03-2025,Bharat Infra Solutions,Ongoing
WS/56267/2025/00732,West Bengal,TAMLUK,ABHAY KUMAR SINHA,Streetlight Installation,"LED streetlight installation along Subhash Nagar road, TAMLUK",163926.38,31-07-2025,14-05-2026,Progressive Engineers & Contractors,Completed
WS/12179/2023/00816,Bihar,PATNA_SAHIB,VIKRAM SINGH RATHORE,Streetlight Installation,"Installation of streetlights at Panchayat Bhavan Marg chowk, PATNA_SAHIB",335906.97,10-10-2023,10-12-2023,Progressive Engineers & Contractors,New Recommendation
WS/83724/2025/00696,Kerala,ATTINGAL,MEERA IYER,Solar Light Installation,"Solar light installation near Andouli hanuman mandir, ATTINGAL",259997.47,09-08-2025,03-12-2025,Om Sai Infra Pvt Ltd,Completed
WS/32939/2024/00512,West Bengal,MURSHIDABAD,RAJESH KUMAR SHARMA,School Building Repair,"Repair and renovation of Govt. School building at Ram Nagar, MURSHIDABAD",1561240.46,04-02-2024,23-07-2024,United Rural Builders,New Recommendation
WS/66370/2025/00109,West Bengal,HOWRAH,ABHIJIT GANGOPADHYAY,Solar Light Installation,"Solar street light at Ambedkar Colony chowk parisar, HOWRAH",345622.8,21-08-2025,20-09-2026,Progressive Engineers & Contractors,Ongoing
WS/37665/2024/00682,Bihar,GAYA,MEERA IYER,Solar Light Installation,"Solar street light at Shanti Nagar chowk parisar, GAYA",334590.95,29-12-2024,12-07-2025,New India Construction Co.,Ongoing
WS/57663/2024/00969,Bihar,GAYA,MEERA IYER,Road Construction,Construction of concrete road from Nehru Path to Nehru Path in GAYA,307799.25,29-08-2024,21-12-2024,National Builders & Contractors,Ongoing
WS/77632/2023/00238,Kerala,ATTINGAL,AASHTIKAR PATIL NAGESH BAPURAO,Solar Light Installation,"Solar light installation near Shanti Nagar hanuman mandir, ATTINGAL",220077.28,21-07-2023,12-12-2023,Deep Construction Co.,Ongoing
WS/93138/2023/00926,Bihar,GAYA,PRIYA VERMA,Community Hall,"Construction of community hall at Ambedkar Colony, GAYA",2801729.25,04-04-2023,19-01-2024,Shree Balaji Construction Co.,Ongoing
WS/58393/2025/00031,Kerala,ERNAKULAM,RAVI SHANKAR PRASAD JI,Road Construction,Construction of concrete road from Bazaar Road to Station Road in ERNAKULAM,990185.6,23-11-2025,08-04-2026,United Rural Builders,Completed
WS/53369/2023/00047,Jammu And Kashmir,BARAMULLAH,PRIYA VERMA,Water Supply / Handpump,"Water supply pipeline extension to Station Road area, BARAMULLAH",306963.69,06-11-2023,06-02-2024,Sri Lakshmi Contractors,Sanctioned
WS/29321/2024/00748,Uttar Pradesh,KANPUR,ANITA JOSHI,Water Supply / Handpump,"Water supply pipeline extension to Ambedkar Colony area, KANPUR",728061.54,13-02-2024,05-02-2025,United Rural Builders,Ongoing
WS/83284/2023/00414,West Bengal,MURSHIDABAD,ANITA JOSHI,Road Construction,"Widening and strengthening of road near Bazaar Road village, MURSHIDABAD",2052773.42,10-06-2023,24-09-2023,United Rural Builders,New Recommendation
WS/18585/2023/00633,West Bengal,KANTHI,ABDUL RASHID SHEIKH,Water Supply / Handpump,"Water supply pipeline extension to Nehru Path area, KANTHI",370960.22,27-11-2023,22-12-2024,Bharat Infra Solutions,Completed
WS/95964/2025/00892,Kerala,KOTTAYAM,ADV DEAN KURIAKOSE,Solar Light Installation,"Solar light installation near Shanti Nagar hanuman mandir, KOTTAYAM",417444.63,26-06-2025,03-10-2025,Shree Balaji Construction Co.,Ongoing
WS/56548/2025/00357,Kerala,KOTTAYAM,MEERA IYER,Road Construction,"CC road construction at Panchayat Bhavan Marg ward, KOTTAYAM",965642.94,03-02-2025,26-07-2025,Shree Balaji Construction Co.,New Recommendation
WS/22418/2025/00790,Bihar,GAYA,VIKRAM SINGH RATHORE,Road Construction,"CC road construction at Bazaar Road ward, GAYA",2011302.88,19-06-2025,05-06-2026,National Builders & Contractors,New Recommendation
WS/36337/2024/00810,Jammu And Kashmir,SRINAGAR,ADHIKARI SOUMENDU,Streetlight Installation,"Installation of streetlights at Andouli chowk, SRINAGAR",576817.49,05-07-2024,20-06-2025,Ganesh Engineering Works,Ongoing
WS/71894/2024/00332,West Bengal,TAMLUK,VIKRAM SINGH RATHORE,Road Construction,Construction of concrete road from Gandhi Chowk to Station Road in TAMLUK,2272868.73,18-11-2024,10-11-2025,Jai Hind Infrastructure,Completed
WS/76795/2025/00803,Maharashtra,HINGOLI,PRIYA VERMA,Streetlight Installation,"LED streetlight installation along Kisan Nagar road, HINGOLI",223063.07,21-05-2025,28-02-2026,Bharat Infra Solutions,New Recommendation
WS/28030/2024/00133,Maharashtra,PUNE,ADV GOWAAL KAGADA PADAVI,Drainage / Nala,"Covered drain construction from Shanti Nagar to Ram Nagar, PUNE",1156052.38,15-03-2024,17-01-2025,Ganesh Engineering Works,Ongoing
WS/86986/2025/00266,Uttar Pradesh,KANPUR,RAJESH KUMAR SHARMA,Streetlight Installation,"LED streetlight installation along Ram Nagar road, KANPUR",457323.92,21-05-2025,18-03-2026,Om Sai Infra Pvt Ltd,Completed
WS/91830/2023/00539,Kerala,KOTTAYAM,ABDUL RASHID SHEIKH,Water Supply / Handpump,"Water supply pipeline extension to Andouli area, KOTTAYAM",531212.37,21-09-2023,08-09-2024,Shree Balaji Construction Co.,New Recommendation
WS/19556/2024/00742,Bihar,AURANGABAD_BR,ABHIJIT GANGOPADHYAY,School Building Repair,"Construction of additional classroom at Bazaar Road school, AURANGABAD_BR",733702.9,14-03-2024,09-06-2024,New India Construction Co.,Ongoing
WS/84421/2023/00520,Kerala,ERNAKULAM,RAJESH KUMAR SHARMA,Community Hall,"Multipurpose community centre building at Shanti Nagar panchayat, ERNAKULAM",2330830.24,20-10-2023,17-09-2024,Om Sai Infra Pvt Ltd,Sanctioned
WS/80455/2024/00726,Maharashtra,AURANGABAD_MH,ADITYA YADAV,Solar Light Installation,"Solar street light at Subhash Nagar chowk parisar, AURANGABAD_MH",438769.03,17-04-2024,19-03-2025,National Builders & Contractors,Ongoing
WS/12888/2023/00590,West Bengal,KANTHI,SANJAY DESHMUKH,School Building Repair,"Construction of additional classroom at Gandhi Chowk school, KANTHI",1432792.94,22-04-2023,17-11-2023,Ganesh Engineering Works,Completed
WS/33040/2025/00185,Maharashtra,AURANGABAD_MH,ADV ADOOR PRAKASH,Streetlight Installation,"LED streetlight installation along Andouli road, AURANGABAD_MH",482408.94,18-08-2025,05-11-2025,National Builders & Contractors,Sanctioned
WS/15530/2024/00751,Uttar Pradesh,VARANASI,ADV K FRANCIS GEORGE,Streetlight Installation,"Installation of streetlights at Ambedkar Colony chowk, VARANASI",284834.22,02-03-2024,23-07-2024,Om Sai Infra Pvt Ltd,Sanctioned
WS/72347/2025/00621,Kerala,ERNAKULAM,ADV ADOOR PRAKASH,Streetlight Installation,"Installation of streetlights at Panchayat Bhavan Marg chowk, ERNAKULAM",333277.0,23-08-2025,29-05-2026,Ganesh Engineering Works,Completed
WS/28102/2025/00484,Uttar Pradesh,VARANASI,MEERA IYER,Streetlight Installation,"Installation of streetlights at Nehru Path chowk, VARANASI",209297.46,28-01-2025,07-06-2025,Jai Hind Infrastructure,Ongoing
WS/86568/2024/00386,Maharashtra,PUNE,ABHAY KUMAR SINHA,Drainage / Nala,"Covered drain construction from Shanti Nagar to Bazaar Road, PUNE",586007.34,05-07-2024,18-02-2025,Jai Hind Infrastructure,New Recommendation
WS/58777/2025/00843,Kerala,ERNAKULAM,ABU TAHER KHAN,Streetlight Installation,"Installation of streetlights at Bazaar Road chowk, ERNAKULAM",241693.3,04-01-2025,20-07-2025,Progressive Engineers & Contractors,Ongoing
WS/91877/2024/00787,Maharashtra,NAGPUR,ANITA JOSHI,Road Construction,"Widening and strengthening of road near Gandhi Chowk village, NAGPUR",2186561.37,25-02-2024,06-02-2025,Progressive Engineers & Contractors,Ongoing
WS/69048/2023/00070,Kerala,ATTINGAL,ADHIKARI SOUMENDU,Drainage / Nala,"Covered drain construction from Kisan Nagar to Bazaar Road, ATTINGAL",456432.19,16-06-2023,03-11-2023,Shree Balaji Construction Co.,Sanctioned
WS/87207/2025/00404,Bihar,AURANGABAD_BR,ANITA JOSHI,School Building Repair,"Repair and renovation of Govt. School building at Kisan Nagar, AURANGABAD_BR",721280.76,30-06-2025,02-05-2026,Sri Lakshmi Contractors,New Recommendation
WS/15759/2024/00789,Jammu And Kashmir,SRINAGAR,ADV ADOOR PRAKASH,Road Construction,"Widening and strengthening of road near Ram Nagar village, SRINAGAR",1918534.89,11-01-2024,06-02-2025,Jai Hind Infrastructure,New Recommendation
WS/49131/2025/00675,Jammu And Kashmir,SRINAGAR,PRIYA VERMA,Community Hall,"Multipurpose community centre building at Ambedkar Colony panchayat, SRINAGAR",3117920.0,03-12-2025,01-01-2027,National Builders & Contractors,Completed
WS/39135/2023/00286,Jammu And Kashmir,BARAMULLAH,MEERA IYER,Road Construction,"Widening and strengthening of road near Shanti Nagar village, BARAMULLAH",2166624.48,22-08-2023,22-12-2023,Shree Balaji Construction Co.,Completed
WS/41420/2025/00943,Maharashtra,AURANGABAD_MH,ABU TAHER KHAN,School Building Repair,"Construction of additional classroom at Panchayat Bhavan Marg school, AURANGABAD_MH",1288248.41,05-06-2025,03-02-2026,Shree Balaji Construction Co.,Ongoing
WS/39035/2025/00733,West Bengal,MURSHIDABAD,AASHTIKAR PATIL NAGESH BAPURAO,Road Construction,"Widening and strengthening of road near Kisan Nagar village, MURSHIDABAD",1586577.3,14-11-2025,21-04-2026,Metro Civil Works Pvt Ltd,Completed
WS/27677/2024/00471,Kerala,ATTINGAL,RAVI SHANKAR PRASAD JI,School Building Repair,"Repair and renovation of Govt. School building at Ambedkar Colony, ATTINGAL",767581.17,13-05-2024,25-03-2025,Sri Lakshmi Contractors,Ongoing
WS/62530/2025/00348,Bihar,PATNA_SAHIB,ADV DEAN KURIAKOSE,Water Supply / Handpump,"Water supply pipeline extension to Subhash Nagar area, PATNA_SAHIB",265065.92,13-07-2025,05-03-2026,National Builders & Contractors,Completed
WS/21334/2025/00577,Jammu And Kashmir,SRINAGAR,ADHIKARI SOUMENDU,Solar Light Installation,"Solar street light at Subhash Nagar chowk parisar, SRINAGAR",378097.89,01-12-2025,09-12-2026,National Builders & Contractors,Ongoing
WS/53412/2023/00870,Bihar,PATNA_SAHIB,RAJESH KUMAR SHARMA,Community Hall,"Multipurpose community centre building at Vivekanand Marg panchayat, PATNA_SAHIB",2260891.74,09-07-2023,13-09-2023,Progressive Engineers & Contractors,Ongoing
WS/40169/2024/00762,Bihar,GAYA,ABHAY KUMAR SINHA,Drainage / Nala,"Covered drain construction from Bazaar Road to Andouli, GAYA",976460.48,28-01-2024,10-11-2024,United Rural Builders,New Recommendation
WS/76074/2023/00361,Uttar Pradesh,LUCKNOW,ADHIKARI SOUMENDU,Water Supply / Handpump,"Installation of handpump at Subhash Nagar village, LUCKNOW",770670.91,16-07-2023,30-03-2024,Progressive Engineers & Contractors,New Recommendation
WS/68341/2025/00156,Uttar Pradesh,VARANASI,VIKRAM SINGH RATHORE,Drainage / Nala,"Covered drain construction from Ram Nagar to Panchayat Bhavan Marg, VARANASI",410373.68,21-08-2025,26-11-2025,Metro Civil Works Pvt Ltd,Ongoing
WS/69513/2023/00672,Bihar,GAYA,ABHIJIT GANGOPADHYAY,Solar Light Installation,"Solar light installation near Panchayat Bhavan Marg hanuman mandir, GAYA",213238.42,30-04-2023,09-08-2023,Metro Civil Works Pvt Ltd,Sanctioned
WS/37168/2024/00179,Uttar Pradesh,KANPUR,ADITYA YADAV,Drainage / Nala,"Covered drain construction from Kisan Nagar to Kisan Nagar, KANPUR",551105.76,31-01-2024,24-07-2024,Bharat Infra Solutions,New Recommendation
WS/82529/2023/00065,Bihar,AURANGABAD_BR,ADV GOWAAL KAGADA PADAVI,Road Construction,Construction of concrete road from Nehru Path to Kisan Nagar in AURANGABAD_BR,2003631.43,08-08-2023,24-02-2024,Shree Balaji Construction Co.,Completed
WS/52647/2024/00526,Jammu And Kashmir,JAMMU,ABHAY KUMAR SINHA,Water Supply / Handpump,"Water supply pipeline extension to Station Road area, JAMMU",851604.28,08-11-2024,13-09-2025,Om Sai Infra Pvt Ltd,Sanctioned
WS/38752/2024/00400,Uttar Pradesh,BADAUN,ADV GOWAAL KAGADA PADAVI,Road Construction,Construction of concrete road from Subhash Nagar to Bazaar Road in BADAUN,1168208.81,12-12-2024,09-10-2025,Metro Civil Works Pvt Ltd,Ongoing
WS/14630/2025/00538,West Bengal,HOWRAH,ADV K FRANCIS GEORGE,School Building Repair,"Construction of additional classroom at Kisan Nagar school, HOWRAH",894080.36,27-12-2025,25-07-2026,Bharat Infra Solutions,Ongoing
WS/73461/2024/00724,West Bengal,HOWRAH,ABHIJIT GANGOPADHYAY,Community Hall,"Construction of community hall at Andouli, HOWRAH",1651579.94,19-07-2024,27-06-2025,Sri Lakshmi Contractors,Completed
WS/24019/2024/00358,Uttar Pradesh,VARANASI,ABHIJIT GANGOPADHYAY,Road Construction,Construction of concrete road from Nehru Path to Bazaar Road in VARANASI,2324691.1,17-08-2024,26-12-2024,Deep Construction Co.,Sanctioned
WS/84055/2023/00216,Uttar Pradesh,VARANASI,RAJESH KUMAR SHARMA,Community Hall,"Construction of community hall at Gandhi Chowk, VARANASI",3487340.83,20-06-2023,26-02-2024,Sri Lakshmi Contractors,Sanctioned
WS/67105/2023/00963,Uttar Pradesh,BADAUN,AASHTIKAR PATIL NAGESH BAPURAO,Community Hall,"Construction of community hall at Shanti Nagar, TAMLUK",343050.81,11-04-2023,20-08-2023,Om Sai Infra Pvt Ltd,New Recommendation
WS/54579/2024/00513,Jammu And Kashmir,BARAMULLAH,MEERA IYER,Streetlight Installation,"LED streetlight installation along Ambedkar Colony road, BARAMULLAH",161220.65,07-08-2024,19-06-2025,National Builders & Contractors,Ongoing
WS/65212/2024/00959,Bihar,PATNA_SAHIB,ADITYA YADAV,Drainage / Nala,"Covered drain construction from Station Road to Station Road, NAGPUR",344693.77,18-08-2024,29-06-2025,Shree Balaji Construction Co.,New Recommendation
WS/84991/2025/00163,Uttar Pradesh,BADAUN,AASHTIKAR PATIL NAGESH BAPURAO,Road Construction,"CC road construction at Subhash Nagar ward, BADAUN",877285.07,16-01-2025,06-01-2026,Bharat Infra Solutions,Ongoing
WS/16175/2023/00010,Kerala,ERNAKULAM,PRIYA VERMA,Community Hall,"Construction of community hall at Ram Nagar, ERNAKULAM",2048301.9,20-08-2023,05-07-2024,Metro Civil Works Pvt Ltd,Completed
WS/29441/2024/00284,Jammu And Kashmir,JAMMU,ADV GOWAAL KAGADA PADAVI,Solar Light Installation,"Solar light installation near Ram Nagar hanuman mandir, JAMMU",346646.68,08-12-2024,26-02-2025,Ganesh Engineering Works,New Recommendation
WS/54062/2024/00470,West Bengal,HOWRAH,ANITA JOSHI,Road Construction,"CC road construction at Ram Nagar ward, HOWRAH",1177545.57,22-01-2024,09-10-2024,National Builders & Contractors,Ongoing
WS/13148/2023/00741,Jammu And Kashmir,SRINAGAR,ADV GOWAAL KAGADA PADAVI,Road Construction,"Widening and strengthening of road near Bazaar Road village, SRINAGAR",1864190.97,09-07-2023,21-09-2023,Metro Civil Works Pvt Ltd,Sanctioned
WS/74662/2024/00962,Maharashtra,AURANGABAD_MH,ADV K FRANCIS GEORGE,Community Hall,"Construction of community hall at Shanti Nagar, TAMLUK",1257248.91,07-05-2024,05-12-2024,Deep Construction Co.,Sanctioned
WS/34551/2024/00143,Kerala,IDUKKI,ABU TAHER KHAN,Community Hall,"Construction of community hall at Panchayat Bhavan Marg, IDUKKI",2573097.23,20-12-2024,17-08-2025,Ganesh Engineering Works,Sanctioned
WS/65363/2024/00364,Kerala,ATTINGAL,RAJESH KUMAR SHARMA,Streetlight Installation,"Installation of streetlights at Andouli chowk, ATTINGAL",366166.47,05-11-2024,05-08-2025,Progressive Engineers & Contractors,New Recommendation
WS/70901/2025/00044,Kerala,ERNAKULAM,ABDUL RASHID SHEIKH,Streetlight Installation,"LED streetlight installation along Panchayat Bhavan Marg road, ERNAKULAM",262139.23,16-08-2025,16-12-2025,Metro Civil Works Pvt Ltd,Ongoing
WS/15737/2023/00456,Uttar Pradesh,VARANASI,ADV K FRANCIS GEORGE,School Building Repair,"Repair and renovation of Govt. School building at Shanti Nagar, VARANASI",1297265.5,23-07-2023,09-11-2023,United Rural Builders,Completed
WS/23114/2024/00635,Uttar Pradesh,BADAUN,ADV K FRANCIS GEORGE,School Building Repair,"Repair and renovation of Govt. School building at Kisan Nagar, BADAUN",1198494.96,25-02-2024,12-02-2025,Om Sai Infra Pvt Ltd,Sanctioned
WS/16380/2025/00673,Bihar,AURANGABAD_BR,MEERA IYER,Community Hall,"Multipurpose community centre building at Panchayat Bhavan Marg panchayat, AURANGABAD_BR",3868545.99,21-04-2025,07-04-2026,National Builders & Contractors,Ongoing
WS/16975/2024/00667,Bihar,GAYA,VIKRAM SINGH RATHORE,Solar Light Installation,"Solar light installation near Gandhi Chowk hanuman mandir, GAYA",432517.74,21-10-2024,21-11-2025,Progressive Engineers & Contractors,Sanctioned
WS/71457/2025/00661,Uttar Pradesh,KANPUR,ADV ADOOR PRAKASH,Community Hall,"Multipurpose community centre building at Shanti Nagar panchayat, KANPUR",2957257.69,22-01-2025,12-11-2025,Om Sai Infra Pvt Ltd,Completed
WS/46585/2024/00035,Bihar,AURANGABAD_BR,ADV ADOOR PRAKASH,Road Construction,"CC road construction at Vivekanand Marg ward, AURANGABAD_BR",1922056.41,13-05-2024,27-12-2024,Bharat Infra Solutions,Completed
WS/85066/2025/00311,Uttar Pradesh,BADAUN,PRIYA VERMA,Solar Light Installation,"Solar street light at Gandhi Chowk chowk parisar, BADAUN",282903.8,14-12-2025,13-11-2026,Progressive Engineers & Contractors,Sanctioned
WS/53920/2023/00937,Kerala,KOTTAYAM,SANJAY DESHMUKH,Road Construction,"Widening and strengthening of road near Shanti Nagar village, KOTTAYAM",826401.11,05-09-2023,13-05-2024,Ganesh Engineering Works,New Recommendation
WS/75612/2024/00012,Kerala,KOTTAYAM,ABHIJIT GANGOPADHYAY,Community Hall,"Construction of community hall at Shanti Nagar, KOTTAYAM",2586913.13,08-07-2024,07-09-2024,Deep Construction Co.,New Recommendation
WS/31802/2025/00399,Uttar Pradesh,LUCKNOW,ABU TAHER KHAN,Water Supply / Handpump,"Water supply pipeline extension to Nehru Path area, LUCKNOW",558849.97,29-09-2025,17-09-2026,National Builders & Contractors,Completed
WS/42483/2023/00578,Jammu And Kashmir,JAMMU,VIKRAM SINGH RATHORE,Solar Light Installation,"Solar light installation near Vivekanand Marg hanuman mandir, JAMMU",261967.02,15-04-2023,19-01-2024,Deep Construction Co.,Ongoing
WS/73886/2025/00858,West Bengal,HOWRAH,ADITYA YADAV,Road Construction,"CC road construction at Andouli ward, HOWRAH",1699464.16,07-10-2025,22-02-2026,Sri Lakshmi Contractors,Completed
WS/30079/2024/00469,Maharashtra,PUNE,ANITA JOSHI,Road Construction,"CC road construction at Andouli ward, PUNE",1342838.12,30-10-2024,15-03-2025,New India Construction Co.,Ongoing
WS/55093/2024/00291,Kerala,IDUKKI,RAVI SHANKAR PRASAD JI,Solar Light Installation,"Solar street light at Bazaar Road chowk parisar, IDUKKI",106835.49,26-04-2024,25-12-2024,Metro Civil Works Pvt Ltd,Sanctioned
WS/57826/2024/00951,Maharashtra,AURANGABAD_MH,ABU TAHER KHAN,Streetlight Installation,"Installation of streetlights at Ram Nagar chowk, AURANGABAD_MH",160367.18,06-09-2024,22-01-2025,Shree Balaji Construction Co.,Ongoing
WS/89635/2025/00152,Kerala,ERNAKULAM,RAJESH KUMAR SHARMA,Streetlight Installation,"Installation of streetlights at Panchayat Bhavan Marg chowk, ERNAKULAM",510493.19,24-02-2025,15-07-2025,Shree Balaji Construction Co.,Ongoing
WS/52624/2023/00436,West Bengal,MURSHIDABAD,ABU TAHER KHAN,Streetlight Installation,"LED streetlight installation along Ambedkar Colony road, MURSHIDABAD",527333.0,30-04-2023,16-07-2023,Progressive Engineers & Contractors,New Recommendation
WS/83498/2025/00987,Maharashtra,PUNE,ABU TAHER KHAN,Community Hall,"Multipurpose community centre building at Shanti Nagar panchayat, PUNE",3696805.24,13-06-2025,15-06-2025,Progressive Engineers & Contractors,Completed
WS/36712/2023/00476,Maharashtra,PUNE,ABHIJIT GANGOPADHYAY,Community Hall,"Multipurpose community centre building at Station Road panchayat, PUNE",2625153.93,24-04-2023,09-12-2023,Ganesh Engineering Works,Ongoing
WS/11111/2023/00906,Maharashtra,AURANGABAD_MH,ABDUL RASHID SHEIKH,Solar Light Installation,"Solar street light at Vivekanand Marg chowk parisar, AURANGABAD_MH",1052914.34,20-05-2023,27-12-2023,Om Sai Infra Pvt Ltd,New Recommendation
WS/28156/2024/00715,West Bengal,HOWRAH,ADV GOWAAL KAGADA PADAVI,Streetlight Installation,"LED streetlight installation along Station Road road, HOWRAH",353568.49,11-03-2024,19-11-2024,Metro Civil Works Pvt Ltd,Ongoing
WS/67658/2024/00396,Bihar,PATNA_SAHIB,VIKRAM SINGH RATHORE,Solar Light Installation,"Solar light installation near Shanti Nagar hanuman mandir, PATNA_SAHIB",268738.53,09-12-2024,10-02-2025,United Rural Builders,Ongoing
WS/28700/2025/00848,West Bengal,MURSHIDABAD,ADV DEAN KURIAKOSE,Road Construction,"CC road construction at Subhash Nagar ward, MURSHIDABAD",1967319.19,31-03-2025,17-08-2025,Progressive Engineers & Contractors,Ongoing
WS/30369/2023/00282,Kerala,KOTTAYAM,ADV K FRANCIS GEORGE,School Building Repair,"Construction of additional classroom at Ram Nagar school, KOTTAYAM",780738.22,16-06-2023,26-11-2023,National Builders & Contractors,Completed
WS/11246/2023/00812,Maharashtra,PUNE,ABHAY KUMAR SINHA,Community Hall,"Construction of community hall at Andouli, PUNE",1574166.63,27-11-2023,26-09-2024,Metro Civil Works Pvt Ltd,Completed
WS/14965/2023/00377,Kerala,ERNAKULAM,ABHAY KUMAR SINHA,Water Supply / Handpump,"Installation of handpump at Ram Nagar village, ERNAKULAM",680230.48,25-04-2023,14-02-2024,Deep Construction Co.,New Recommendation
WS/35369/2024/00505,Uttar Pradesh,KANPUR,VIKRAM SINGH RATHORE,Solar Light Installation,"Solar light installation near Andouli hanuman mandir, KANPUR",162967.53,15-12-2024,12-06-2025,Deep Construction Co.,New Recommendation
WS/60039/2025/00603,West Bengal,MURSHIDABAD,RAVI SHANKAR PRASAD JI,School Building Repair,"Construction of additional classroom at Nehru Path school, MURSHIDABAD",1394345.81,13-05-2025,20-09-2025,Ganesh Engineering Works,Ongoing
WS/86858/2023/00103,Maharashtra,PUNE,ADV ADOOR PRAKASH,Drainage / Nala,"Covered drain construction from Gandhi Chowk to Gandhi Chowk, PUNE",1008280.29,28-10-2023,31-01-2024,United Rural Builders,Ongoing
WS/49669/2024/00684,Kerala,ERNAKULAM,ADV GOWAAL KAGADA PADAVI,Streetlight Installation,"Installation of streetlights at Ram Nagar chowk, ERNAKULAM",515909.62,22-12-2024,23-08-2025,Deep Construction Co.,Sanctioned
WS/59602/2025/00814,Bihar,PATNA_SAHIB,ADV K FRANCIS GEORGE,Community Hall,"Multipurpose community centre building at Bazaar Road panchayat, PATNA_SAHIB",3542117.98,19-11-2025,21-07-2026,Progressive Engineers & Contractors,Sanctioned
WS/86810/2024/00297,Uttar Pradesh,LUCKNOW,ABHIJIT GANGOPADHYAY,Solar Light Installation,"Solar street light at Ram Nagar chowk parisar, LUCKNOW",284203.21,08-04-2024,14-07-2024,New India Construction Co.,Sanctioned
WS/65372/2025/00492,Jammu And Kashmir,SRINAGAR,MEERA IYER,School Building Repair,"Repair and renovation of Govt. School building at Nehru Path, SRINAGAR",1638156.61,01-06-2025,24-12-2025,Metro Civil Works Pvt Ltd,Ongoing
WS/28024/2023/00488,Jammu And Kashmir,JAMMU,VIKRAM SINGH RATHORE,Water Supply / Handpump,"Installation of handpump at Shanti Nagar village, JAMMU",654697.99,06-10-2023,20-06-2024,Metro Civil Works Pvt Ltd,Sanctioned
WS/77009/2025/00864,West Bengal,HOWRAH,ADV GOWAAL KAGADA PADAVI,Community Hall,"Multipurpose community centre building at Shanti Nagar panchayat, HOWRAH",2714823.11,19-05-2025,22-02-2026,Ganesh Engineering Works,Ongoing
WS/96266/2025/00839,Maharashtra,HINGOLI,ABHIJIT GANGOPADHYAY,Streetlight Installation,"LED streetlight installation along Andouli road, HINGOLI",284360.07,15-12-2025,18-11-2026,National Builders & Contractors,Sanctioned
WS/84972/2023/00717,Uttar Pradesh,BADAUN,MEERA IYER,Water Supply / Handpump,"Water supply pipeline extension to Panchayat Bhavan Marg area, BADAUN",394162.57,30-06-2023,21-11-2023,Deep Construction Co.,Completed
WS/86177/2025/00760,Bihar,GAYA,RAJESH KUMAR SHARMA,Streetlight Installation,"Installation of streetlights at Subhash Nagar chowk, GAYA",462529.35,02-04-2025,09-02-2026,Metro Civil Works Pvt Ltd,New Recommendation
WS/89233/2023/00890,Maharashtra,PUNE,RAJESH KUMAR SHARMA,Road Construction,"Widening and strengthening of road near Shanti Nagar village, PUNE",1846684.51,31-07-2023,31-03-2024,Om Sai Infra Pvt Ltd,Completed
WS/16731/2025/00175,West Bengal,KANTHI,AASHTIKAR PATIL NAGESH BAPURAO,Streetlight Installation,"Installation of streetlights at Bazaar Road chowk, KANTHI",363565.6,16-12-2025,15-01-2027,Jai Hind Infrastructure,Ongoing
WS/85066/2024/00247,Jammu And Kashmir,JAMMU,ADV GOWAAL KAGADA PADAVI,Drainage / Nala,"Covered drain construction from Ram Nagar to Nehru Path, JAMMU",1002666.18,31-10-2024,09-09-2025,United Rural Builders,Completed
WS/20831/2024/00834,Kerala,ERNAKULAM,ADV DEAN KURIAKOSE,Water Supply / Handpump,"Installation of handpump at Ram Nagar village, ERNAKULAM",657236.83,11-04-2024,15-06-2024,Om Sai Infra Pvt Ltd,Completed
WS/45785/2024/00763,Uttar Pradesh,VARANASI,SANJAY DESHMUKH,School Building Repair,"Repair and renovation of Govt. School building at Subhash Nagar, VARANASI",1054571.38,23-05-2024,26-01-2025,Metro Civil Works Pvt Ltd,New Recommendation
WS/92802/2023/00146,Maharashtra,PUNE,RAVI SHANKAR PRASAD JI,Community Hall,"Construction of community hall at Shanti Nagar, PUNE",3533772.16,27-09-2023,20-07-2024,Deep Construction Co.,Sanctioned
WS/95679/2025/00190,Jammu And Kashmir,SRINAGAR,ADV DEAN KURIAKOSE,Community Hall,"Construction of community hall at Vivekanand Marg, SRINAGAR",2254864.6,10-04-2025,29-03-2026,Shree Balaji Construction Co.,New Recommendation
WS/17492/2024/00023,Jammu And Kashmir,BARAMULLAH,ADV GOWAAL KAGADA PADAVI,Drainage / Nala,"Covered drain construction from Andouli to Bazaar Road, BARAMULLAH",1171838.43,14-11-2024,17-10-2025,Shree Balaji Construction Co.,New Recommendation
WS/23159/2025/00652,Maharashtra,NAGPUR,VIKRAM SINGH RATHORE,Water Supply / Handpump,"Water supply pipeline extension to Shanti Nagar area, NAGPUR",489072.92,09-08-2025,27-03-2026,Deep Construction Co.,Sanctioned
WS/50173/2023/00150,West Bengal,MURSHIDABAD,RAVI SHANKAR PRASAD JI,Community Hall,"Multipurpose community centre building at Ambedkar Colony panchayat, MURSHIDABAD",2303028.57,21-06-2023,03-02-2024,Progressive Engineers & Contractors,New Recommendation
WS/46977/2024/00443,Jammu And Kashmir,SRINAGAR,AASHTIKAR PATIL NAGESH BAPURAO,Drainage / Nala,"Covered drain construction from Nehru Path to Shanti Nagar, SRINAGAR",344668.87,29-09-2024,09-12-2024,National Builders & Contractors,Completed
WS/94497/2023/00127,Uttar Pradesh,BADAUN,ADV GOWAAL KAGADA PADAVI,School Building Repair,"Construction of additional classroom at Ram Nagar school, BADAUN",1032679.41,29-05-2023,01-02-2024,Bharat Infra Solutions,Completed
WS/22759/2023/00632,Jammu And Kashmir,SRINAGAR,RAJESH KUMAR SHARMA,Solar Light Installation,"Solar street light at Subhash Nagar chowk parisar, SRINAGAR",359720.0,28-04-2023,12-05-2024,New India Construction Co.,Sanctioned
WS/62286/2024/00674,Maharashtra,HINGOLI,RAVI SHANKAR PRASAD JI,Streetlight Installation,"Installation of streetlights at Ram Nagar chowk, HINGOLI",321625.92,13-05-2024,19-11-2024,National Builders & Contractors,Ongoing
WS/91937/2023/00450,Kerala,IDUKKI,RAJESH KUMAR SHARMA,Solar Light Installation,"Solar street light at Andouli chowk parisar, IDUKKI",131317.97,09-09-2023,20-07-2024,Om Sai Infra Pvt Ltd,New Recommendation
WS/10863/2023/00698,Jammu And Kashmir,JAMMU,RAJESH KUMAR SHARMA,Community Hall,"Multipurpose community centre building at Gandhi Chowk panchayat, JAMMU",3547901.96,04-08-2023,14-01-2024,Metro Civil Works Pvt Ltd,Sanctioned
WS/59327/2023/00628,Uttar Pradesh,BADAUN,ABDUL RASHID SHEIKH,School Building Repair,"Repair and renovation of Govt. School building at Ambedkar Colony, BADAUN",1632175.94,31-07-2023,12-04-2024,Metro Civil Works Pvt Ltd,New Recommendation
WS/65518/2024/00267,Jammu And Kashmir,BARAMULLAH,ABDUL RASHID SHEIKH,Solar Light Installation,"Solar light installation near Kisan Nagar hanuman mandir, BARAMULLAH",239291.26,19-01-2024,03-02-2025,Deep Construction Co.,Sanctioned
WS/17347/2025/00560,Bihar,PATNA_SAHIB,RAVI SHANKAR PRASAD JI,Solar Light Installation,"Solar light installation near Vivekanand Marg hanuman mandir, PATNA_SAHIB",384122.33,15-12-2025,21-02-2026,Shree Balaji Construction Co.,New Recommendation
WS/97910/2023/00241,Uttar Pradesh,BADAUN,RAVI SHANKAR PRASAD JI,Drainage / Nala,"Covered drain construction from Ambedkar Colony to Station Road, BADAUN",629213.73,19-10-2023,08-08-2024,Om Sai Infra Pvt Ltd,New Recommendation
WS/78506/2023/00840,Maharashtra,AURANGABAD_MH,ADV GOWAAL KAGADA PADAVI,Water Supply / Handpump,"Installation of handpump at Vivekanand Marg village, AURANGABAD_MH",573871.68,22-08-2023,11-08-2024,Metro Civil Works Pvt Ltd,New Recommendation
WS/42512/2023/00189,West Bengal,KANTHI,ABHAY KUMAR SINHA,School Building Repair,"Construction of additional classroom at Andouli school, KANTHI",1336958.19,07-10-2023,15-02-2024,Metro Civil Works Pvt Ltd,New Recommendation
WS/31249/2025/00496,Uttar Pradesh,LUCKNOW,PRIYA VERMA,Streetlight Installation,"Installation of streetlights at Shanti Nagar chowk, LUCKNOW",321273.15,26-05-2025,20-10-2025,New India Construction Co.,Ongoing
WS/63363/2024/00415,Bihar,AURANGABAD_BR,ADITYA YADAV,School Building Repair,"Repair and renovation of Govt. School building at Station Road, AURANGABAD_BR",1701599.38,09-11-2024,10-01-2025,Bharat Infra Solutions,Ongoing
WS/74106/2023/00308,Jammu And Kashmir,JAMMU,ADV GOWAAL KAGADA PADAVI,Road Construction,Construction of concrete road from Panchayat Bhavan Marg to Nehru Path in JAMMU,1605070.11,28-07-2023,01-03-2024,Sri Lakshmi Contractors,Sanctioned
WS/28116/2024/00894,Jammu And Kashmir,SRINAGAR,RAJESH KUMAR SHARMA,Community Hall,"Multipurpose community centre building at Panchayat Bhavan Marg panchayat, SRINAGAR",2735516.19,05-08-2024,03-05-2025,Jai Hind Infrastructure,New Recommendation
WS/29975/2024/00910,Bihar,GAYA,SANJAY DESHMUKH,Water Supply / Handpump,"Water supply pipeline extension to Bazaar Road area, GAYA",1929022.43,01-05-2024,30-10-2024,Ganesh Engineering Works,Completed
WS/40122/2025/00401,Uttar Pradesh,LUCKNOW,ANITA JOSHI,Community Hall,"Construction of community hall at Subhash Nagar, LUCKNOW",1919304.25,03-03-2025,24-10-2025,Metro Civil Works Pvt Ltd,Completed
WS/78690/2025/00455,Uttar Pradesh,LUCKNOW,ADV K FRANCIS GEORGE,Water Supply / Handpump,"Installation of handpump at Panchayat Bhavan Marg village, LUCKNOW",244339.23,16-12-2025,16-11-2026,Sri Lakshmi Contractors,Ongoing
WS/80854/2023/00518,Bihar,AURANGABAD_BR,ADV GOWAAL KAGADA PADAVI,Streetlight Installation,"Installation of streetlights at Ambedkar Colony chowk, AURANGABAD_BR",260171.28,12-06-2023,17-01-2024,Jai Hind Infrastructure,New Recommendation
WS/11220/2024/00026,Jammu And Kashmir,SRINAGAR,PRIYA VERMA,Drainage / Nala,"Construction of drainage/nala near Ambedkar Colony area, SRINAGAR",904521.2,02-02-2024,22-11-2024,New India Construction Co.,Completed
WS/29917/2025/00486,West Bengal,HOWRAH,ADV GOWAAL KAGADA PADAVI,School Building Repair,"Repair and renovation of Govt. School building at Gandhi Chowk, HOWRAH",1443853.62,20-07-2025,10-08-2026,Deep Construction Co.,New Recommendation
WS/99928/2023/00107,Kerala,KOTTAYAM,MEERA IYER,Water Supply / Handpump,"Water supply pipeline extension to Ram Nagar area, KOTTAYAM",874818.33,02-06-2023,02-04-2024,Sri Lakshmi Contractors,Sanctioned
WS/27324/2023/00885,Kerala,ATTINGAL,ABHIJIT GANGOPADHYAY,School Building Repair,"Construction of additional classroom at Gandhi Chowk school, ATTINGAL",937586.77,22-07-2023,26-09-2023,Progressive Engineers & Contractors,Completed
WS/18300/2025/00254,Uttar Pradesh,BADAUN,ABHAY KUMAR SINHA,Water Supply / Handpump,"Installation of handpump at Station Road village, BADAUN",880505.2,10-01-2025,14-02-2026,Deep Construction Co.,New Recommendation
WS/72575/2024/00903,Uttar Pradesh,BADAUN,ADV ADOOR PRAKASH,Solar Light Installation,"Solar street light at Vivekanand Marg chowk parisar, BADAUN",1256885.47,24-10-2024,28-10-2025,Om Sai Infra Pvt Ltd,Sanctioned
WS/27796/2025/00533,Jammu And Kashmir,BARAMULLAH,ABHAY KUMAR SINHA,Water Supply / Handpump,"Water supply pipeline extension to Ram Nagar area, BARAMULLAH",210995.46,08-04-2025,11-02-2026,Progressive Engineers & Contractors,Sanctioned
WS/40968/2025/00124,Uttar Pradesh,BADAUN,ANITA JOSHI,Streetlight Installation,"LED streetlight installation along Ram Nagar road, BADAUN",237256.67,03-06-2025,27-01-2026,New India Construction Co.,Ongoing
WS/71066/2024/00619,Bihar,PATNA_SAHIB,SANJAY DESHMUKH,Drainage / Nala,"Construction of drainage/nala near Ram Nagar area, PATNA_SAHIB",762825.9,22-05-2024,16-09-2024,New India Construction Co.,Completed
WS/57381/2025/00157,Kerala,KOTTAYAM,ABHAY KUMAR SINHA,Streetlight Installation,"Installation of streetlights at Station Road chowk, KOTTAYAM",393977.11,29-09-2025,30-04-2026,National Builders & Contractors,Ongoing
WS/98696/2023/00001,Kerala,ATTINGAL,AASHTIKAR PATIL NAGESH BAPURAO,Water Supply / Handpump,"Installation of handpump at Kisan Nagar village, ATTINGAL",392520.52,15-11-2023,25-03-2024,Deep Construction Co.,Completed
WS/37235/2023/00069,Bihar,GAYA,SANJAY DESHMUKH,Community Hall,"Multipurpose community centre building at Panchayat Bhavan Marg panchayat, GAYA",2921573.68,01-06-2023,07-06-2024,Deep Construction Co.,Completed
WS/24534/2024/00118,West Bengal,HOWRAH,SANJAY DESHMUKH,Community Hall,"Multipurpose community centre building at Nehru Path panchayat, HOWRAH",2038922.41,06-09-2024,02-01-2025,New India Construction Co.,Sanctioned
WS/80206/2025/00206,Jammu And Kashmir,SRINAGAR,ADITYA YADAV,Community Hall,"Construction of community hall at Kisan Nagar, SRINAGAR",3116764.63,31-10-2025,17-08-2026,New India Construction Co.,Completed
WS/41632/2025/00705,Uttar Pradesh,VARANASI,ADHIKARI SOUMENDU,Road Construction,"Widening and strengthening of road near Nehru Path village, VARANASI",847415.08,24-06-2025,26-05-2026,Jai Hind Infrastructure,New Recommendation
WS/91915/2023/00639,Uttar Pradesh,VARANASI,SANJAY DESHMUKH,Water Supply / Handpump,"Installation of handpump at Station Road village, VARANASI",577963.31,22-10-2023,20-07-2024,Sri Lakshmi Contractors,New Recommendation
WS/25408/2024/00497,West Bengal,KANTHI,ADV GOWAAL KAGADA PADAVI,Water Supply / Handpump,"Installation of handpump at Shanti Nagar village, KANTHI",738041.3,30-06-2024,23-01-2025,Progressive Engineers & Contractors,Ongoing
WS/29119/2025/00825,Bihar,AURANGABAD_BR,ADV GOWAAL KAGADA PADAVI,Solar Light Installation,"Solar light installation near Kisan Nagar hanuman mandir, AURANGABAD_BR",176616.48,25-02-2025,15-12-2025,National Builders & Contractors,New Recommendation
WS/43039/2023/00920,West Bengal,HOWRAH,ABHIJIT GANGOPADHYAY,Road Construction,Construction of concrete road from Panchayat Bhavan Marg to Shanti Nagar in HOWRAH,1159537.91,24-04-2023,25-01-2024,Om Sai Infra Pvt Ltd,New Recommendation
WS/98832/2024/00737,Jammu And Kashmir,SRINAGAR,ADV ADOOR PRAKASH,Streetlight Installation,"LED streetlight installation along Station Road road, SRINAGAR",478004.49,06-01-2024,12-06-2024,Progressive Engineers & Contractors,Completed
WS/77537/2024/00319,Jammu And Kashmir,SRINAGAR,ADITYA YADAV,Solar Light Installation,"Solar street light at Shanti Nagar chowk parisar, SRINAGAR",242509.63,09-08-2024,29-06-2025,New India Construction Co.,Completed
WS/42441/2024/00978,Jammu And Kashmir,JAMMU,AASHTIKAR PATIL NAGESH BAPURAO,Water Supply / Handpump,"Installation of handpump at Bazaar Road village, GAYA",308464.64,29-07-2024,22-07-2025,Shree Balaji Construction Co.,Sanctioned
WS/24442/2025/00984,Maharashtra,NAGPUR,MEERA IYER,Streetlight Installation,"Installation of streetlights at Andouli chowk, NAGPUR",585668.87,20-06-2025,24-06-2025,Bharat Infra Solutions,Completed
WS/26426/2024/00159,Maharashtra,PUNE,PRIYA VERMA,Water Supply / Handpump,"Installation of handpump at Vivekanand Marg village, PUNE",703208.76,20-09-2024,17-06-2025,Sri Lakshmi Contractors,Completed
WS/57973/2024/00873,Uttar Pradesh,LUCKNOW,ABDUL RASHID SHEIKH,Drainage / Nala,"Construction of drainage/nala near Ambedkar Colony area, LUCKNOW",472536.05,15-10-2024,22-04-2025,United Rural Builders,New Recommendation
WS/61576/2023/00656,Bihar,AURANGABAD_BR,ADV K FRANCIS GEORGE,Solar Light Installation,"Solar light installation near Subhash Nagar hanuman mandir, AURANGABAD_BR",198629.07,26-06-2023,24-03-2024,New India Construction Co.,Ongoing
WS/21297/2023/00692,West Bengal,KANTHI,VIKRAM SINGH RATHORE,Solar Light Installation,"Solar light installation near Panchayat Bhavan Marg hanuman mandir, KANTHI",439829.57,13-09-2023,25-09-2024,Ganesh Engineering Works,New Recommendation
WS/49378/2025/00229,Bihar,PATNA_SAHIB,ADV K FRANCIS GEORGE,School Building Repair,"Repair and renovation of Govt. School building at Vivekanand Marg, PATNA_SAHIB",1541665.66,28-08-2025,25-09-2026,Jai Hind Infrastructure,Ongoing
WS/29142/2025/00140,West Bengal,TAMLUK,RAJESH KUMAR SHARMA,Drainage / Nala,"Covered drain construction from Shanti Nagar to Andouli, TAMLUK",325368.79,09-11-2025,27-02-2026,Deep Construction Co.,New Recommendation
WS/72193/2024/00508,Bihar,PATNA_SAHIB,AASHTIKAR PATIL NAGESH BAPURAO,Solar Light Installation,"Solar light installation near Andouli hanuman mandir, PATNA_SAHIB",161470.18,04-03-2024,23-10-2024,Progressive Engineers & Contractors,Sanctioned
WS/28961/2024/00893,West Bengal,HOWRAH,VIKRAM SINGH RATHORE,Solar Light Installation,"Solar light installation near Ram Nagar hanuman mandir, HOWRAH",123559.77,12-11-2024,17-08-2025,Deep Construction Co.,New Recommendation
WS/70106/2024/00576,Bihar,AURANGABAD_BR,ABDUL RASHID SHEIKH,Water Supply / Handpump,"Water supply pipeline extension to Subhash Nagar area, AURANGABAD_BR",598066.08,13-01-2024,21-05-2024,Om Sai Infra Pvt Ltd,Sanctioned
WS/45811/2025/00148,Bihar,AURANGABAD_BR,ADITYA YADAV,Community Hall,"Multipurpose community centre building at Ram Nagar panchayat, AURANGABAD_BR",2392435.44,08-06-2025,31-08-2025,Progressive Engineers & Contractors,New Recommendation
WS/66980/2024/00529,Uttar Pradesh,KANPUR,ADITYA YADAV,Drainage / Nala,"Construction of drainage/nala near Kisan Nagar area, KANPUR",913365.11,19-02-2024,19-09-2024,Jai Hind Infrastructure,New Recommendation
WS/12125/2024/00210,Bihar,AURANGABAD_BR,RAJESH KUMAR SHARMA,Community Hall,"Multipurpose community centre building at Nehru Path panchayat, AURANGABAD_BR",2534825.43,28-10-2024,19-04-2025,Deep Construction Co.,Ongoing
WS/42150/2023/00719,Uttar Pradesh,BADAUN,ABHIJIT GANGOPADHYAY,Water Supply / Handpump,"Water supply pipeline extension to Kisan Nagar area, BADAUN",855327.27,02-10-2023,10-12-2023,Bharat Infra Solutions,Ongoing
WS/81576/2025/00927,Bihar,GAYA,PRIYA VERMA,Road Construction,"Widening and strengthening of road near Shanti Nagar village, GAYA",1171658.71,28-12-2025,02-06-2026,Shree Balaji Construction Co.,Sanctioned
WS/46352/2025/00735,Bihar,PATNA_SAHIB,ADITYA YADAV,Road Construction,"Widening and strengthening of road near Bazaar Road village, PATNA_SAHIB",1133347.55,19-07-2025,09-08-2026,Sri Lakshmi Contractors,Completed
WS/37425/2025/00758,Uttar Pradesh,VARANASI,ABU TAHER KHAN,Community Hall,"Multipurpose community centre building at Kisan Nagar panchayat, VARANASI",2117929.12,04-01-2025,26-07-2025,National Builders & Contractors,Sanctioned
WS/41270/2024/00524,Bihar,GAYA,ABHAY KUMAR SINHA,Solar Light Installation,"Solar light installation near Bazaar Road hanuman mandir, GAYA",205741.34,16-07-2024,07-04-2025,Jai Hind Infrastructure,Sanctioned
WS/27191/2024/00691,West Bengal,KANTHI,MEERA IYER,Drainage / Nala,"Covered drain construction from Nehru Path to Kisan Nagar, KANTHI",756872.35,22-11-2024,13-07-2025,Jai Hind Infrastructure,Sanctioned
WS/97394/2024/00599,Uttar Pradesh,KANPUR,ABHAY KUMAR SINHA,Streetlight Installation,"Installation of streetlights at Vivekanand Marg chowk, KANPUR",327490.63,15-08-2024,25-03-2025,Jai Hind Infrastructure,Completed
WS/75350/2025/00759,Kerala,ATTINGAL,ADHIKARI SOUMENDU,Streetlight Installation,"Installation of streetlights at Station Road chowk, ATTINGAL",324652.13,20-09-2025,15-10-2026,United Rural Builders,New Recommendation
WS/70811/2023/00125,Jammu And Kashmir,BARAMULLAH,ABU TAHER KHAN,Solar Light Installation,"Solar street light at Bazaar Road chowk parisar, BARAMULLAH",365703.33,17-06-2023,14-11-2023,Progressive Engineers & Contractors,Sanctioned
WS/51359/2023/00063,Bihar,GAYA,MEERA IYER,Community Hall,"Construction of community hall at Ram Nagar, GAYA",2266557.48,23-11-2023,23-03-2024,Deep Construction Co.,Ongoing
WS/21136/2025/00886,Jammu And Kashmir,JAMMU,AASHTIKAR PATIL NAGESH BAPURAO,Solar Light Installation,"Solar street light at Gandhi Chowk chowk parisar, JAMMU",438226.27,06-12-2025,30-03-2026,United Rural Builders,New Recommendation
WS/93928/2025/00340,Kerala,ATTINGAL,ANITA JOSHI,Drainage / Nala,"Construction of drainage/nala near Nehru Path area, ATTINGAL",410845.78,29-03-2025,26-04-2026,Shree Balaji Construction Co.,Sanctioned
WS/57352/2024/00708,Kerala,ERNAKULAM,ANITA JOSHI,Water Supply / Handpump,"Installation of handpump at Ambedkar Colony village, ERNAKULAM",373343.33,01-03-2024,19-01-2025,Jai Hind Infrastructure,Ongoing
WS/69596/2024/00494,West Bengal,HOWRAH,ADV K FRANCIS GEORGE,School Building Repair,"Construction of additional classroom at Ram Nagar school, HOWRAH",434876.96,08-07-2024,05-07-2025,Deep Construction Co.,Ongoing
WS/24860/2024/00930,Bihar,GAYA,PRIYA VERMA,Community Hall,"Multipurpose community centre building at Shanti Nagar panchayat, GAYA",2380528.05,07-10-2024,12-07-2025,Shree Balaji Construction Co.,New Recommendation
WS/32833/2025/00298,Bihar,AURANGABAD_BR,ADHIKARI SOUMENDU,Water Supply / Handpump,"Water supply pipeline extension to Kisan Nagar area, AURANGABAD_BR",864085.47,19-06-2025,11-07-2026,Metro Civil Works Pvt Ltd,New Recommendation
WS/62436/2023/00842,Bihar,AURANGABAD_BR,SANJAY DESHMUKH,Road Construction,"Widening and strengthening of road near Ambedkar Colony village, AURANGABAD_BR",1734742.64,23-12-2023,03-09-2024,Progressive Engineers & Contractors,Ongoing
WS/64379/2025/00100,Jammu And Kashmir,SRINAGAR,MEERA IYER,Community Hall,"Multipurpose community centre building at Panchayat Bhavan Marg panchayat, SRINAGAR",3176215.55,30-04-2025,01-04-2026,Sri Lakshmi Contractors,Ongoing
WS/22561/2025/00609,Uttar Pradesh,VARANASI,ADV K FRANCIS GEORGE,Solar Light Installation,"Solar street light at Station Road chowk parisar, VARANASI",395748.21,28-06-2025,28-01-2026,Bharat Infra Solutions,New Recommendation
WS/96832/2023/00342,West Bengal,MURSHIDABAD,ADITYA YADAV,Water Supply / Handpump,"Installation of handpump at Station Road village, MURSHIDABAD",680018.02,10-04-2023,10-11-2023,Sri Lakshmi Contractors,Completed
WS/59060/2024/00110,Bihar,PATNA_SAHIB,PRIYA VERMA,School Building Repair,"Construction of additional classroom at Shanti Nagar school, PATNA_SAHIB",1421457.51,15-02-2024,19-11-2024,New India Construction Co.,New Recommendation
WS/77760/2025/00666,West Bengal,KANTHI,RAJESH KUMAR SHARMA,School Building Repair,"Repair and renovation of Govt. School building at Vivekanand Marg, KANTHI",796095.71,14-09-2025,27-03-2026,Jai Hind Infrastructure,New Recommendation
WS/50063/2025/00850,Uttar Pradesh,VARANASI,ADV DEAN KURIAKOSE,School Building Repair,"Repair and renovation of Govt. School building at Subhash Nagar, VARANASI",1128832.53,05-04-2025,29-09-2025,Bharat Infra Solutions,Completed
WS/58270/2024/00277,Maharashtra,PUNE,ADITYA YADAV,Community Hall,"Construction of community hall at Bazaar Road, PUNE",2909516.85,06-02-2024,18-02-2025,Ganesh Engineering Works,Sanctioned
WS/57472/2025/00057,Maharashtra,AURANGABAD_MH,ADV K FRANCIS GEORGE,Road Construction,"CC road construction at Panchayat Bhavan Marg ward, AURANGABAD_MH",2244278.57,21-07-2025,27-05-2026,Om Sai Infra Pvt Ltd,Sanctioned
WS/66881/2024/00087,Uttar Pradesh,BADAUN,ADV ADOOR PRAKASH,Water Supply / Handpump,"Installation of handpump at Ram Nagar village, BADAUN",679079.7,20-01-2024,14-07-2024,Deep Construction Co.,Completed
WS/55508/2025/00056,Uttar Pradesh,LUCKNOW,ABHIJIT GANGOPADHYAY,Water Supply / Handpump,"Water supply pipeline extension to Station Road area, LUCKNOW",740736.62,18-08-2025,20-08-2026,Om Sai Infra Pvt Ltd,Completed
WS/47342/2024/00860,Jammu And Kashmir,BARAMULLAH,RAJESH KUMAR SHARMA,Water Supply / Handpump,"Water supply pipeline extension to Andouli area, BARAMULLAH",503772.11,02-04-2024,10-09-2024,Om Sai Infra Pvt Ltd,Ongoing
WS/19390/2025/00472,West Bengal,HOWRAH,ADITYA YADAV,Streetlight Installation,"LED streetlight installation along Nehru Path road, HOWRAH",427198.58,23-04-2025,17-03-2026,Ganesh Engineering Works,Ongoing
WS/60173/2024/00531,Maharashtra,PUNE,AASHTIKAR PATIL NAGESH BAPURAO,Drainage / Nala,"Covered drain construction from Subhash Nagar to Subhash Nagar, PUNE",688543.95,25-11-2024,13-08-2025,Progressive Engineers & Contractors,New Recommendation
WS/27510/2025/00896,Kerala,ATTINGAL,ADV ADOOR PRAKASH,Community Hall,"Multipurpose community centre building at Ram Nagar panchayat, ATTINGAL",1507165.26,19-08-2025,26-10-2025,New India Construction Co.,Sanctioned
WS/46587/2023/00782,West Bengal,HOWRAH,ABHAY KUMAR SINHA,Road Construction,Construction of concrete road from Shanti Nagar to Shanti Nagar in HOWRAH,1732328.52,05-12-2023,14-09-2024,National Builders & Contractors,Sanctioned
WS/16889/2025/00827,Kerala,ERNAKULAM,ABDUL RASHID SHEIKH,Solar Light Installation,"Solar street light at Shanti Nagar chowk parisar, ERNAKULAM",216600.59,26-07-2025,09-01-2026,Deep Construction Co.,Ongoing
WS/67732/2025/00474,Bihar,AURANGABAD_BR,RAJESH KUMAR SHARMA,Streetlight Installation,"Installation of streetlights at Andouli chowk, AURANGABAD_BR",519712.82,01-07-2025,13-04-2026,Jai Hind Infrastructure,Ongoing
WS/59735/2024/00007,Kerala,KOTTAYAM,ABHAY KUMAR SINHA,Streetlight Installation,"Installation of streetlights at Nehru Path chowk, KOTTAYAM",435740.23,28-09-2024,01-04-2025,National Builders & Contractors,Sanctioned
WS/16674/2023/00687,West Bengal,HOWRAH,AASHTIKAR PATIL NAGESH BAPURAO,Solar Light Installation,"Solar light installation near Vivekanand Marg hanuman mandir, HOWRAH",257330.7,05-12-2023,16-05-2024,Bharat Infra Solutions,Sanctioned
WS/62354/2023/00413,Uttar Pradesh,LUCKNOW,ABDUL RASHID SHEIKH,Community Hall,"Multipurpose community centre building at Vivekanand Marg panchayat, LUCKNOW",2098141.56,01-04-2023,19-08-2023,Om Sai Infra Pvt Ltd,New Recommendation
WS/67595/2023/00129,Maharashtra,PUNE,ABHAY KUMAR SINHA,Streetlight Installation,"Installation of streetlights at Station Road chowk, PUNE",440757.19,11-05-2023,13-11-2023,Deep Construction Co.,Sanctioned
WS/98940/2025/00403,Uttar Pradesh,BADAUN,ABHAY KUMAR SINHA,School Building Repair,"Construction of additional classroom at Panchayat Bhavan Marg school, BADAUN",1323149.66,10-10-2025,13-10-2026,United Rural Builders,Completed
WS/65876/2023/00866,Uttar Pradesh,LUCKNOW,ADV ADOOR PRAKASH,Road Construction,Construction of concrete road from Andouli to Bazaar Road in LUCKNOW,1024902.88,10-05-2023,26-11-2023,Ganesh Engineering Works,Ongoing
WS/96410/2023/00944,Maharashtra,AURANGABAD_MH,ABU TAHER KHAN,Drainage / Nala,"Construction of drainage/nala near Andouli area, AURANGABAD_MH",781875.5,08-12-2023,17-08-2024,Shree Balaji Construction Co.,New Recommendation
WS/61990/2024/00055,Jammu And Kashmir,SRINAGAR,ABHIJIT GANGOPADHYAY,Streetlight Installation,"Installation of streetlights at Kisan Nagar chowk, SRINAGAR",161555.29,14-02-2024,02-02-2025,Progressive Engineers & Contractors,Sanctioned
WS/68540/2025/00301,Jammu And Kashmir,SRINAGAR,ADV K FRANCIS GEORGE,Drainage / Nala,"Construction of drainage/nala near Andouli area, SRINAGAR",872568.09,12-12-2025,27-03-2026,Deep Construction Co.,New Recommendation
WS/84603/2023/00899,West Bengal,MURSHIDABAD,AASHTIKAR PATIL NAGESH BAPURAO,Drainage / Nala,"Construction of drainage/nala near Subhash Nagar area, MURSHIDABAD",628719.8,20-06-2023,22-12-2023,Om Sai Infra Pvt Ltd,Completed
WS/38574/2024/00580,Kerala,ATTINGAL,MEERA IYER,School Building Repair,"Construction of additional classroom at Shanti Nagar school, ATTINGAL",736716.09,23-10-2024,28-12-2024,Deep Construction Co.,Sanctioned
WS/66168/2023/00922,West Bengal,HOWRAH,ABHIJIT GANGOPADHYAY,Water Supply / Handpump,"Installation of handpump at Vivekanand Marg village, HOWRAH",825151.37,06-10-2023,01-01-2024,Om Sai Infra Pvt Ltd,Completed
WS/33149/2023/00557,Maharashtra,PUNE,RAVI SHANKAR PRASAD JI,Solar Light Installation,"Solar street light at Station Road chowk parisar, PUNE",436323.93,22-06-2023,12-04-2024,Bharat Infra Solutions,Ongoing
WS/57622/2024/00636,Bihar,PATNA_SAHIB,ANITA JOSHI,Solar Light Installation,"Solar street light at Subhash Nagar chowk parisar, PATNA_SAHIB",367716.37,13-03-2024,05-08-2024,Jai Hind Infrastructure,New Recommendation
WS/95990/2025/00131,Bihar,PATNA_SAHIB,ABU TAHER KHAN,Community Hall,"Multipurpose community centre building at Kisan Nagar panchayat, PATNA_SAHIB",1703754.97,08-02-2025,20-06-2025,New India Construction Co.,New Recommendation
WS/34116/2025/00383,Jammu And Kashmir,JAMMU,RAJESH KUMAR SHARMA,Drainage / Nala,"Covered drain construction from Gandhi Chowk to Bazaar Road, JAMMU",671389.05,21-01-2025,09-12-2025,National Builders & Contractors,Ongoing
WS/84345/2025/00525,West Bengal,HOWRAH,ABHAY KUMAR SINHA,Community Hall,"Construction of community hall at Vivekanand Marg, HOWRAH",2020595.36,11-03-2025,08-03-2026,Sri Lakshmi Contractors,Sanctioned
WS/70036/2023/00595,Uttar Pradesh,LUCKNOW,RAVI SHANKAR PRASAD JI,Community Hall,"Construction of community hall at Vivekanand Marg, LUCKNOW",1803725.06,26-04-2023,18-01-2024,Metro Civil Works Pvt Ltd,Ongoing
WS/89988/2025/00249,Bihar,AURANGABAD_BR,MEERA IYER,Solar Light Installation,"Solar light installation near Panchayat Bhavan Marg hanuman mandir, AURANGABAD_BR",447885.19,03-06-2025,01-12-2025,Ganesh Engineering Works,New Recommendation
WS/77965/2024/00806,Maharashtra,HINGOLI,ABHAY KUMAR SINHA,Water Supply / Handpump,"Installation of handpump at Gandhi Chowk village, HINGOLI",698126.63,28-04-2024,16-01-2025,Deep Construction Co.,Completed
WS/80968/2025/00310,Jammu And Kashmir,SRINAGAR,ABDUL RASHID SHEIKH,Drainage / Nala,"Construction of drainage/nala near Subhash Nagar area, SRINAGAR",977011.63,12-02-2025,01-06-2025,Om Sai Infra Pvt Ltd,New Recommendation
WS/95054/2025/00929,Bihar,GAYA,PRIYA VERMA,Community Hall,"Multipurpose community centre building at Ambedkar Colony panchayat, GAYA",2755213.0,05-09-2025,06-01-2026,Shree Balaji Construction Co.,Sanctioned
WS/83695/2024/00630,West Bengal,TAMLUK,VIKRAM SINGH RATHORE,Water Supply / Handpump,"Installation of handpump at Shanti Nagar village, TAMLUK",587648.73,04-10-2024,21-09-2025,Metro Civil Works Pvt Ltd,Sanctioned
WS/61177/2025/00144,Uttar Pradesh,VARANASI,ABHAY KUMAR SINHA,Streetlight Installation,"LED streetlight installation along Ambedkar Colony road, VARANASI",394836.88,14-06-2025,29-04-2026,United Rural Builders,Completed
WS/60986/2024/00774,West Bengal,HOWRAH,ADHIKARI SOUMENDU,Road Construction,Construction of concrete road from Gandhi Chowk to Shanti Nagar in HOWRAH,1019534.04,02-06-2024,02-04-2025,Deep Construction Co.,Completed
WS/41091/2023/00091,Kerala,ERNAKULAM,ADV DEAN KURIAKOSE,School Building Repair,"Construction of additional classroom at Subhash Nagar school, ERNAKULAM",1583425.5,21-10-2023,03-07-2024,Metro Civil Works Pvt Ltd,Completed
WS/45058/2023/00432,Kerala,ERNAKULAM,ABHAY KUMAR SINHA,Road Construction,"Widening and strengthening of road near Bazaar Road village, ERNAKULAM",1075399.13,20-11-2023,27-06-2024,New India Construction Co.,New Recommendation
WS/97046/2023/00786,Maharashtra,NAGPUR,AASHTIKAR PATIL NAGESH BAPURAO,Road Construction,Construction of concrete road from Shanti Nagar to Kisan Nagar in NAGPUR,1373098.29,14-10-2023,14-01-2024,Ganesh Engineering Works,Completed
WS/27601/2024/00028,Uttar Pradesh,VARANASI,ANITA JOSHI,Road Construction,Construction of concrete road from Nehru Path to Ram Nagar in VARANASI,1935367.45,19-10-2024,20-05-2025,Progressive Engineers & Contractors,Completed
WS/40154/2024/00573,Maharashtra,NANDURBAR(ST),MEERA IYER,Streetlight Installation,"Installation of streetlights at Ram Nagar chowk, NANDURBAR(ST)",410892.8,03-06-2024,11-11-2024,Deep Construction Co.,New Recommendation
WS/59105/2025/00935,Kerala,KOTTAYAM,SANJAY DESHMUKH,School Building Repair,"Construction of additional classroom at Gandhi Chowk school, KOTTAYAM",1671191.0,20-01-2025,09-10-2025,Ganesh Engineering Works,Completed
WS/76244/2025/00029,Kerala,IDUKKI,ADV DEAN KURIAKOSE,Community Hall,"Construction of community hall at Ambedkar Colony, IDUKKI",3012074.57,04-04-2025,25-11-2025,Ganesh Engineering Works,New Recommendation
WS/12729/2023/00977,Jammu And Kashmir,BARAMULLAH,ADV K FRANCIS GEORGE,Water Supply / Handpump,"Installation of handpump at Bazaar Road village, GAYA",598567.12,14-04-2023,10-02-2024,Sri Lakshmi Contractors,New Recommendation
WS/73214/2024/00421,Maharashtra,HINGOLI,ABHAY KUMAR SINHA,Water Supply / Handpump,"Water supply pipeline extension to Vivekanand Marg area, HINGOLI",869045.78,17-08-2024,26-08-2025,Shree Balaji Construction Co.,Completed
WS/31964/2024/00431,Uttar Pradesh,KANPUR,MEERA IYER,Road Construction,"Widening and strengthening of road near Panchayat Bhavan Marg village, KANPUR",1447820.7,19-01-2024,11-11-2024,Progressive Engineers & Contractors,Ongoing
WS/96556/2025/00478,Jammu And Kashmir,JAMMU,ADV DEAN KURIAKOSE,Road Construction,"CC road construction at Nehru Path ward, JAMMU",1590433.39,23-11-2025,26-01-2026,Om Sai Infra Pvt Ltd,Sanctioned
WS/44053/2024/00438,Bihar,PATNA_SAHIB,RAVI SHANKAR PRASAD JI,Drainage / Nala,"Construction of drainage/nala near Shanti Nagar area, PATNA_SAHIB",1024236.99,26-06-2024,29-01-2025,New India Construction Co.,Sanctioned
WS/76046/2025/00363,Jammu And Kashmir,BARAMULLAH,ADV GOWAAL KAGADA PADAVI,Water Supply / Handpump,"Water supply pipeline extension to Station Road area, BARAMULLAH",441705.51,17-02-2025,24-06-2025,Deep Construction Co.,Ongoing
WS/15210/2024/00480,West Bengal,TAMLUK,ADHIKARI SOUMENDU,Drainage / Nala,"Covered drain construction from Gandhi Chowk to Station Road, TAMLUK",750585.74,12-07-2024,24-06-2025,Deep Construction Co.,Completed
WS/11699/2025/00367,Uttar Pradesh,VARANASI,ABDUL RASHID SHEIKH,School Building Repair,"Repair and renovation of Govt. School building at Kisan Nagar, VARANASI",942576.51,05-12-2025,13-07-2026,United Rural Builders,Completed
WS/54778/2024/00730,Kerala,KOTTAYAM,ADV DEAN KURIAKOSE,Solar Light Installation,"Solar street light at Gandhi Chowk chowk parisar, KOTTAYAM",347713.93,05-01-2024,08-07-2024,Progressive Engineers & Contractors,New Recommendation
WS/55109/2025/00702,Uttar Pradesh,BADAUN,ANITA JOSHI,Community Hall,"Construction of community hall at Andouli, BADAUN",2548263.24,24-09-2025,02-09-2026,Bharat Infra Solutions,New Recommendation
WS/85228/2024/00958,Uttar Pradesh,LUCKNOW,ANITA JOSHI,Drainage / Nala,"Covered drain construction from Station Road to Station Road, NAGPUR",392628.17,10-01-2024,15-01-2025,Progressive Engineers & Contractors,Completed
WS/46261/2024/00516,Maharashtra,AURANGABAD_MH,ADV GOWAAL KAGADA PADAVI,Water Supply / Handpump,"Water supply pipeline extension to Station Road area, AURANGABAD_MH",824494.91,23-02-2024,03-08-2024,Ganesh Engineering Works,New Recommendation
WS/93284/2024/00321,Maharashtra,NAGPUR,ABDUL RASHID SHEIKH,Community Hall,"Construction of community hall at Ram Nagar, NAGPUR",3261584.86,06-01-2024,10-09-2024,Metro Civil Works Pvt Ltd,Sanctioned
WS/37871/2024/00711,Kerala,ERNAKULAM,ADHIKARI SOUMENDU,Drainage / Nala,"Construction of drainage/nala near Ambedkar Colony area, ERNAKULAM",755207.3,09-08-2024,30-05-2025,National Builders & Contractors,Completed
WS/19027/2025/00453,Jammu And Kashmir,JAMMU,ADHIKARI SOUMENDU,Streetlight Installation,"LED streetlight installation along Station Road road, JAMMU",306449.11,19-04-2025,12-02-2026,Bharat Infra Solutions,Ongoing
WS/46073/2024/00540,Maharashtra,NANDURBAR(ST),ANITA JOSHI,Road Construction,"CC road construction at Nehru Path ward, NANDURBAR(ST)",2247456.94,10-01-2024,17-07-2024,National Builders & Contractors,New Recommendation
WS/18232/2023/00142,Maharashtra,PUNE,ADV ADOOR PRAKASH,Community Hall,"Construction of community hall at Ram Nagar, PUNE",1804620.86,01-12-2023,31-08-2024,Progressive Engineers & Contractors,Sanctioned
WS/25220/2025/00099,Kerala,KOTTAYAM,SANJAY DESHMUKH,Road Construction,"CC road construction at Ram Nagar ward, KOTTAYAM",1037620.92,24-11-2025,11-02-2026,Bharat Infra Solutions,Sanctioned
WS/24801/2023/00448,Kerala,ATTINGAL,ADV DEAN KURIAKOSE,School Building Repair,"Construction of additional classroom at Gandhi Chowk school, ATTINGAL",1293928.02,21-10-2023,21-06-2024,Shree Balaji Construction Co.,Ongoing
WS/59688/2024/00854,Jammu And Kashmir,BARAMULLAH,RAJESH KUMAR SHARMA,Solar Light Installation,"Solar light installation near Shanti Nagar hanuman mandir, BARAMULLAH",146661.58,27-03-2024,21-06-2024,Sri Lakshmi Contractors,Sanctioned
WS/37621/2025/00897,Bihar,AURANGABAD_BR,ADV GOWAAL KAGADA PADAVI,School Building Repair,"Repair and renovation of Govt. School building at Gandhi Chowk, AURANGABAD_BR",601796.34,21-08-2025,29-07-2026,Sri Lakshmi Contractors,Ongoing
WS/94023/2024/00802,West Bengal,HOWRAH,SANJAY DESHMUKH,School Building Repair,"Construction of additional classroom at Bazaar Road school, HOWRAH",1758689.69,17-04-2024,29-12-2024,Metro Civil Works Pvt Ltd,New Recommendation
WS/26805/2024/00385,Kerala,ATTINGAL,ADV DEAN KURIAKOSE,Road Construction,Construction of concrete road from Panchayat Bhavan Marg to Panchayat Bhavan Marg in ATTINGAL,1135609.91,15-11-2024,20-09-2025,New India Construction Co.,New Recommendation
WS/33002/2024/00188,Kerala,IDUKKI,AASHTIKAR PATIL NAGESH BAPURAO,Water Supply / Handpump,"Water supply pipeline extension to Bazaar Road area, IDUKKI",435978.53,28-01-2024,12-01-2025,Progressive Engineers & Contractors,Ongoing
WS/60956/2025/00559,Kerala,IDUKKI,ABU TAHER KHAN,Road Construction,"CC road construction at Ram Nagar ward, IDUKKI",1128257.62,07-04-2025,05-04-2026,Ganesh Engineering Works,Sanctioned
WS/55157/2024/00473,Kerala,ATTINGAL,ABHIJIT GANGOPADHYAY,Water Supply / Handpump,"Installation of handpump at Bazaar Road village, ATTINGAL",489507.44,09-04-2024,03-12-2024,Ganesh Engineering Works,New Recommendation
WS/12609/2025/00644,Maharashtra,PUNE,ADV DEAN KURIAKOSE,Water Supply / Handpump,"Water supply pipeline extension to Andouli area, PUNE",585494.28,19-01-2025,10-04-2025,Deep Construction Co.,Sanctioned
WS/25937/2023/00950,Maharashtra,AURANGABAD_MH,ABU TAHER KHAN,Streetlight Installation,"Installation of streetlights at Gandhi Chowk chowk, AURANGABAD_MH",419996.79,06-04-2023,25-08-2023,Shree Balaji Construction Co.,New Recommendation
WS/84760/2024/00581,Jammu And Kashmir,JAMMU,ABHAY KUMAR SINHA,Road Construction,Construction of concrete road from Kisan Nagar to Bazaar Road in JAMMU,1615631.02,07-02-2024,28-06-2024,Deep Construction Co.,Sanctioned
WS/30591/2025/00305,Bihar,GAYA,VIKRAM SINGH RATHORE,Water Supply / Handpump,"Water supply pipeline extension to Andouli area, GAYA",221695.24,21-11-2025,20-12-2026,National Builders & Contractors,Sanctioned
WS/59131/2025/00088,West Bengal,MURSHIDABAD,ADV GOWAAL KAGADA PADAVI,Road Construction,Construction of concrete road from Subhash Nagar to Shanti Nagar in MURSHIDABAD,878184.65,24-06-2025,20-09-2025,Bharat Infra Solutions,New Recommendation
WS/87994/2025/00313,Jammu And Kashmir,BARAMULLAH,ABU TAHER KHAN,Road Construction,"CC road construction at Nehru Path ward, BARAMULLAH",1519737.33,28-02-2025,07-12-2025,Ganesh Engineering Works,Ongoing
WS/44510/2024/00309,Kerala,ERNAKULAM,ADHIKARI SOUMENDU,Community Hall,"Multipurpose community centre building at Ambedkar Colony panchayat, ERNAKULAM",3713731.73,13-04-2024,15-09-2024,Metro Civil Works Pvt Ltd,Completed
WS/83044/2023/00205,Jammu And Kashmir,SRINAGAR,ABU TAHER KHAN,Solar Light Installation,"Solar street light at Station Road chowk parisar, SRINAGAR",262058.81,30-05-2023,11-05-2024,Sri Lakshmi Contractors,Sanctioned
WS/88154/2023/00568,Bihar,GAYA,MEERA IYER,School Building Repair,"Construction of additional classroom at Shanti Nagar school, GAYA",734955.26,26-09-2023,02-10-2024,Deep Construction Co.,Completed
WS/71995/2024/00427,Kerala,KOTTAYAM,ADV ADOOR PRAKASH,Streetlight Installation,"LED streetlight installation along Andouli road, KOTTAYAM",344498.44,25-04-2024,02-10-2024,National Builders & Contractors,Ongoing
WS/61964/2024/00139,West Bengal,TAMLUK,ADV ADOOR PRAKASH,Solar Light Installation,"Solar light installation near Station Road hanuman mandir, TAMLUK",257894.8,23-03-2024,04-06-2024,Sri Lakshmi Contractors,Completed
WS/42819/2025/00257,Jammu And Kashmir,JAMMU,ADV GOWAAL KAGADA PADAVI,Drainage / Nala,"Construction of drainage/nala near Ram Nagar area, JAMMU",1086981.03,14-09-2025,02-04-2026,Om Sai Infra Pvt Ltd,New Recommendation
