unique_work_number,work_name,sanction_amount,cost_deviation_pct,contractor_concentration,text_similarity,rf_anomaly_probability,rf_anomaly_prediction
WS/97706/2023/00915,"LED streetlight installation along Ram Nagar road, BARAMULLAH",1133939.13,286.87530145225566,0.2857142857142857,0.9526117300165586,81.90671894819208,1
WS/20322/2024/00908,"Solar light installation near Panchayat Bhavan Marg hanuman mandir, AURANGABAD_MH",1470341.76,309.7857959451226,0.2222222222222222,0.9972956045408594,80.28230044641701,1
WS/58467/2024/00972,"Solar street light at Subhash Nagar chowk parisar, BARAMULLAH",343881.79,22.44313516600666,0.08333333333333333,1.0,79.97397626250357,1
WS/24444/2023/00970,"Solar street light at Subhash Nagar chowk parisar, BARAMULLAH",302034.8,0.3246823561705729,0.05,1.0,79.94160510983957,1
WS/72530/2024/00439,"Multipurpose community centre building at Nehru Path panchayat, AURANGABAD_MH",2216905.62,0.0,0.4,1.0,79.37521790189804,1
WS/15695/2025/00004,"Repair and renovation of Govt. School building at Kisan Nagar, AURANGABAD_BR",535402.93,-34.41712343122244,0.1111111111111111,1.0,79.06350569417474,1
WS/64379/2025/00100,"Multipurpose community centre building at Panchayat Bhavan Marg panchayat, SRINAGAR",3176215.55,1.8885713871304464,0.1,1.0,78.69733466315198,1
WS/69372/2025/00528,"LED streetlight installation along Station Road road, NANDURBAR(ST)",556465.2,28.38269914523727,0.3333333333333333,1.0,78.41761684279084,1
WS/70106/2024/00576,"Water supply pipeline extension to Subhash Nagar area, AURANGABAD_BR",598066.08,1.4391041074074513,0.1111111111111111,1.0,78.27968604972013,1
WS/90698/2025/00182,"Construction of community hall at Kisan Nagar, BARAMULLAH",3832559.83,8.948780670251763,0.16666666666666666,1.0,78.07187905097415,1
WS/86735/2023/00493,"Solar light installation near Kisan Nagar hanuman mandir, IDUKKI",326135.53,0.5397759659229213,0.2857142857142857,1.0,77.8888157042775,1
WS/69245/2024/00106,"Repair and renovation of Govt. School building at Station Road, BADAUN",1027585.3,-19.911110036593175,0.125,1.0,77.65645413824822,1
WS/11424/2025/00901,"Water supply pipeline extension to Subhash Nagar area, AURANGABAD_BR",589581.39,0.0,0.1111111111111111,1.0,77.63526318720184,1
WS/74923/2024/00084,"Water supply pipeline extension to Andouli area, PUNE",839401.12,8.390017961547528,0.2857142857142857,1.0,77.5891902264387,1
WS/36680/2024/00078,"Construction of community hall at Nehru Path, NANDURBAR(ST)",3056584.68,8.09679980076507,0.16666666666666666,1.0,77.49503274358892,1
WS/41051/2025/00202,"Construction of community hall at Nehru Path, NANDURBAR(ST)",2085403.79,-26.24922925695397,0.3333333333333333,1.0,77.41969098512182,1
WS/56095/2025/00294,"Installation of streetlights at Bazaar Road chowk, BARAMULLAH",293101.97,0.0,0.14285714285714285,1.0,77.06929754789836,1
WS/68743/2023/00061,"Construction of additional classroom at Andouli school, NANDURBAR(ST)",1177246.7,-0.24348284758035924,0.1111111111111111,1.0,77.00900049726634,1
WS/98501/2023/00024,"Installation of streetlights at Gandhi Chowk chowk, LUCKNOW",186050.16,-0.4507242745336025,0.2857142857142857,1.0,76.95805432820715,1
WS/96870/2025/00102,"Repair and renovation of Govt. School building at Gandhi Chowk, VARANASI",786234.02,-29.343511992602068,0.25,1.0,76.94219543142239,1
WS/21593/2024/00602,"Construction of additional classroom at Andouli school, BARAMULLAH",1783735.4,30.000824651083857,0.2,1.0,76.78518490012668,1
WS/15144/2023/00491,"Repair and renovation of Govt. School building at Station Road, BADAUN",1557814.14,21.414353866194094,0.25,1.0,76.74860385119462,1
WS/65058/2023/00739,"Multipurpose community centre building at Station Road panchayat, ERNAKULAM",2793142.28,20.237831574633947,0.25,1.0,76.74860385119462,1
WS/72518/2024/00048,"Construction of additional classroom at Andouli school, NANDURBAR(ST)",1666773.87,41.23764895825139,0.05555555555555555,1.0,76.54184004498923,1
WS/19849/2025/00967,Construction of concrete road from Nehru Path to Nehru Path in GAYA,652993.99,-47.85336730237245,0.1111111111111111,1.0,76.38859997871845,1
WS/39329/2025/00324,"Construction of additional classroom at Nehru Path school, TAMLUK",1676121.61,63.02521507797575,0.14285714285714285,1.0,76.36375864905864,1
WS/35891/2025/00797,"Installation of streetlights at Gandhi Chowk chowk, LUCKNOW",185174.03,-0.9195124064081106,0.14285714285714285,1.0,76.0887838458171,1
WS/85228/2024/00958,"Covered drain construction from Station Road to Station Road, NAGPUR",392628.17,-16.910430431709923,0.4,1.0,75.94293619005458,1
WS/23114/2024/00635,"Repair and renovation of Govt. School building at Kisan Nagar, BADAUN",1198494.96,-6.590595473545939,0.125,1.0,75.74284188702917,1
WS/79501/2024/00545,"Solar light installation near Panchayat Bhavan Marg hanuman mandir, AURANGABAD_BR",252157.02,-15.441393529962804,0.08333333333333333,1.0,75.63275509800556,1
WS/57973/2024/00873,"Construction of drainage/nala near Ambedkar Colony area, LUCKNOW",472536.05,0.0,0.2,1.0,75.62960648085735,1
WS/63950/2025/00807,"Installation of streetlights at Kisan Nagar chowk, KANTHI",585457.54,13.257373297133872,0.5,1.0,75.55349401503548,1
WS/27324/2023/00885,"Construction of additional classroom at Gandhi Chowk school, ATTINGAL",937586.77,-4.061010649859011,0.14285714285714285,1.0,75.43888208922772,1
WS/97797/2023/00351,"Construction of community hall at Vivekanand Marg, TAMLUK",3137433.92,-2.7726383103883148,0.16666666666666666,1.0,75.32652138022749,1
WS/98987/2023/00989,"Construction of community hall at Vivekanand Marg, TAMLUK",2992596.98,-7.261055886812229,0.16666666666666666,1.0,75.16394360976805,1
WS/66317/2025/00863,"Installation of streetlights at Bazaar Road chowk, BARAMULLAH",156142.03,-46.727744613930774,0.14285714285714285,1.0,75.15581679133649,1
WS/11111/2023/00906,"Solar street light at Vivekanand Marg chowk parisar, AURANGABAD_MH",1052914.34,193.4483346776014,0.1111111111111111,1.0,75.14256048051031,1
WS/69409/2025/00653,"Repair and renovation of Govt. School building at Kisan Nagar, BADAUN",1242962.32,-3.124857396129683,0.125,1.0,75.0698489884549,1
WS/58177/2025/00260,"Construction of additional classroom at Nehru Path school, TAMLUK",525063.51,-48.930560207175624,0.14285714285714285,1.0,74.92183130474292,1
WS/26637/2025/00271,"Installation of streetlights at Kisan Nagar chowk, KANTHI",502344.2,-2.8209892333950024,0.16666666666666666,1.0,74.80711486529762,1
WS/28423/2025/00645,"Repair and renovation of Govt. School building at Gandhi Chowk, VARANASI",1655482.54,48.77323959343131,0.125,1.0,74.7034013935248,1
WS/32571/2024/00612,"Construction of community hall at Kisan Nagar, BARAMULLAH",2278933.66,-35.216394655633046,0.16666666666666666,1.0,74.62611714441734,1
WS/64154/2025/00731,"LED streetlight installation along Station Road road, NANDURBAR(ST)",364438.03,-15.92010073123537,0.16666666666666666,1.0,74.35055457752613,1
WS/24801/2023/00448,"Construction of additional classroom at Gandhi Chowk school, ATTINGAL",1293928.02,32.40176856444872,0.42857142857142855,1.0,74.07473833431823,1
WS/81766/2025/00714,"Construction of community hall at Vivekanand Marg, TAMLUK",2038953.64,-36.81394155876587,0.16666666666666666,1.0,74.03767169409706,1
WS/50642/2025/00147,"Multipurpose community centre building at Station Road panchayat, ERNAKULAM",2003977.48,-13.733751250366172,0.25,1.0,74.01185592256176,1
WS/22759/2023/00632,"Solar street light at Subhash Nagar chowk parisar, SRINAGAR",359720.0,37.266898220288795,0.2222222222222222,1.0,73.78066367882568,1
WS/16889/2025/00827,"Solar street light at Shanti Nagar chowk parisar, ERNAKULAM",216600.59,-18.012187042610936,0.375,1.0,73.6960648418734,1
WS/57622/2024/00636,"Solar street light at Subhash Nagar chowk parisar, PATNA_SAHIB",367716.37,104.53107095810894,0.23076923076923078,1.0,73.38331902436308,1
WS/94466/2025/00651,"Solar street light at Subhash Nagar chowk parisar, SRINAGAR",411586.35,57.05877241829801,0.1111111111111111,1.0,73.27842144340909,1
WS/68652/2024/00909,"Covered drain construction from Shanti Nagar to Vivekanand Marg, JAMMU",5280276.27,530.8365668437355,0.3333333333333333,0.9120503493473038,73.12806097227677,1
WS/72575/2024/00903,"Solar street light at Vivekanand Marg chowk parisar, BADAUN",1256885.47,347.845036628475,0.09090909090909091,0.9408881203832832,73.092194702787,1
WS/57663/2024/00969,Construction of concrete road from Nehru Path to Nehru Path in GAYA,307799.25,-75.41984355115544,0.3333333333333333,1.0,73.02679130490604,1
WS/32939/2024/00512,"Repair and renovation of Govt. School building at Ram Nagar, MURSHIDABAD",1561240.46,52.78352139138456,0.1111111111111111,1.0,72.89798590968071,1
WS/28116/2024/00894,"Multipurpose community centre building at Panchayat Bhavan Marg panchayat, SRINAGAR",2735516.19,-12.24845032779148,0.2,1.0,72.78412229294565,1
WS/20336/2024/00161,"Multipurpose community centre building at Nehru Path panchayat, AURANGABAD_MH",1911642.7,-13.769775187813368,0.2,1.0,72.78412229294565,1
WS/74868/2025/00668,"Construction of additional classroom at Andouli school, BARAMULLAH",764313.55,-44.295890639386634,0.4,1.0,72.61666090724084,1
WS/84946/2024/00083,"Solar street light at Subhash Nagar chowk parisar, PATNA_SAHIB",290200.52,61.415231930523284,0.07692307692307693,1.0,72.44020895283667,1
WS/87207/2025/00404,"Repair and renovation of Govt. School building at Kisan Nagar, AURANGABAD_BR",721280.76,-11.648471825669562,0.2222222222222222,1.0,71.8716275697547,1
WS/51800/2023/00237,"Repair and renovation of Govt. School building at Ram Nagar, MURSHIDABAD",887620.42,-13.137164388822105,0.2222222222222222,1.0,71.6216275697547,1
WS/42088/2025/00914,"Construction of community hall at Kisan Nagar, AURANGABAD_BR",13905577.07,279.0507864205988,0.15384615384615385,1.0000000000000004,71.47311757506839,1
WS/12609/2025/00644,"Water supply pipeline extension to Andouli area, PUNE",585494.28,-24.39641309320228,0.42857142857142855,1.0,71.18771294975198,1
WS/54657/2024/00066,"Solar street light at Shanti Nagar chowk parisar, ERNAKULAM",104292.89,-60.52297937828538,0.125,1.0,71.15538213635658,1
WS/67503/2024/00451,"Solar light installation near Kisan Nagar hanuman mandir, IDUKKI",137587.08,-57.58519717552543,0.14285714285714285,1.0,71.1374865120855,1
WS/57381/2025/00157,"Installation of streetlights at Station Road chowk, KOTTAYAM",393977.11,7.44152121380193,0.4444444444444444,1.0,70.50554955744089,1
WS/69612/2025/00911,"Multipurpose community centre building at Vivekanand Marg panchayat, HINGOLI",12663789.2,394.88290994244124,0.14285714285714285,0.9433826618638281,70.4585711627148,1
WS/82129/2024/00971,"Solar street light at Subhash Nagar chowk parisar, BARAMULLAH",1326639.71,406.23740144435516,0.1111111111111111,1.0,69.5511039314078,1
WS/70940/2025/00536,"Installation of streetlights at Station Road chowk, KOTTAYAM",366689.81,0.0,0.4444444444444444,1.0,69.41557010065071,1
WS/94366/2024/00960,"Covered drain construction from Station Road to Station Road, NAGPUR",322285.88,-61.49638623332636,0.16666666666666666,1.0,69.21276207478121,1
WS/65212/2024/00959,"Covered drain construction from Station Road to Station Road, NAGPUR",344693.77,-59.12747135343637,0.2,1.0,69.14473499265226,1
WS/67780/2024/00913,"Solar street light at Vivekanand Marg chowk parisar, AURANGABAD_MH",520624.81,45.09868246864473,0.2222222222222222,1.0,69.04328046557055,1
WS/21334/2025/00577,"Solar street light at Subhash Nagar chowk parisar, SRINAGAR",378097.89,44.279785899966505,0.2222222222222222,1.0,69.04328046557055,1
WS/89988/2025/00249,"Solar light installation near Panchayat Bhavan Marg hanuman mandir, AURANGABAD_BR",447885.19,50.19430164969367,0.3333333333333333,1.0,67.96640645914668,1
WS/81989/2024/00192,"Construction of drainage/nala near Ambedkar Colony area, LUCKNOW",730363.71,54.56253760956439,0.2,1.0,67.76302463831551,1
WS/14050/2025/00981,"Solar light installation near Andouli hanuman mandir, VARANASI",1598771.73,494.5895669553795,0.2,0.9999999999999999,66.21187722218761,1
WS/87401/2024/00968,Construction of concrete road from Nehru Path to Nehru Path in GAYA,234771.08,-85.21190422690705,0.15384615384615385,1.0,65.60497291588716,1
WS/24779/2024/00980,"Solar light installation near Andouli hanuman mandir, VARANASI",2207174.11,1127.6736129786957,0.15384615384615385,0.9999999999999999,62.76242778261631,1
WS/57540/2024/00904,"Installation of handpump at Bazaar Road village, MURSHIDABAD",2240447.61,459.00458429408644,0.18181818181818182,1.0000000000000004,57.867764291482736,1
WS/26401/2023/00902,"Covered drain construction from Kisan Nagar to Gandhi Chowk, VARANASI",2224512.91,239.23855241611628,0.2,0.9594596810106543,50.77416165242518,1
WS/13901/2025/00700,"Repair and renovation of Govt. School building at Ambedkar Colony, SRINAGAR",1657291.36,1.168065976304915,0.4,0.9999999999999999,46.78927369171205,0
WS/58717/2025/00331,"Multipurpose community centre building at Nehru Path panchayat, ATTINGAL",2058319.81,-5.262927205521853,0.3333333333333333,0.9999999999999999,43.704437497527636,0
WS/12729/2023/00977,"Installation of handpump at Bazaar Road village, GAYA",598567.12,18.817042094688414,0.2222222222222222,0.9999999999999999,42.40559307576349,0
WS/45785/2024/00763,"Repair and renovation of Govt. School building at Subhash Nagar, VARANASI",1054571.38,-5.228840054625111,0.25,0.9999999999999999,42.12188034846725,0
WS/12596/2024/00799,"Repair and renovation of Govt. School building at Subhash Nagar, MURSHIDABAD",991776.16,-2.944448315908209,0.1111111111111111,0.9999999999999999,41.674566076714484,0
WS/55977/2024/00979,"Solar light installation near Andouli hanuman mandir, VARANASI",132868.53,-54.225978204027925,0.16666666666666666,0.9999999999999999,41.60387396323456,0
WS/50063/2025/00850,"Repair and renovation of Govt. School building at Subhash Nagar, VARANASI",1128832.53,1.4447862715297777,0.125,0.9999999999999999,41.38872898320778,0
WS/94604/2023/00552,"Repair and renovation of Govt. School building at Ambedkar Colony, SRINAGAR",1771190.77,8.120967140009887,0.2,0.9999999999999999,41.249510730478406,0
WS/32312/2025/00976,"Installation of handpump at Bazaar Road village, GAYA",635482.84,0.0,0.14285714285714285,0.9999999999999999,40.80727450062732,0
WS/76046/2025/00363,"Water supply pipeline extension to Station Road area, BARAMULLAH",441705.51,-12.320372400131475,0.1111111111111111,0.9999999999999999,40.5052628437156,0
WS/53369/2023/00047,"Water supply pipeline extension to Station Road area, BARAMULLAH",306963.69,-39.066954302015645,0.2222222222222222,0.9999999999999999,40.417931312939956,0
WS/23970/2023/00043,"Repair and renovation of Govt. School building at Subhash Nagar, MURSHIDABAD",959514.01,-6.101633266557682,0.2222222222222222,0.9999999999999999,40.2340571199843,0
WS/94498/2025/00384,"Water supply pipeline extension to Station Road area, BARAMULLAH",759762.04,50.81462925766177,0.1111111111111111,0.9999999999999999,39.41065109344658,0
WS/42441/2024/00978,"Installation of handpump at Bazaar Road village, GAYA",308464.64,-56.988653100815455,0.2,0.9999999999999999,39.26771238014672,0
WS/76005/2023/00907,"Installation of handpump at Ram Nagar village, LUCKNOW",1966820.05,232.96477853285475,0.1111111111111111,0.9655021914155757,36.51407721853751,0
WS/21813/2023/00094,"Multipurpose community centre building at Nehru Path panchayat, ATTINGAL",3471526.21,59.78189087375534,0.3333333333333333,0.9999999999999999,36.04878492165356,0
WS/29975/2024/00910,"Water supply pipeline extension to Bazaar Road area, GAYA",1929022.43,143.52512904567197,0.2,0.9125061928796778,30.1117928269314,0
WS/30677/2023/00566,"Construction of drainage/nala near Andouli area, LUCKNOW",1133107.98,139.79291738693797,0.2,0.8928769272530133,26.832957444836826,0
WS/93674/2023/00905,"Widening and strengthening of road near Andouli village, SRINAGAR",4471498.52,139.86268531276062,0.14285714285714285,0.8846737542738403,26.209361973718178,0
WS/59735/2024/00007,"Installation of streetlights at Nehru Path chowk, KOTTAYAM",435740.23,18.830744164938746,0.4444444444444444,1.0000000000000002,25.570973367632345,0
WS/74662/2024/00962,"Construction of community hall at Shanti Nagar, TAMLUK",1257248.91,-43.288117515801154,0.4,1.0000000000000002,24.386222101253267,0
WS/92317/2025/00608,"Construction of community hall at Shanti Nagar, KOTTAYAM",2229160.24,-7.4283106280833024,0.3333333333333333,1.0000000000000002,23.60579332038522,0
WS/41897/2024/00819,"Repair and renovation of Govt. School building at Gandhi Chowk, ERNAKULAM",1737071.71,85.92883083743726,0.2222222222222222,1.0000000000000004,23.16845977494893,0
WS/97679/2025/00373,"Repair and renovation of Govt. School building at Vivekanand Marg, AURANGABAD_BR",1795283.52,119.9088777831688,0.2222222222222222,0.9974396825409069,22.797463936994507,0
WS/93914/2025/00918,"CC road construction at Gandhi Chowk ward, HOWRAH",1726638.08,1.3614034397272154,0.3,1.0000000000000004,21.875167713533656,0
WS/34470/2023/00772,"Water supply pipeline extension to Gandhi Chowk area, NANDURBAR(ST)",587034.74,-7.623825058753747,0.2857142857142857,1.0000000000000002,21.55179833243899,0
WS/14965/2023/00377,"Installation of handpump at Ram Nagar village, ERNAKULAM",680230.48,82.19971413444026,0.2,1.0000000000000004,21.501472595461756,0
WS/55829/2024/00506,"Solar light installation near Station Road hanuman mandir, TAMLUK",315357.8,0.0,0.2857142857142857,1.0000000000000002,21.35166375523675,0
WS/84205/2024/00255,"Construction of community hall at Ambedkar Colony, MURSHIDABAD",2307162.87,-4.331757873897331,0.2857142857142857,1.0000000000000004,21.245418747112037,0
WS/60868/2023/00393,"Construction of community hall at Ambedkar Colony, MURSHIDABAD",2423587.96,0.49589597078909997,0.2857142857142857,1.0000000000000004,21.17320978524963,0
WS/70210/2024/00514,"Solar light installation near Subhash Nagar hanuman mandir, AURANGABAD_BR",443795.72,48.82293437861382,0.3333333333333333,1.0000000000000004,20.845585715621905,0
WS/96200/2024/00077,"Widening and strengthening of road near Station Road village, BADAUN",1334679.17,6.651131066600906,0.3333333333333333,1.0000000000000004,20.74891543716937,0
WS/98288/2024/00242,"Installation of streetlights at Kisan Nagar chowk, KANPUR",201404.43,-47.482055275068355,0.3,1.0000000000000004,20.718386403101352,0
WS/75612/2024/00012,"Construction of community hall at Shanti Nagar, KOTTAYAM",2586913.13,7.4283106280833024,0.3333333333333333,1.0000000000000002,20.569943474552545,0
WS/46002/2025/00961,"Construction of community hall at Shanti Nagar, TAMLUK",1598818.7,-37.737565643034124,0.375,1.0000000000000002,20.517749773272563,0
WS/12441/2025/00389,"Construction of drainage/nala near Station Road area, AURANGABAD_BR",536911.19,-16.685065450516394,0.3333333333333333,1.0000000000000004,20.498682457392004,0
WS/45358/2023/00224,"Construction of community hall at Ram Nagar, ERNAKULAM",1766377.29,-23.961848770454196,0.25,1.0000000000000004,20.426516610625345,0
WS/80854/2023/00518,"Installation of streetlights at Ambedkar Colony chowk, AURANGABAD_BR",260171.28,-28.526610115139533,0.25,1.0000000000000002,20.426516610625345,0
WS/56388/2024/00225,"LED streetlight installation along Station Road road, SRINAGAR",399633.0,-11.134123802224819,0.09090909090909091,1.0000000000000002,20.26452876440153,0
WS/28351/2025/00262,"LED streetlight installation along Ram Nagar road, IDUKKI",458954.78,25.250964622968098,0.07692307692307693,1.0000000000000002,20.073487939637893,0
WS/10841/2025/00808,"Construction of community hall at Shanti Nagar, KOTTAYAM",3371825.18,40.023829412715116,0.3333333333333333,1.0000000000000002,19.940859443591847,0
WS/52193/2024/00966,"Construction of drainage/nala near Kisan Nagar area, GAYA",258235.55,-49.11876403123666,0.08333333333333333,1.0000000000000004,19.936517077558545,0
WS/69925/2024/00423,"LED streetlight installation along Ram Nagar road, KANPUR",164653.19,-57.065258538733886,0.1,1.0000000000000002,19.9070799252079,0
WS/71216/2024/00952,"Construction of community hall at Shanti Nagar, BARAMULLAH",1157906.42,-56.03425498424841,0.375,1.0000000000000004,19.90478772750268,0
WS/42728/2023/00420,"Installation of handpump at Bazaar Road village, MURSHIDABAD",369439.56,-7.8227017057586,0.09090909090909091,1.0000000000000004,19.843782843655607,0
WS/40427/2024/00221,"LED streetlight installation along Ram Nagar road, IDUKKI",485455.45,32.48312479494615,0.07692307692307693,1.0000000000000002,19.6237057335399,0
WS/69270/2023/00285,"CC road construction at Station Road ward, PATNA_SAHIB",1951211.74,45.673742830172934,0.2857142857142857,1.0000000000000002,19.56911424911854,0
WS/41179/2024/00498,"Construction of additional classroom at Gandhi Chowk school, VARANASI",1096678.65,-1.4447862715297566,0.25,1.0000000000000002,19.32941393834492,0
WS/53165/2023/00964,"Construction of drainage/nala near Kisan Nagar area, GAYA",115076.66,-77.32596192911025,0.08333333333333333,1.0000000000000004,19.31022206359547,0
WS/54540/2023/00754,"Construction of drainage/nala near Station Road area, AURANGABAD_BR",478042.49,-25.819987536072446,0.16666666666666666,1.0000000000000004,19.144274135883354,0
WS/22265/2025/00669,"Repair and renovation of Govt. School building at Gandhi Chowk, ERNAKULAM",557487.24,-40.328916680135336,0.1111111111111111,1.0000000000000004,19.116564135595468,0
WS/68192/2024/00900,"Installation of handpump at Panchayat Bhavan Marg village, MURSHIDABAD",864136.04,115.6069196430521,0.09090909090909091,0.959664797895033,19.098550605348997,0
WS/10887/2024/00228,"LED streetlight installation along Subhash Nagar road, AURANGABAD_BR",427500.96,17.441643790322058,0.25,1.0000000000000002,19.034292914432754,0
WS/79603/2025/00336,"CC road construction at Gandhi Chowk ward, HOWRAH",1707430.42,0.23382760496216398,0.1,1.0000000000000004,18.98852314299519,0
WS/86563/2023/00965,"Construction of drainage/nala near Kisan Nagar area, GAYA",825107.88,8.16463887762594,0.26666666666666666,1.0000000000000004,18.939878364079217,0
WS/95542/2023/00838,"Solar street light at Shanti Nagar chowk parisar, AURANGABAD_MH",210003.63,-41.4717673046877,0.1111111111111111,1.0000000000000004,18.93148010198202,0
WS/15014/2023/00036,"Widening and strengthening of road near Ram Nagar village, KANTHI",2290965.3,50.07157215575205,0.3,1.0000000000000002,18.747717328780954,0
WS/61576/2023/00656,"Solar light installation near Subhash Nagar hanuman mandir, AURANGABAD_BR",198629.07,-33.391513892258594,0.16666666666666666,1.0000000000000004,18.67368590058924,0
WS/77964/2023/00773,"Multipurpose community centre building at Andouli panchayat, AURANGABAD_BR",3148924.73,-14.16376398640379,0.07692307692307693,1.0000000000000002,18.658638720005744,0
WS/38019/2025/00957,"Construction of additional classroom at Gandhi Chowk school, VARANASI",816376.1,0.0,0.1111111111111111,1.0000000000000002,18.65568600464335,0
WS/33999/2025/00849,"Water supply pipeline extension to Ambedkar Colony area, AURANGABAD_BR",744269.71,26.236974677915114,0.1111111111111111,1.0000000000000002,18.557308670252667,0
WS/89635/2025/00152,"Installation of streetlights at Panchayat Bhavan Marg chowk, ERNAKULAM",510493.19,38.19591930024881,0.25,1.0000000000000004,18.53936335864981,0
WS/85197/2024/00419,"Installation of streetlights at Nehru Path chowk, KOTTAYAM",569128.31,55.20701543356225,0.1111111111111111,1.0000000000000002,18.463203282406205,0
WS/11620/2024/00314,"LED streetlight installation along Kisan Nagar road, HINGOLI",328809.75,2.2335979637462104,0.14285714285714285,1.0000000000000002,18.37528896773148,0
WS/39683/2023/00974,"Installation of handpump at Subhash Nagar village, SRINAGAR",269780.21,-61.35655074495582,0.2,1.0000000000000004,18.33074339304948,0
WS/32417/2025/00975,"Installation of handpump at Subhash Nagar village, SRINAGAR",960531.94,34.48235549360846,0.1111111111111111,1.0000000000000004,18.31995847658668,0
WS/22223/2025/00941,"Solar street light at Ram Nagar chowk parisar, KOTTAYAM",293516.93,0.0,0.2222222222222222,1.0000000000000002,18.30682631693983,0
WS/16175/2023/00010,"Construction of community hall at Ram Nagar, ERNAKULAM",2048301.9,-11.825695157139394,0.25,1.0000000000000004,18.226321041267063,0
WS/93032/2024/00335,"LED streetlight installation along Subhash Nagar road, AURANGABAD_BR",494017.68,35.71489617399059,0.25,1.0000000000000002,18.16324360936605,0
WS/61964/2024/00139,"Solar light installation near Station Road hanuman mandir, TAMLUK",257894.8,-18.221524883798658,0.14285714285714285,1.0000000000000002,18.11892929890467,0
WS/76795/2025/00803,"LED streetlight installation along Kisan Nagar road, HINGOLI",223063.07,-30.645182452956522,0.14285714285714285,1.0000000000000002,18.11892929890467,0
WS/25389/2025/00191,"Multipurpose community centre building at Panchayat Bhavan Marg panchayat, HINGOLI",1899292.06,-25.778361702090407,0.14285714285714285,1.0000000000000002,18.11892929890467,0
WS/31090/2023/00304,"Construction of community hall at Kisan Nagar, AURANGABAD_BR",3879155.33,5.741521627060198,0.15384615384615385,1.0000000000000004,18.117314242928284,0
WS/91006/2024/00134,"Solar street light at Shanti Nagar chowk parisar, AURANGABAD_MH",358525.4,-0.0785936967855178,0.2222222222222222,1.0000000000000004,18.081551591665104,0
WS/48466/2025/00955,"Construction of additional classroom at Gandhi Chowk school, VARANASI",1100504.72,12.609642104762086,0.14285714285714285,1.0000000000000002,17.93392146388191,0
WS/20831/2024/00834,"Installation of handpump at Ram Nagar village, ERNAKULAM",657236.83,76.04086565574907,0.2,1.0000000000000004,17.9255797383189,0
WS/94717/2024/00973,"Installation of handpump at Subhash Nagar village, SRINAGAR",423351.66,5.628677792877034,0.18181818181818182,1.0000000000000004,17.908062745540413,0
WS/84743/2024/00718,"Widening and strengthening of road near Station Road village, BADAUN",1127125.45,-9.934007513991899,0.16666666666666666,1.0000000000000004,17.70524312927581,0
WS/97537/2025/00750,"Water supply pipeline extension to Ambedkar Colony area, AURANGABAD_BR",835950.15,41.787065226058104,0.1111111111111111,1.0000000000000002,17.699002239840972,0
WS/65550/2024/00740,"Construction of community hall at Ram Nagar, NAGPUR",1704522.25,-45.0998551511842,0.2,1.0000000000000002,17.596407638336274,0
WS/37479/2023/00231,"Installation of streetlights at Ambedkar Colony chowk, AURANGABAD_BR",598769.22,64.49189131142296,0.125,1.0000000000000002,17.55362227055186,0
WS/39110/2025/00422,"Construction of drainage/nala near Bazaar Road area, KANTHI",1185955.21,31.833687767397105,0.14285714285714285,1.0000000000000004,17.510538753847747,0
WS/48729/2024/00679,"Construction of drainage/nala near Bazaar Road area, KANTHI",915882.54,1.8117478567935132,0.14285714285714285,1.0000000000000004,17.49393303552809,0
WS/93284/2024/00321,"Construction of community hall at Ram Nagar, NAGPUR",3261584.86,5.050832425745445,0.2,1.0000000000000002,17.434485509768052,0
WS/66841/2024/00338,"Multipurpose community centre building at Panchayat Bhavan Marg panchayat, HINGOLI",2639815.78,3.1602543509153915,0.14285714285714285,1.0000000000000002,17.358942813885324,0
WS/98832/2024/00737,"LED streetlight installation along Station Road road, SRINAGAR",478004.49,6.293243626829276,0.18181818181818182,1.0000000000000002,17.31778496776263,0
WS/71548/2024/00934,"Solar street light at Ram Nagar chowk parisar, KOTTAYAM",259120.46,-11.718734588836153,0.2222222222222222,1.0000000000000002,17.291909409237515,0
WS/99740/2025/00583,"Widening and strengthening of road near Ram Nagar village, KANTHI",1304202.97,-14.567108407053942,0.1,1.0000000000000002,17.114076220370222,0
WS/57124/2025/00233,"Installation of streetlights at Kisan Nagar chowk, KANPUR",565573.09,47.47806827550311,0.1,1.0000000000000004,16.9411849989655,0
WS/54092/2023/00059,"Multipurpose community centre building at Andouli panchayat, AURANGABAD_BR",3704077.96,0.969104455958202,0.15384615384615385,1.0000000000000002,16.938112082030038,0
WS/31798/2025/00021,"Water supply pipeline extension to Subhash Nagar area, BADAUN",899497.73,25.07173462600315,0.2222222222222222,1.0000000000000002,16.914103947282225,0
WS/20917/2023/00681,"Water supply pipeline extension to Subhash Nagar area, BADAUN",663104.83,-7.797798081179229,0.2222222222222222,1.0000000000000002,16.871163488491597,0
WS/67105/2023/00963,"Construction of community hall at Shanti Nagar, TAMLUK",343050.81,-86.53099461120128,0.2,1.0000000000000002,16.784910059716147,0
WS/61508/2025/00650,"Installation of streetlights at Nehru Path chowk, KOTTAYAM",540128.82,47.29856278253272,0.1111111111111111,1.0000000000000002,16.77083243486294,0
WS/61987/2025/00208,"Water supply pipeline extension to Gandhi Chowk area, NANDURBAR(ST)",282121.34,-55.605199347318326,0.14285714285714285,1.0000000000000002,16.703960071613935,0
WS/14630/2025/00538,"Construction of additional classroom at Kisan Nagar school, HOWRAH",894080.36,-38.07680033381778,0.14285714285714285,1.0000000000000002,16.69246595477317,0
WS/19521/2024/00956,"Construction of additional classroom at Gandhi Chowk school, VARANASI",1028136.42,0.0,0.14285714285714285,1.0000000000000002,16.691127075991883,0
WS/99589/2025/00544,"Construction of additional classroom at Kisan Nagar school, HOWRAH",1444610.76,0.052438833792576384,0.14285714285714285,1.0000000000000002,16.691127075991883,0
WS/86986/2025/00266,"LED streetlight installation along Ram Nagar road, KANPUR",457323.92,19.251162211025147,0.2,1.0000000000000002,16.657090389743804,0
WS/17347/2025/00560,"Solar light installation near Vivekanand Marg hanuman mandir, PATNA_SAHIB",384122.33,113.65638830227802,0.07692307692307693,0.9657748243591313,16.588014681889195,0
WS/51779/2024/00954,"Construction of community hall at Shanti Nagar, BARAMULLAH",1636000.27,-43.533726398818644,0.14285714285714285,1.0000000000000004,16.507381921159723,0
WS/33508/2025/00219,Construction of concrete road from Vivekanand Marg to Andouli in ERNAKULAM,2371070.75,115.19419936884454,0.15,0.8505148673899865,16.468805180763457,0
WS/86499/2025/00953,"Construction of community hall at Shanti Nagar, BARAMULLAH",1932398.79,-9.315148052628281,0.125,1.0000000000000004,16.41951453891293,0
WS/72347/2025/00621,"Installation of streetlights at Panchayat Bhavan Marg chowk, ERNAKULAM",333277.0,-9.778382358775398,0.125,1.0000000000000004,16.41951453891293,0
WS/50730/2025/00079,"CC road construction at Station Road ward, PATNA_SAHIB",849078.05,-36.60945403165485,0.14285714285714285,1.0000000000000002,16.170960578429078,0
WS/40704/2024/00734,Construction of concrete road from Ambedkar Colony to Vivekanand Marg in KOTTAYAM,2187677.4,110.83589949208039,0.2,0.9322898286377124,15.117901349707171,0
WS/37471/2023/00571,"Water supply pipeline extension to Subhash Nagar area, MURSHIDABAD",845871.13,111.04971938710908,0.09090909090909091,0.9434437179388704,14.38549578698507,0
WS/37504/2023/00613,"Covered drain construction from Shanti Nagar to Ram Nagar, ATTINGAL",1071133.69,111.04997369642639,0.08333333333333333,0.8900698343320986,13.256514798401199,0
WS/50737/2025/00823,"Construction of drainage/nala near Andouli area, ATTINGAL",1067997.28,110.43199364950883,0.3333333333333333,0.9069369452560803,13.072042264138503,0
WS/96944/2023/00372,"LED streetlight installation along Vivekanand Marg road, LUCKNOW",391666.18,109.5675948097016,0.14285714285714285,0.9314384587298328,12.422724339827289,0
WS/39333/2025/00521,"Water supply pipeline extension to Shanti Nagar area, NAGPUR",651093.03,3.5595126355409907,0.2857142857142857,0.9999999999999998,11.750918688267504,0
WS/79550/2024/00815,"Repair and renovation of Govt. School building at Nehru Path, AURANGABAD_BR",1618758.12,98.28582928873104,0.2222222222222222,0.9969677988881975,11.70203127396028,0
WS/63363/2024/00415,"Repair and renovation of Govt. School building at Station Road, AURANGABAD_BR",1701599.38,108.4332674609166,0.1111111111111111,0.9053992261255397,11.55651951271674,0
WS/38905/2024/00246,"Water supply pipeline extension to Nehru Path area, HOWRAH",787924.26,10.315863557185184,0.3333333333333333,0.9999999999999998,11.50705466103556,0
WS/33942/2024/00721,Construction of concrete road from Nehru Path to Ram Nagar in KANTHI,2465636.39,61.51354601998252,0.2,0.9999999999999998,10.73748000964762,0
WS/35362/2025/00368,"Installation of handpump at Nehru Path village, KANPUR",693240.35,9.462174730179287,0.6666666666666666,0.9489790983598216,10.683227229251191,0
WS/30892/2023/00349,"Water supply pipeline extension to Ram Nagar area, HOWRAH",820286.72,14.846873583116938,0.2222222222222222,0.9999999999999998,10.463808163797102,0
WS/59160/2024/00463,"Solar street light at Station Road chowk parisar, PATNA_SAHIB",354053.69,96.93161985790924,0.23076923076923078,0.9570551373249487,10.387475462097404,0
WS/32427/2025/00877,"Solar light installation near Gandhi Chowk hanuman mandir, VARANASI",177117.71,-36.38011919111764,0.14285714285714285,0.9999999999999998,10.203606672828338,0
WS/78864/2024/00371,"Solar light installation near Gandhi Chowk hanuman mandir, VARANASI",300436.95,7.91559437836086,0.14285714285714285,0.9999999999999998,10.171671550064433,0
WS/70731/2025/00283,Construction of concrete road from Nehru Path to Ram Nagar in KANTHI,1711071.73,12.085165407072083,0.2,0.9999999999999998,10.155207688235285,0
WS/59412/2023/00232,"Water supply pipeline extension to Ram Nagar area, HOWRAH",411982.85,-42.319019510199766,0.2222222222222222,0.9999999999999998,10.143590407535305,0
WS/52344/2023/00447,"Installation of streetlights at Shanti Nagar chowk, SRINAGAR",449703.55,0.0,0.09090909090909091,0.9999999999999998,9.948944516461749,0
WS/19807/2023/00085,"LED streetlight installation along Ambedkar Colony road, NAGPUR",559698.75,36.85540231060702,0.03333333333333333,0.9175454625366066,9.909257541453785,0
WS/43483/2023/00477,"Water supply pipeline extension to Shanti Nagar area, KANPUR",689128.66,8.812941705563329,0.6666666666666666,0.962484960092076,9.798672829608284,0
WS/29815/2024/00695,"Repair and renovation of Govt. School building at Kisan Nagar, AURANGABAD_MH",760951.0,-37.85366075799046,0.42857142857142855,0.9975673537941016,9.742809700462303,0
WS/82516/2023/00689,"Water supply pipeline extension to Ram Nagar area, KANPUR",242493.28,-61.71047777837182,0.6666666666666666,0.962484960092076,9.73228412890357,0
WS/61435/2025/00445,"Widening and strengthening of road near Ram Nagar village, ATTINGAL",2234028.71,96.72501008731072,0.4,0.9267415314476126,9.645741492561347,0
WS/52899/2023/00276,"Widening and strengthening of road near Ram Nagar village, BARAMULLAH",2421934.99,39.219671248984056,0.05555555555555555,0.9647156540172663,9.456245030486942,0
WS/38760/2025/00049,"Water supply pipeline extension to Nehru Path area, HOWRAH",714243.84,0.0,0.1111111111111111,0.9999999999999998,9.300755979271015,0
WS/33255/2024/00402,"Installation of streetlights at Ambedkar Colony chowk, HINGOLI",536816.26,66.90702664760354,0.5714285714285714,0.944587391877999,9.120070589337422,0
WS/14385/2024/00535,"Water supply pipeline extension to Andouli area, KANPUR",551210.16,-12.964294638980425,0.6666666666666666,0.9122094275024435,9.03167131679858,0
WS/85090/2024/00483,"Water supply pipeline extension to Shanti Nagar area, NAGPUR",628713.88,0.0,0.14285714285714285,0.9999999999999998,8.892784875449774,0
WS/66370/2025/00109,"Solar street light at Ambedkar Colony chowk parisar, HOWRAH",345622.8,14.6432685107558,0.5,0.9413295768741907,8.874685583164114,0
WS/40169/2024/00762,"Covered drain construction from Bazaar Road to Andouli, GAYA",976460.48,28.005679932996504,0.06666666666666667,0.9177555586195928,8.82849546030098,0
WS/46583/2023/00369,"Construction of drainage/nala near Station Road area, ATTINGAL",961571.54,89.46248271234212,0.25,0.894629818413546,8.818443469193062,0
WS/46760/2025/00510,"LED streetlight installation along Andouli road, BADAUN",458471.99,2.9181398590548198,0.14285714285714285,0.9999999999999997,8.559741521590956,0
WS/43557/2023/00912,"Construction of community hall at Ambedkar Colony, BARAMULLAH",6791111.94,93.05200651184302,0.3333333333333333,0.9110539682762739,8.456080484689883,0
WS/49021/2024/00248,"LED streetlight installation along Andouli road, BADAUN",248343.87,-44.25157980578284,0.14285714285714285,0.9999999999999997,8.403709872002745,0
WS/12727/2024/00690,"Installation of streetlights at Shanti Nagar chowk, TAMLUK",572534.01,20.723545481027337,0.058823529411764705,0.9318132398590102,8.207130761327146,0
WS/23159/2025/00652,"Water supply pipeline extension to Shanti Nagar area, NAGPUR",489072.92,-22.210573750972383,0.14285714285714285,0.9999999999999998,8.2028782345999,0
WS/93354/2023/00278,"Widening and strengthening of road near Kisan Nagar village, IDUKKI",2385075.81,88.36371525059552,0.16666666666666666,0.9297607231671705,8.149121286910932,0
WS/14145/2025/00511,"Construction of drainage/nala near Nehru Path area, IDUKKI",835672.68,21.060519606360955,0.07692307692307693,0.9173048071671986,8.108447367008745,0
WS/18849/2025/00791,"Multipurpose community centre building at Vivekanand Marg panchayat, ERNAKULAM",1938327.61,-16.559814952340062,0.08333333333333333,0.9999999999999996,8.055945936326808,0
WS/30144/2023/00770,"Multipurpose community centre building at Vivekanand Marg panchayat, ERNAKULAM",2315198.79,-0.3364475318398987,0.25,0.9999999999999996,7.973239861338601,0
WS/67377/2024/00073,"Installation of handpump at Ram Nagar village, TAMLUK",412863.83,0.0,0.037037037037037035,0.9710348105445665,7.94259973664381,0
WS/22418/2025/00790,"CC road construction at Bazaar Road ward, GAYA",2011302.88,60.61812839508747,0.3333333333333333,0.8934257712864033,7.9316351073147064,0
WS/55121/2025/00322,"Installation of streetlights at Shanti Nagar chowk, SRINAGAR",350746.54,-22.004943034138826,0.18181818181818182,0.9999999999999998,7.883161750724693,0
WS/29476/2025/00082,"Multipurpose community centre building at Ambedkar Colony panchayat, VARANASI",3315127.46,39.94531438665955,0.041666666666666664,0.9347574822652914,7.858646213160368,0
WS/50481/2023/00792,"LED streetlight installation along Gandhi Chowk road, MURSHIDABAD",467083.11,-1.5116515549797795,0.058823529411764705,0.9514959276943743,7.82407873614764,0
WS/98185/2025/00547,"Installation of streetlights at Andouli chowk, MURSHIDABAD",301832.97,-36.35601441132108,0.058823529411764705,0.9181516984370175,7.82321560113737,0
WS/42539/2024/00418,"Construction of additional classroom at Nehru Path school, IDUKKI",1737623.96,57.74032618317866,0.18518518518518517,0.9029329676690354,7.801417687516292,0
WS/73463/2023/00835,"Multipurpose community centre building at Panchayat Bhavan Marg panchayat, AURANGABAD_MH",3234314.63,45.89320360873097,0.4,0.9920857118840387,7.767758803367306,0
WS/34881/2023/00167,"Solar street light at Shanti Nagar chowk parisar, PUNE",315382.11,-1.6721882808174722,0.06666666666666667,0.9650150273598512,7.719458354849257,0
WS/51766/2023/00641,"Repair and renovation of Govt. School building at Ram Nagar, LUCKNOW",606841.16,-47.850814927640464,0.05,0.9676046704852843,7.538212401174482,0
WS/59106/2024/00809,"Installation of streetlights at Shanti Nagar chowk, HINGOLI",337579.05,4.960150599802406,0.5714285714285714,0.9709683285847083,7.506648749777116,0
WS/24860/2024/00930,"Multipurpose community centre building at Shanti Nagar panchayat, GAYA",2380528.05,-7.295635553899279,0.5,0.9420762579274131,7.382773828332937,0
WS/41091/2023/00091,"Construction of additional classroom at Subhash Nagar school, ERNAKULAM",1583425.5,69.48318842472226,0.1111111111111111,0.9455340890960211,7.3378327113321244,0
WS/24131/2025/00614,"CC road construction at Andouli ward, ATTINGAL",2116976.92,86.41761588713153,0.4,0.9204404560379658,7.324167123085652,0
WS/96266/2025/00839,"LED streetlight installation along Andouli road, HINGOLI",284360.07,-11.586706071450951,0.5714285714285714,0.9323073535599324,7.2469774301426,0
WS/16731/2025/00175,"Installation of streetlights at Bazaar Road chowk, KANTHI",363565.6,-29.667854517346466,0.5,0.942770602894623,7.158767295943172,0
WS/25408/2024/00497,"Installation of handpump at Shanti Nagar village, KANTHI",738041.3,78.76143327934541,0.14814814814814814,0.974384149280167,7.143369142976706,0
WS/22648/2023/00615,Construction of concrete road from Ram Nagar to Bazaar Road in BADAUN,2344499.81,87.34356701013843,0.3333333333333333,0.970840141762367,7.119323734462187,0
WS/68479/2024/00709,"CC road construction at Ram Nagar ward, ERNAKULAM",956822.64,-13.16046475931426,0.05,0.9296053926663658,7.101195036518748,0
WS/59355/2024/00831,"Construction of community hall at Subhash Nagar, IDUKKI",3314893.78,8.347996926008355,0.2857142857142857,0.9207176027372064,7.0429200080843035,0
WS/62286/2024/00674,"Installation of streetlights at Ram Nagar chowk, HINGOLI",321625.92,0.0,0.5714285714285714,0.9709683285847083,6.9437346115334115,0
WS/64040/2025/00033,"LED streetlight installation along Andouli road, GAYA",487264.93,5.347894139042207,0.4,0.9029644795927374,6.941665770229885,0
WS/99399/2025/00032,"Construction of community hall at Gandhi Chowk, MURSHIDABAD",2411628.79,0.0,0.14285714285714285,0.8926171012706222,6.857532048907849,0
WS/94023/2024/00802,"Construction of additional classroom at Bazaar Road school, HOWRAH",1758689.69,21.805262364477073,0.2857142857142857,0.9173453440574368,6.846119589661582,0
WS/31249/2025/00496,"Installation of streetlights at Shanti Nagar chowk, LUCKNOW",321273.15,71.90261697457893,0.14285714285714285,0.9318132398590102,6.843978101689732,0
WS/75841/2023/00865,"Installation of handpump at Bazaar Road village, PUNE",774426.59,0.0,0.42857142857142855,0.9294968655578444,6.835972441377917,0
WS/92700/2023/00804,"Repair and renovation of Govt. School building at Kisan Nagar, ATTINGAL",1429929.89,46.318221286503714,0.42857142857142855,0.9578450482519056,6.835262020655372,0
WS/59271/2023/00752,"Repair and renovation of Govt. School building at Gandhi Chowk, IDUKKI",1273488.02,15.606379912700074,0.07407407407407407,0.9517311250322111,6.827400056594215,0
WS/96832/2023/00342,"Installation of handpump at Station Road village, MURSHIDABAD",680018.02,69.66841308223573,0.09090909090909091,0.9436159303983056,6.819330373451236,0
WS/46587/2023/00782,Construction of concrete road from Shanti Nagar to Shanti Nagar in HOWRAH,1732328.52,1.6954578030999705,0.2,0.960340988446184,6.8135632634225995,0
WS/45665/2025/00117,"Widening and strengthening of road near Ambedkar Colony village, KOTTAYAM",1064485.84,2.589088122857049,0.4,0.9434127071295477,6.785682438590096,0
WS/66603/2024/00222,"Solar street light at Shanti Nagar chowk parisar, AURANGABAD_BR",447405.06,50.0332943387552,0.16666666666666666,0.9968653014598308,6.776543003420195,0
WS/54359/2023/00409,"Solar light installation near Station Road hanuman mandir, IDUKKI",344759.0,6.280945906861534,0.2857142857142857,0.9627523991971059,6.767541929549862,0
WS/95054/2025/00929,"Multipurpose community centre building at Ambedkar Colony panchayat, GAYA",2755213.0,7.295635553899279,0.5,0.9342201744609363,6.721880324167216,0
WS/87178/2023/00846,"CC road construction at Ambedkar Colony ward, MURSHIDABAD",2130647.15,24.69886251063049,0.2857142857142857,0.9146571447983457,6.688959355413246,0
WS/51864/2025/00655,"Installation of handpump at Ambedkar Colony village, BARAMULLAH",878765.21,74.43705051476549,0.1111111111111111,0.9223723988414947,6.680236819465106,0
WS/46585/2024/00035,"CC road construction at Vivekanand Marg ward, AURANGABAD_BR",1922056.41,4.809499710953473,0.2,0.9460239763684385,6.66437019404999,0
WS/40102/2024/00199,"Construction of additional classroom at Gandhi Chowk school, HINGOLI",1342899.8,18.32136939846277,0.4,0.9286111090802728,6.648350909921715,0
WS/49515/2025/00872,"Construction of drainage/nala near Kisan Nagar area, AURANGABAD_MH",934194.05,8.037504957966595,0.2222222222222222,0.9563941917591215,6.629375817687189,0
WS/83680/2025/00428,"LED streetlight installation along Bazaar Road road, MURSHIDABAD",474252.15,0.0,0.11764705882352941,0.9514959276943743,6.6204813270447564,0
WS/16054/2024/00757,"Repair and renovation of Govt. School building at Bazaar Road, BARAMULLAH",1372095.45,0.0,0.4,0.9184384689427088,6.612076162316757,0
WS/91560/2024/00050,"Water supply pipeline extension to Station Road area, NAGPUR",675399.32,7.425546259611757,0.2857142857142857,0.8949927317378592,6.603428026639653,0
WS/78271/2023/00794,"Water supply pipeline extension to Subhash Nagar area, JAMMU",814132.34,13.52007315193357,0.2,0.9316082577764087,6.564758404803553,0
WS/60012/2024/00931,"Multipurpose community centre building at Nehru Path panchayat, GAYA",1942237.9,-24.36386955296354,0.5,0.9448419126961282,6.54456679284697,0
WS/60755/2023/00716,"Solar street light at Gandhi Chowk chowk parisar, HOWRAH",354752.45,17.67157832237478,0.5,0.9243912889472328,6.494121755672501,0
WS/32833/2025/00298,"Water supply pipeline extension to Kisan Nagar area, AURANGABAD_BR",864085.47,46.55914936528101,0.1111111111111111,0.9517176370697826,6.486266053554311,0
WS/62509/2025/00556,"CC road construction at Andouli ward, NAGPUR",1764314.61,9.706252949695228,0.125,0.916976725154153,6.4688813171747555,0
WS/12888/2023/00590,"Construction of additional classroom at Gandhi Chowk school, KANTHI",1432792.94,7.168118697862945,0.2,0.8934533010118183,6.452238954138697,0
WS/57352/2024/00708,"Installation of handpump at Ambedkar Colony village, ERNAKULAM",373343.33,0.0,0.4,0.9147594896811405,6.440078879656057,0
WS/13667/2024/00713,"CC road construction at Shanti Nagar ward, AURANGABAD_MH",1431494.5,-9.830981888161922,0.038461538461538464,0.9458861857224159,6.439765129165512,0
WS/21552/2023/00410,"Solar light installation near Ram Nagar hanuman mandir, SRINAGAR",131881.0,-49.67503668355969,0.1111111111111111,0.9680592365674402,6.435901533599369,0
WS/54063/2025/00867,"Repair and renovation of Govt. School building at Subhash Nagar, HINGOLI",1134959.65,0.0,0.2,0.9515618357618929,6.425234561510738,0
WS/13771/2024/00660,"Installation of handpump at Nehru Path village, LUCKNOW",674032.06,14.107508504371769,0.2222222222222222,0.9489790983598216,6.383717833782468,0
WS/24019/2024/00358,Construction of concrete road from Nehru Path to Bazaar Road in VARANASI,2324691.1,13.389353621288254,0.125,0.919603906723325,6.366410141348627,0
WS/52647/2024/00526,"Water supply pipeline extension to Station Road area, JAMMU",851604.28,18.74504354181499,0.2,0.8949691906679322,6.357335409314835,0
WS/31012/2025/00138,"Installation of handpump at Nehru Path village, GAYA",792124.59,0.0,0.2,0.915803164325818,6.342012218933933,0
WS/98407/2025/00461,"Water supply pipeline extension to Ambedkar Colony area, LUCKNOW",590699.13,0.0,0.2222222222222222,0.9176256790726619,6.334186775493331,0
WS/84421/2023/00520,"Multipurpose community centre building at Shanti Nagar panchayat, ERNAKULAM",2330830.24,0.3364475318398987,0.08333333333333333,0.9592830127189331,6.3204708036236275,0
WS/79226/2024/00218,Construction of concrete road from Andouli to Gandhi Chowk in HINGOLI,1649759.27,2.981240696784105,0.2,0.9436352051001737,6.286600696384801,0
WS/50088/2023/00800,"Covered drain construction from Ambedkar Colony to Nehru Path, GAYA",797566.92,4.554252811814599,0.06666666666666667,0.8373869472565292,6.286202958943643,0
WS/67627/2024/00618,"Installation of streetlights at Panchayat Bhavan Marg chowk, ATTINGAL",533083.56,64.20146696711956,0.2,0.9376252597797599,6.272300053969822,0
WS/73373/2025/00392,"Construction of drainage/nala near Vivekanand Marg area, LUCKNOW",461230.67,-2.3924904777106435,0.4,0.8919255905168615,6.266132018103336,0
WS/59326/2025/00395,"LED streetlight installation along Gandhi Chowk road, HOWRAH",444001.45,3.9332691602111587,0.2,0.934431291334475,6.24059346164227,0
WS/13314/2025/00942,"Installation of handpump at Kisan Nagar village, AURANGABAD_MH",580570.74,0.0,0.2,0.9535161953962865,6.23634567262185,0
WS/65372/2025/00492,"Repair and renovation of Govt. School building at Nehru Path, SRINAGAR",1638156.61,0.0,0.2,0.9526942683863615,6.23634567262185,0
WS/82856/2024/00203,"Widening and strengthening of road near Ambedkar Colony village, KANTHI",1746420.8,14.400735402455139,0.1,0.9193781526455185,6.233028960897652,0
WS/46073/2024/00540,"CC road construction at Nehru Path ward, NANDURBAR(ST)",2247456.94,41.56602454877485,0.19230769230769232,0.9138350956650808,6.230132607615679,0
WS/59840/2023/00341,"Water supply pipeline extension to Ram Nagar area, BADAUN",785284.01,9.190751715141745,0.2222222222222222,0.9493857037796329,6.2290825863908434,0
WS/66087/2024/00817,"Construction of drainage/nala near Ambedkar Colony area, KOTTAYAM",846086.71,13.116814598648762,0.25,0.9192828135844596,6.208214478988563,0
WS/99928/2023/00107,"Water supply pipeline extension to Ram Nagar area, KOTTAYAM",874818.33,74.17975954139835,0.16666666666666666,0.9409284042904779,6.203817503571283,0
WS/52413/2023/00296,"Construction of community hall at Andouli, KANPUR",3794740.46,78.08201835698792,0.25,0.9015733867878011,6.202610658526853,0
WS/28855/2023/00316,"LED streetlight installation along Bazaar Road road, PATNA_SAHIB",424032.97,2.4486735812855787,0.2857142857142857,0.9648820740160541,6.198949504338022,0
WS/27157/2025/00829,"Installation of handpump at Vivekanand Marg village, VARANASI",846144.65,26.560662012697883,0.21428571428571427,0.9386109181823032,6.198089036911454,0
WS/46428/2023/00598,Construction of concrete road from Gandhi Chowk to Andouli in AURANGABAD_BR,1833857.06,0.0,0.2,0.9436352051001737,6.183449070940183,0
WS/85842/2025/00394,"Installation of handpump at Station Road village, PUNE",877908.98,13.362453115149368,0.42857142857142855,0.9484189387626722,6.18333542571607,0
WS/25220/2025/00099,"CC road construction at Ram Nagar ward, KOTTAYAM",1037620.92,0.0,0.2,0.9441103885210169,6.178423945312042,0
WS/55508/2025/00056,"Water supply pipeline extension to Station Road area, LUCKNOW",740736.62,25.399984929722173,0.1111111111111111,0.8826043043761334,6.166189223471274,0
WS/57395/2024/00424,Construction of concrete road from Bazaar Road to Nehru Path in GAYA,1945975.2,55.40120666821499,0.1111111111111111,0.9146516189391974,6.161228085033245,0
WS/37871/2024/00711,"Construction of drainage/nala near Ambedkar Colony area, ERNAKULAM",755207.3,9.403825608510882,0.038461538461538464,0.9127569317027748,6.149245104708285,0
WS/30188/2024/00604,"Construction of additional classroom at Nehru Path school, PUNE",1182993.48,0.24348284758037897,0.2222222222222222,0.9139009582999925,6.148863463298862,0
WS/55252/2024/00703,"Installation of handpump at Panchayat Bhavan Marg village, ERNAKULAM",343593.5,-7.968491093707236,0.4,0.9579124554067145,6.14683158720854,0
WS/54541/2023/00769,"Multipurpose community centre building at Gandhi Chowk panchayat, AURANGABAD_BR",3858385.0,5.175345201509282,0.23076923076923078,0.9607778588738911,6.135958214032151,0
WS/67658/2024/00396,"Solar light installation near Shanti Nagar hanuman mandir, PATNA_SAHIB",268738.53,49.47765134472499,0.15384615384615385,0.9912541090699623,6.132398221451695,0
WS/79494/2024/00569,"Multipurpose community centre building at Ram Nagar panchayat, BADAUN",2546964.68,0.0,0.2,0.9348863409636636,6.131281587628628,0
WS/19681/2025/00090,"Multipurpose community centre building at Ambedkar Colony panchayat, KANTHI",3167101.79,23.271639689971316,0.041666666666666664,0.9349270495966449,6.127717534939722,0
WS/27984/2025/00270,"Installation of handpump at Kisan Nagar village, BADAUN",719185.46,0.0,0.2222222222222222,0.9568657770981188,6.111794991281201,0
WS/72419/2024/00917,"Multipurpose community centre building at Ram Nagar panchayat, HOWRAH",2356058.86,0.0,0.2222222222222222,0.9583811425219531,6.111794991281201,0
WS/89498/2023/00869,"Installation of handpump at Ram Nagar village, HINGOLI",721328.29,3.3234171284943006,0.4,0.9601665569747893,6.108939040842249,0
WS/15210/2024/00480,"Covered drain construction from Gandhi Chowk to Station Road, TAMLUK",750585.74,0.0,0.4,0.9332363743476293,6.103293724566528,0
WS/59425/2024/00761,"Construction of additional classroom at Bazaar Road school, BARAMULLAH",1608435.57,17.224757942313715,0.2,0.9224015058437558,6.096091104677333,0
WS/96947/2023/00347,"Construction of additional classroom at Panchayat Bhavan Marg school, PATNA_SAHIB",1433956.27,1.3774762990224814,0.2857142857142857,0.9498056188345358,6.088040438610895,0
WS/84086/2025/00596,"Construction of additional classroom at Kisan Nagar school, KOTTAYAM",1654368.44,2.497629387324848,0.25,0.9591031326880073,6.073092204484579,0
WS/49378/2025/00229,"Repair and renovation of Govt. School building at Vivekanand Marg, PATNA_SAHIB",1541665.66,8.992287406133272,0.2857142857142857,0.9285496227535306,6.070371665413472,0
WS/82733/2025/00244,"Construction of additional classroom at Shanti Nagar school, JAMMU",660055.18,-50.178268763942924,0.14285714285714285,0.9515759731617404,6.0495096530586,0
WS/91830/2023/00539,"Water supply pipeline extension to Andouli area, KOTTAYAM",531212.37,5.766465675240632,0.16666666666666666,0.9143940574237959,6.041450253642458,0
WS/12588/2025/00836,"CC road construction at Subhash Nagar ward, GAYA",1352889.26,8.038696224118606,0.3333333333333333,0.9261226463595864,6.04037784195684,0
WS/12125/2024/00210,"Multipurpose community centre building at Nehru Path panchayat, AURANGABAD_BR",2534825.43,-30.903437675137596,0.07692307692307693,0.9934709952010772,6.033446327243064,0
WS/68034/2025/00416,"Widening and strengthening of road near Subhash Nagar village, VARANASI",2165001.81,5.600333663607661,0.125,0.8942139544712358,6.026505353900027,0
WS/17492/2024/00023,"Covered drain construction from Andouli to Bazaar Road, BARAMULLAH",1171838.43,64.73642803952603,0.14285714285714285,0.9177009550186794,6.012432168434371,0
WS/72277/2023/00042,"Covered drain construction from Bazaar Road to Ram Nagar, NANDURBAR(ST)",1025906.61,17.44820748017766,0.22727272727272727,0.9119298861852533,6.008612723766793,0
WS/16380/2025/00673,"Multipurpose community centre building at Panchayat Bhavan Marg panchayat, AURANGABAD_BR",3868545.99,5.452322649544953,0.15384615384615385,0.9920857118840387,5.998975950329292,0
WS/81802/2023/00362,"Construction of community hall at Vivekanand Marg, PATNA_SAHIB",2632114.27,-0.05853422322232778,0.125,0.8945433151327505,5.998945268253483,0
WS/88924/2025/00805,"Installation of streetlights at Bazaar Road chowk, IDUKKI",354961.85,-3.129205633606643,0.038461538461538464,0.9372145366065652,5.998697080555788,0
WS/93037/2023/00933,"Installation of streetlights at Ambedkar Colony chowk, GAYA",569623.54,23.154031198236407,0.4,0.9197780735826067,5.992496056368162,0
WS/59710/2025/00217,"Water supply pipeline extension to Subhash Nagar area, GAYA",894172.29,12.882784007500646,0.2,0.9263198686687439,5.9896676408127245,0
WS/55919/2023/00707,"Repair and renovation of Govt. School building at Nehru Path, GAYA",874572.41,0.0,0.2,0.9327316587254102,5.9848887812269,0
WS/31694/2023/00875,"Solar street light at Ambedkar Colony chowk parisar, AURANGABAD_BR",440365.9,47.67277484848035,0.08333333333333333,0.948825948953566,5.983556421594949,0
WS/47700/2025/00112,"Multipurpose community centre building at Bazaar Road panchayat, ATTINGAL",3684018.43,69.56214504834848,0.16666666666666666,0.9423088239848078,5.979194425499929,0
WS/61773/2023/00288,"Widening and strengthening of road near Ambedkar Colony village, PUNE",2401877.12,61.11635168518986,0.3333333333333333,0.9090276137733864,5.962571692143032,0
WS/11220/2024/00026,"Construction of drainage/nala near Ambedkar Colony area, SRINAGAR",904521.2,41.094264654908734,0.14285714285714285,0.9127569317027748,5.960920550606457,0
WS/78690/2025/00455,"Installation of handpump at Panchayat Bhavan Marg village, LUCKNOW",244339.23,-58.63558661411945,0.2222222222222222,0.9625292320879781,5.960415723371103,0
WS/59060/2024/00110,"Construction of additional classroom at Shanti Nagar school, PATNA_SAHIB",1421457.51,0.4938421379422615,0.14285714285714285,0.9199536745474444,5.932155066810613,0
WS/75860/2025/00775,"Covered drain construction from Kisan Nagar to Panchayat Bhavan Marg, PATNA_SAHIB",843338.5,0.0,0.4,0.9316720951586779,5.930681630038718,0
WS/26805/2024/00385,Construction of concrete road from Panchayat Bhavan Marg to Panchayat Bhavan Marg in ATTINGAL,1135609.91,0.0,0.4,0.9308561346309481,5.930681630038718,0
WS/70931/2025/00058,"Water supply pipeline extension to Subhash Nagar area, SRINAGAR",565222.72,0.0,0.4,0.9316082577764087,5.930681630038718,0
WS/16760/2024/00938,"Construction of drainage/nala near Bazaar Road area, KOTTAYAM",800165.62,6.977435073708747,0.25,0.9344759613544074,5.925791271086631,0
WS/73886/2025/00858,"CC road construction at Andouli ward, HOWRAH",1699464.16,-0.23382760496217767,0.1,0.9204404560379658,5.923869183574462,0
WS/36037/2024/00343,"Water supply pipeline extension to Bazaar Road area, TAMLUK",632388.57,53.17122112634568,0.2222222222222222,0.9093303789008405,5.920294878817909,0
WS/50838/2024/00444,"Widening and strengthening of road near Ambedkar Colony village, ATTINGAL",1056162.28,-6.996031762350498,0.4,0.9401575350665298,5.915697897667146,0
WS/82465/2024/00274,"CC road construction at Kisan Nagar ward, HINGOLI",1601999.8,0.0,0.4,0.9472584720790649,5.899093960902655,0
WS/32439/2024/00162,"LED streetlight installation along Panchayat Bhavan Marg road, JAMMU",390065.11,7.9734867470896935,0.09090909090909091,0.9566720021914004,5.897643528197674,0
WS/47649/2025/00184,"Repair and renovation of Govt. School building at Vivekanand Marg, AURANGABAD_MH",1314049.92,7.317543585927995,0.14285714285714285,0.9974396825409069,5.8975205062910305,0
WS/84647/2023/00771,"Widening and strengthening of road near Ambedkar Colony village, MURSHIDABAD",1708633.99,0.0,0.14285714285714285,0.9189844255769837,5.895804089197649,0
WS/24125/2025/00359,"Construction of drainage/nala near Subhash Nagar area, BARAMULLAH",711341.41,0.0,0.42857142857142855,0.965890905815658,5.894068184334362,0
WS/27191/2024/00691,"Covered drain construction from Nehru Path to Kisan Nagar, KANTHI",756872.35,-15.864214577145708,0.14285714285714285,0.8940553022535581,5.893296055938171,0
WS/24246/2024/00859,"Construction of additional classroom at Ambedkar Colony school, AURANGABAD_BR",924033.25,13.187200115241005,0.1111111111111111,0.9296824237754513,5.878032757100389,0
WS/80809/2024/00374,"Installation of handpump at Kisan Nagar village, IDUKKI",819962.11,73.32664782969896,0.14285714285714285,0.9632753223627262,5.8750890456545335,0
WS/79806/2024/00120,"CC road construction at Kisan Nagar ward, PATNA_SAHIB",1645555.06,22.853998727646957,0.2857142857142857,0.9387252492907341,5.861072027677252,0
WS/25362/2025/00949,"Covered drain construction from Vivekanand Marg to Vivekanand Marg, AURANGABAD_MH",893699.75,3.3544274570775765,0.4444444444444444,0.8982351755883586,5.845145393463167,0
WS/98063/2023/00329,"Multipurpose community centre building at Vivekanand Marg panchayat, TAMLUK",3316374.69,2.772638310388329,0.16666666666666666,0.9465353042837223,5.827625514823937,0
WS/12758/2025/00883,"Construction of drainage/nala near Nehru Path area, MURSHIDABAD",812692.19,29.261427745714368,0.2857142857142857,0.9181763328500924,5.8273271880039115,0
WS/22475/2023/00258,"Water supply pipeline extension to Andouli area, NAGPUR",689608.96,9.685658601970097,0.2857142857142857,0.8835181670457241,5.826807192889966,0
WS/72288/2025/00648,"Construction of additional classroom at Kisan Nagar school, GAYA",1355833.83,55.02819600723513,0.4,0.9493668322259029,5.819178533397792,0
WS/93138/2023/00926,"Construction of community hall at Ambedkar Colony, GAYA",2801729.25,9.107107337508776,0.5,0.8677987851173503,5.813478754309641,0
WS/37665/2024/00682,"Solar street light at Shanti Nagar chowk parisar, GAYA",334590.95,15.898986001926557,0.2222222222222222,0.9547566565618464,5.8052040201844015,0
WS/31298/2024/00187,"Solar street light at Kisan Nagar chowk parisar, KANPUR",276474.44,5.451712991646836,0.16666666666666666,0.9601762687060044,5.7939018838150105,0
WS/86177/2025/00760,"Installation of streetlights at Subhash Nagar chowk, GAYA",462529.35,0.0,0.2,0.9012296281982457,5.787190033694824,0
WS/31299/2023/00173,"LED streetlight installation along Subhash Nagar road, HOWRAH",551909.26,29.192671941933884,0.2,0.9445252790665951,5.78329293767927,0
WS/57329/2024/00265,"Covered drain construction from Vivekanand Marg to Shanti Nagar, HOWRAH",749624.29,5.416402179118191,0.14285714285714285,0.9142215555078421,5.782886105458837,0
WS/82512/2023/00360,"Covered drain construction from Subhash Nagar to Bazaar Road, HOWRAH",1167469.28,64.17612501890187,0.14285714285714285,0.9149863679425472,5.781274626516394,0
WS/83048/2023/00096,"Construction of additional classroom at Vivekanand Marg school, KOTTAYAM",1748050.61,8.301778033233724,0.25,0.928523106628872,5.778696173795462,0
WS/86434/2024/00194,"Multipurpose community centre building at Ambedkar Colony panchayat, LUCKNOW",3636215.02,73.3064674625672,0.14285714285714285,0.9652085622527973,5.77855958641321,0
WS/35265/2025/00320,"Solar light installation near Gandhi Chowk hanuman mandir, ERNAKULAM",397953.37,50.6335992220642,0.125,0.9596683025062707,5.770884761485317,0
WS/28030/2024/00133,"Covered drain construction from Shanti Nagar to Ram Nagar, PUNE",1156052.38,61.54536291491767,0.3333333333333333,0.9292328541166996,5.770322188907909,0
WS/71918/2023/00183,"Construction of drainage/nala near Ram Nagar area, BARAMULLAH",874150.12,22.88756252781628,0.2857142857142857,0.965890905815658,5.769213041123926,0
WS/65797/2023/00579,"Construction of additional classroom at Station Road school, LUCKNOW",1772257.66,52.29980891086365,0.1,0.8259224840577991,5.767076340227836,0
WS/31567/2025/00095,"Solar street light at Nehru Path chowk parisar, BARAMULLAH",288792.72,2.828027183174525,0.08333333333333333,0.9693928110667333,5.756100755587183,0
WS/84055/2023/00216,"Construction of community hall at Gandhi Chowk, VARANASI",3487340.83,47.21515679755621,0.125,0.8799477738462828,5.754891253128606,0
WS/73060/2025/00685,"Solar light installation near Panchayat Bhavan Marg hanuman mandir, NANDURBAR(ST)",105559.84,-67.08923003709046,0.2,0.9670098025626606,5.752116107671154,0
WS/93021/2023/00582,"Solar light installation near Andouli hanuman mandir, HOWRAH",346097.21,14.800630562721675,0.5,0.9599918737658264,5.739039810780236,0
WS/28301/2025/00009,"Construction of additional classroom at Gandhi Chowk school, JAMMU",1638556.42,23.680140760891902,0.21428571428571427,0.925488357299119,5.738352031622229,0
WS/70637/2023/00020,"Covered drain construction from Gandhi Chowk to Ram Nagar, NANDURBAR(ST)",782657.18,-10.399560772407186,0.045454545454545456,0.9102373465769324,5.737905517205335,0
WS/65363/2024/00364,"Installation of streetlights at Andouli chowk, ATTINGAL",366166.47,12.78733024175753,0.2,0.9258885116224889,5.7337753849204685,0
WS/84912/2025/00275,"Construction of drainage/nala near Vivekanand Marg area, MURSHIDABAD",674630.94,7.302321320244709,0.2857142857142857,0.9089924263155253,5.730550903073403,0
WS/30019/2025/00626,"Repair and renovation of Govt. School building at Nehru Path, HINGOLI",1349350.42,18.889726167798127,0.2,0.9345235980987796,5.728800085693888,0
WS/79316/2024/00198,"Construction of drainage/nala near Shanti Nagar area, TAMLUK",888180.69,18.331676538379206,0.4,0.926280430190167,5.724702174847809,0
WS/86271/2024/00145,"Construction of community hall at Kisan Nagar, PATNA_SAHIB",3471300.04,31.80537718394231,0.125,0.9163874905936147,5.7232144772536016,0
WS/82848/2024/00060,"Construction of community hall at Andouli, SRINAGAR",3494580.89,12.101288112787838,0.2,0.9037627596091778,5.716672521353362,0
WS/54062/2024/00470,"CC road construction at Ram Nagar ward, HOWRAH",1177545.57,-30.872790903908744,0.2,0.9200609308469906,5.7135017045084115,0
WS/39607/2023/00637,"Construction of drainage/nala near Bazaar Road area, ATTINGAL",558620.0,10.067246887078788,0.3333333333333333,0.939286623802221,5.711400606264664,0
WS/76287/2023/00213,"Solar light installation near Ambedkar Colony hanuman mandir, NAGPUR",320745.58,0.0,0.2,0.955775863898503,5.707830431717229,0
WS/21136/2025/00886,"Solar street light at Gandhi Chowk chowk parisar, JAMMU",438226.27,67.28299234002816,0.2,0.942439441708119,5.70645677172168,0
WS/82529/2023/00065,Construction of concrete road from Nehru Path to Kisan Nagar in AURANGABAD_BR,2003631.43,9.257775521501108,0.2,0.9354391976028427,5.701467173008756,0
WS/91877/2024/00787,"Widening and strengthening of road near Gandhi Chowk village, NAGPUR",2186561.37,35.961836617819614,0.25,0.9346165839325343,5.695742767037381,0
WS/14959/2023/00554,"Widening and strengthening of road near Panchayat Bhavan Marg village, VARANASI",2324071.07,13.3591109791902,0.25,0.9238679029323632,5.688159388891212,0
WS/30591/2025/00305,"Water supply pipeline extension to Andouli area, GAYA",221695.24,-72.01257948575993,0.2,0.8968953299001798,5.683006941653781,0
WS/52432/2023/00924,"Solar street light at Panchayat Bhavan Marg chowk parisar, GAYA",412822.75,42.99770547746981,0.1111111111111111,0.9695346812066634,5.681767112400924,0
WS/39591/2024/00845,"Construction of community hall at Nehru Path, ERNAKULAM",3100443.72,33.46639463421519,0.25,0.9030530415349847,5.673601329658364,0
WS/68429/2024/00235,"LED streetlight installation along Vivekanand Marg road, PUNE",486083.86,4.892356174824865,0.3333333333333333,0.9478350736022245,5.668290174987048,0
WS/44116/2025/00155,"Repair and renovation of Govt. School building at Kisan Nagar, HINGOLI",1124843.38,-0.8913330090633637,0.2,0.9590870194871407,5.662298155016531,0
WS/73201/2025/00727,"Solar street light at Nehru Path chowk parisar, HINGOLI",317255.47,-1.0881241138225644,0.2,0.9573739608049137,5.662298155016531,0
WS/40062/2023/00435,"Multipurpose community centre building at Gandhi Chowk panchayat, BADAUN",3045255.43,19.564101297235105,0.2,0.9348863409636636,5.660553975368571,0
WS/77610/2025/00767,"Covered drain construction from Bazaar Road to Station Road, IDUKKI",504233.67,-26.95370860607489,0.07692307692307693,0.9181521888212628,5.660248132103944,0
WS/56267/2025/00732,"LED streetlight installation along Subhash Nagar road, TAMLUK",163926.38,-65.43476292094827,0.11764705882352941,0.9450615125334154,5.652673988114384,0
WS/88154/2023/00568,"Construction of additional classroom at Shanti Nagar school, GAYA",734955.26,-15.96404693351806,0.2,0.9493668322259029,5.65223846480273,0
WS/20828/2024/00149,"Construction of community hall at Kisan Nagar, HOWRAH",3934308.96,66.98687060814773,0.2222222222222222,0.9248041240433875,5.652114826355148,0
WS/16975/2024/00667,"Solar light installation near Gandhi Chowk hanuman mandir, GAYA",432517.74,49.81985464294509,0.1111111111111111,0.9588684309049889,5.649446560314184,0
WS/72020/2024/00988,"LED streetlight installation along Vivekanand Marg road, IDUKKI",563216.93,53.70460631107644,0.15384615384615385,0.9126117832038825,5.646595490034914,0
WS/26632/2024/00567,"CC road construction at Gandhi Chowk ward, HINGOLI",2001460.12,24.93510423659229,0.2,0.9422668709370612,5.645012132587566,0
WS/74154/2024/00252,"Covered drain construction from Shanti Nagar to Bazaar Road, IDUKKI",431619.1,-37.4730875274876,0.07692307692307693,0.9181521888212628,5.638390208606676,0
WS/24540/2025/00945,"Construction of drainage/nala near Ambedkar Colony area, AURANGABAD_MH",864694.21,0.0,0.4444444444444444,0.9192828135844596,5.63770747544807,0
WS/18050/2024/00631,"Installation of streetlights at Andouli chowk, KANTHI",586891.84,13.534840131910775,0.16666666666666666,0.9359328170367482,5.633259920335212,0
WS/37235/2023/00069,"Multipurpose community centre building at Panchayat Bhavan Marg panchayat, GAYA",2921573.68,13.774181819389057,0.375,0.9448419126961282,5.626682174365892,0
WS/41544/2023/00200,"Installation of handpump at Gandhi Chowk village, SRINAGAR",735842.95,30.18637148910079,0.2,0.9300597807422187,5.623415067033874,0
WS/48985/2024/00164,"Construction of community hall at Ambedkar Colony, NAGPUR",3104768.22,0.0,0.4,0.8979846345625773,5.62120074484189,0
WS/31116/2024/00948,"Construction of drainage/nala near Shanti Nagar area, AURANGABAD_MH",918602.77,6.23440742132413,0.4444444444444444,0.9563941917591215,5.620974279851407,0
WS/12180/2024/00174,"Solar light installation near Vivekanand Marg hanuman mandir, VARANASI",278399.94,0.0,0.42857142857142855,0.9754450902135559,5.617207962403472,0
WS/12942/2023/00398,"Installation of handpump at Gandhi Chowk village, ATTINGAL",535170.25,13.347408862224732,0.125,0.9389609328215688,5.612075235064258,0
WS/14851/2024/00688,"Solar street light at Ambedkar Colony chowk parisar, ERNAKULAM",273496.12,3.523950378582231,0.375,0.948825948953566,5.611593117088201,0
WS/48103/2025/00678,"Installation of handpump at Ambedkar Colony village, VARANASI",356961.15,-46.608136733105916,0.07142857142857142,0.9226067246650114,5.6048951373205,0
WS/22672/2024/00171,"Multipurpose community centre building at Subhash Nagar panchayat, HOWRAH",3563278.29,51.238933394049425,0.2222222222222222,0.9450791725545219,5.6043173219718625,0
WS/52714/2024/00230,"Construction of additional classroom at Subhash Nagar school, KANTHI",1756215.31,31.359030008260774,0.4,0.9178494740798883,5.603192360783,0
WS/65771/2024/00062,"Multipurpose community centre building at Kisan Nagar panchayat, SRINAGAR",3159900.05,1.3651928694266569,0.1,0.9503799335979792,5.588829334899456,0
WS/85066/2025/00311,"Solar street light at Gandhi Chowk chowk parisar, BADAUN",282903.8,0.8023926582067644,0.045454545454545456,0.9273850664702394,5.559705350462855,0
WS/55109/2025/00702,"Construction of community hall at Andouli, BADAUN",2548263.24,0.050984609649163085,0.2,0.90040016100863,5.557015952456913,0
WS/42512/2023/00189,"Construction of additional classroom at Andouli school, KANTHI",1336958.19,0.0,0.4,0.8723473246752493,5.552462926871726,0
WS/19116/2024/00005,"Construction of community hall at Andouli, TAMLUK",3573511.66,10.741172412920392,0.16666666666666666,0.8915964258863232,5.549142550961671,0
WS/75374/2024/00425,"Multipurpose community centre building at Subhash Nagar panchayat, VARANASI",2678363.41,13.06485617122412,0.125,0.9316797178700762,5.548004955440738,0
WS/77965/2024/00806,"Installation of handpump at Gandhi Chowk village, HINGOLI",698126.63,0.0,0.2,0.9265862730240944,5.540499771622035,0
WS/19390/2025/00472,"LED streetlight installation along Nehru Path road, HOWRAH",427198.58,0.0,0.2,0.9268686687717989,5.540499771622035,0
WS/61177/2025/00144,"LED streetlight installation along Ambedkar Colony road, VARANASI",394836.88,6.558921586260998,0.16666666666666666,0.9356850412098239,5.5368156583333175,0
WS/38758/2023/00293,"Covered drain construction from Bazaar Road to Subhash Nagar, BARAMULLAH",891177.98,25.28133009998672,0.42857142857142855,0.9463759333099142,5.534754230403488,0
WS/86148/2024/00895,"Installation of streetlights at Kisan Nagar chowk, HOWRAH",371670.63,-12.998158842194654,0.2,0.9489816001985405,5.524033336597601,0
WS/74463/2025/00889,"Installation of handpump at Shanti Nagar village, MURSHIDABAD",400792.35,0.0,0.18181818181818182,0.9473646003840474,5.518727233561424,0
WS/18357/2023/00196,"Installation of handpump at Station Road village, KANTHI",352530.92,-14.613270917919847,0.07407407407407407,0.9209155082826777,5.513465933427841,0
WS/75350/2025/00759,"Installation of streetlights at Station Road chowk, ATTINGAL",324652.13,0.0,0.2,0.9091985428520688,5.5072419236316845,0
WS/18566/2025/00736,"Installation of handpump at Bazaar Road village, JAMMU",717170.38,0.0,0.2,0.9097260100618181,5.5072419236316845,0
WS/97382/2025/00624,"Solar street light at Bazaar Road chowk parisar, GAYA",376322.46,30.354367097348472,0.2222222222222222,0.9376315042171603,5.502837175594663,0
WS/27001/2023/00504,"LED streetlight installation along Bazaar Road road, KANTHI",531509.09,2.8209892333949913,0.5,0.9063921957078738,5.4990478480193214,0
WS/59807/2023/00223,"Solar light installation near Kisan Nagar hanuman mandir, AURANGABAD_MH",186257.42,-48.08986102293319,0.1111111111111111,0.9967724172947738,5.498159742694251,0
WS/25806/2023/00259,"Installation of streetlights at Subhash Nagar chowk, NANDURBAR(ST)",455992.23,5.202469582385098,0.3333333333333333,0.9647545699534773,5.490736047549023,0
WS/31319/2023/00303,"Construction of community hall at Ambedkar Colony, HOWRAH",2865059.92,21.6039195217729,0.1111111111111111,0.8975027193036262,5.485081993022309,0
WS/78506/2023/00840,"Installation of handpump at Vivekanand Marg village, AURANGABAD_MH",573871.68,-1.1538748921449158,0.2,0.9386109181823032,5.483908090445877,0
WS/22561/2025/00609,"Solar street light at Station Road chowk parisar, VARANASI",395748.21,42.15096813598452,0.42857142857142855,0.9577003953849401,5.483810956963991,0
WS/55029/2025/00537,"Water supply pipeline extension to Station Road area, SRINAGAR",643581.36,13.86332099318301,0.2,0.9046013173102705,5.483303537396143,0
WS/92716/2023/00826,"LED streetlight installation along Gandhi Chowk road, VARANASI",595650.8,60.75475748363131,0.16666666666666666,0.934431291334475,5.474430416425703,0
WS/75973/2024/00337,"Installation of handpump at Bazaar Road village, NANDURBAR(ST)",813889.59,28.07420417520637,0.14285714285714285,0.9000879319789861,5.474103721737281,0
WS/37521/2024/00878,"Construction of community hall at Station Road, AURANGABAD_BR",3818119.89,4.077762445038187,0.23076923076923078,0.8981616708117464,5.472163442764856,0
WS/71894/2024/00332,Construction of concrete road from Gandhi Chowk to Station Road in TAMLUK,2272868.73,33.02256324656166,0.1724137931034483,0.92239462795016,5.469607904375089,0
WS/85936/2024/00561,"Solar light installation near Gandhi Chowk hanuman mandir, TAMLUK",328847.48,4.277579308328506,0.2857142857142857,0.9696428425351638,5.458318027392412,0
WS/30220/2024/00532,"Repair and renovation of Govt. School building at Nehru Path, LUCKNOW",594696.41,-48.89447982243358,0.1,0.9625142900736917,5.454724764370356,0
WS/44510/2024/00309,"Multipurpose community centre building at Ambedkar Colony panchayat, ERNAKULAM",3713731.73,59.866918868563324,0.25,0.953948952992618,5.44131661789036,0
WS/61060/2023/00847,"LED streetlight installation along Shanti Nagar road, GAYA",271974.29,-41.198479620806765,0.4,0.9530972636637115,5.439996771990491,0
WS/34832/2025/00460,"Installation of streetlights at Gandhi Chowk chowk, AURANGABAD_BR",193703.66,-46.786373909893314,0.25,0.995256107636991,5.438968693038725,0
WS/44179/2025/00025,"LED streetlight installation along Gandhi Chowk road, LUCKNOW",186892.53,0.0,0.2857142857142857,0.9403741029442998,5.435495549995032,0
WS/92840/2023/00575,"Construction of drainage/nala near Vivekanand Marg area, BARAMULLAH",648597.27,-8.820538087329965,0.42857142857142855,0.8726078604327785,5.434760409986877,0
WS/54267/2023/00694,"Construction of community hall at Subhash Nagar, PUNE",3192319.65,11.636111014059043,0.125,0.9505567257476935,5.430604967654199,0
WS/76655/2025/00479,"Multipurpose community centre building at Kisan Nagar panchayat, AURANGABAD_BR",3668526.11,0.0,0.07692307692307693,0.9557535936179975,5.426297664307207,0
WS/41420/2025/00943,"Construction of additional classroom at Panchayat Bhavan Marg school, AURANGABAD_MH",1288248.41,5.2103521985507495,0.42857142857142855,0.961855088988169,5.423068236019832,0
WS/56284/2025/00592,"Construction of drainage/nala near Nehru Path area, AURANGABAD_BR",735818.8,14.18032684749889,0.16666666666666666,0.9346394892437937,5.393533388621738,0
WS/53864/2024/00429,"Covered drain construction from Nehru Path to Vivekanand Marg, NANDURBAR(ST)",1032436.26,18.19573720705304,0.22727272727272727,0.9351769809278023,5.390992974664894,0
WS/80455/2024/00726,"Solar street light at Subhash Nagar chowk parisar, AURANGABAD_MH",438769.03,22.285390435091358,0.2222222222222222,0.9731463899080304,5.389711093774877,0
WS/31319/2024/00006,"Solar light installation near Vivekanand Marg hanuman mandir, AURANGABAD_BR",135350.5,-54.611417659429954,0.08333333333333333,0.9758995254394647,5.387120818265867,0
WS/61546/2025/00701,"Construction of community hall at Andouli, ATTINGAL",2287011.43,5.262927205521853,0.3333333333333333,0.90040016100863,5.385934442295548,0
WS/71995/2024/00427,"LED streetlight installation along Andouli road, KOTTAYAM",344498.44,-6.051809838948073,0.4444444444444444,0.9323073535599324,5.375296777056837,0
WS/25937/2023/00950,"Installation of streetlights at Gandhi Chowk chowk, AURANGABAD_MH",419996.79,12.10627873896448,0.2857142857142857,0.995256107636991,5.375250926071412,0
WS/33777/2025/00115,"Water supply pipeline extension to Shanti Nagar area, NANDURBAR(ST)",733686.66,15.453418065545257,0.2857142857142857,0.9073923771178779,5.373248412356968,0
WS/36972/2024/00240,"Repair and renovation of Govt. School building at Nehru Path, AURANGABAD_MH",1229084.42,0.37847025943658885,0.14285714285714285,0.9969677988881975,5.370295538230167,0
WS/57537/2023/00101,"Widening and strengthening of road near Ram Nagar village, KANPUR",1973477.13,23.9025732134726,0.3333333333333333,0.9362060587465288,5.370082772565496,0
WS/89194/2024/00355,"Construction of additional classroom at Bazaar Road school, ATTINGAL",977273.97,0.0,0.42857142857142855,0.936947326936823,5.369798194785878,0
WS/50084/2023/00986,"Multipurpose community centre building at Andouli panchayat, TAMLUK",3563676.5,10.436386182205064,0.16666666666666666,0.9228907135202634,5.369399998808885,0
WS/17816/2025/00072,"Covered drain construction from Shanti Nagar to Nehru Path, TAMLUK",882871.25,17.62430365383707,0.4,0.906157881827716,5.358026964818154,0
WS/47606/2024/00040,"LED streetlight installation along Gandhi Chowk road, ERNAKULAM",406097.36,9.934861208636471,0.25,0.9591609005738365,5.341832116910801,0
WS/29917/2025/00486,"Repair and renovation of Govt. School building at Gandhi Chowk, HOWRAH",1443853.62,0.0,0.2857142857142857,0.9444676328751773,5.3399147413805945,0
WS/71080/2024/00209,"LED streetlight installation along Ram Nagar road, PATNA_SAHIB",441924.6,6.771388774179983,0.14285714285714285,0.9669413493670482,5.334671587991089,0
WS/44053/2024/00438,"Construction of drainage/nala near Shanti Nagar area, PATNA_SAHIB",1024236.99,21.450282419218382,0.4,0.9781069779995972,5.324529028315048,0
WS/57948/2024/00390,"CC road construction at Subhash Nagar ward, KANPUR",1737709.8,9.100182842386852,0.3333333333333333,0.9471321011176338,5.323666576351771,0
WS/51904/2024/00046,"Repair and renovation of Govt. School building at Station Road, IDUKKI",508476.7,-53.84082956904768,0.1111111111111111,0.8915046837803857,5.322204339494606,0
WS/49131/2025/00675,"Multipurpose community centre building at Ambedkar Colony panchayat, SRINAGAR",3117920.0,0.01853133026874708,0.1,0.9583576746020812,5.317064404999119,0
WS/33659/2024/00720,"Construction of additional classroom at Subhash Nagar school, AURANGABAD_MH",1224450.24,0.0,0.14285714285714285,0.9312235183990634,5.31346012330925,0
WS/37168/2024/00179,"Covered drain construction from Kisan Nagar to Kisan Nagar, KANPUR",551105.76,-6.617527767841906,0.07142857142857142,0.9257177224969404,5.307914068484799,0
WS/57472/2025/00057,"CC road construction at Panchayat Bhavan Marg ward, AURANGABAD_MH",2244278.57,41.36582084411785,0.07692307692307693,0.9736862553772885,5.299611497603064,0
WS/23970/2023/00406,"CC road construction at Shanti Nagar ward, BADAUN",1437550.8,14.871365517525085,0.3333333333333333,0.9565302583926415,5.295201385682094,0
WS/59105/2025/00935,"Construction of additional classroom at Gandhi Chowk school, KOTTAYAM",1671191.0,3.5398836267892095,0.25,0.9304340219901777,5.294637705210364,0
WS/29119/2025/00825,"Solar light installation near Kisan Nagar hanuman mandir, AURANGABAD_BR",176616.48,-40.77323951384262,0.08333333333333333,0.9967724172947738,5.291774883932277,0
WS/53920/2023/00937,"Widening and strengthening of road near Shanti Nagar village, KOTTAYAM",826401.11,-20.356163405032355,0.2,0.9328188212970562,5.289276779032126,0
WS/98181/2024/00195,"Installation of streetlights at Nehru Path chowk, NAGPUR",336941.06,-17.61245791372166,0.06666666666666667,0.9370569488848637,5.286038973833995,0
WS/10702/2025/00663,"LED streetlight installation along Nehru Path road, SRINAGAR",572694.87,27.349421635653087,0.18181818181818182,0.9492082624369769,5.281183893258776,0
WS/54914/2025/00333,"Multipurpose community centre building at Subhash Nagar panchayat, ERNAKULAM",2532768.14,9.029372121680437,0.08333333333333333,0.9592830127189331,5.277284110545263,0
WS/81943/2025/00530,"Construction of additional classroom at Andouli school, BADAUN",1586691.44,23.6650194821194,0.125,0.8835439700982206,5.275698155375597,0
WS/66168/2023/00922,"Installation of handpump at Vivekanand Marg village, HOWRAH",825151.37,15.52796451139152,0.3333333333333333,0.9271070951403092,5.273744591909646,0
WS/53601/2024/00551,"Covered drain construction from Andouli to Nehru Path, KOTTAYAM",1002658.17,34.049497505652184,0.25,0.8837582792154486,5.265051704587654,0
WS/76074/2023/00361,"Installation of handpump at Subhash Nagar village, LUCKNOW",770670.91,30.46758846589126,0.2222222222222222,0.9655021914155757,5.2640068182673945,0
WS/78494/2024/00068,"LED streetlight installation along Subhash Nagar road, NANDURBAR(ST)",493999.55,13.971180238283726,0.16666666666666666,0.935662191678008,5.2544204790718725,0
WS/69682/2025/00501,"Water supply pipeline extension to Kisan Nagar area, MURSHIDABAD",399066.38,-0.43063945706547846,0.09090909090909091,0.9434437179388704,5.253492767683183,0
WS/52624/2023/00436,"LED streetlight installation along Ambedkar Colony road, MURSHIDABAD",527333.0,11.192537556234585,0.11764705882352941,0.9426379937280303,5.251983567606229,0
WS/97910/2023/00241,"Covered drain construction from Ambedkar Colony to Station Road, BADAUN",629213.73,6.617527767841906,0.21428571428571427,0.7853714117576709,5.244585353632708,0
WS/43158/2025/00649,"Solar street light at Station Road chowk parisar, AURANGABAD_MH",358807.4,0.0,0.1111111111111111,0.9577003953849401,5.244147738332451,0
WS/15737/2023/00456,"Repair and renovation of Govt. School building at Shanti Nagar, VARANASI",1297265.5,16.581350986518085,0.25,0.9662202247298437,5.2428215455543485,0
WS/43791/2025/00405,"Repair and renovation of Govt. School building at Gandhi Chowk, MURSHIDABAD",1472202.45,44.070231508107184,0.1111111111111111,0.955800222680104,5.242134304544514,0
WS/83420/2023/00356,"Multipurpose community centre building at Bazaar Road panchayat, LUCKNOW",2408356.19,14.785209726268416,0.42857142857142855,0.9512948788754635,5.240206049329575,0
WS/79391/2024/00214,"CC road construction at Kisan Nagar ward, KANPUR",811241.01,-49.06713277427418,0.16666666666666666,0.952934397722905,5.240141311790746,0
WS/35006/2023/00176,"Solar street light at Andouli chowk parisar, KANPUR",338254.41,29.015568171433255,0.3333333333333333,0.949531289104029,5.2371378679586895,0
WS/61213/2024/00268,"CC road construction at Bazaar Road ward, IDUKKI",1326841.71,4.788633131562063,0.16666666666666666,0.9089881301962124,5.234935730345981,0
WS/29142/2025/00140,"Covered drain construction from Shanti Nagar to Andouli, TAMLUK",325368.79,-56.65134938481512,0.4,0.9027139243467535,5.223543392505956,0
WS/74942/2025/00076,"Multipurpose community centre building at Nehru Path panchayat, PATNA_SAHIB",3175333.77,20.56752813558563,0.25,0.9498113431911821,5.221952394791709,0
WS/78732/2024/00215,"Solar light installation near Shanti Nagar hanuman mandir, AURANGABAD_BR",344250.68,15.441393529962816,0.08333333333333333,0.9767679857917311,5.2130406871698955,0
WS/11526/2025/00352,"Multipurpose community centre building at Panchayat Bhavan Marg panchayat, MURSHIDABAD",3159276.61,31.00177867755509,0.2857142857142857,0.9561086921638453,5.1986016733227896,0
WS/61583/2025/00778,"Repair and renovation of Govt. School building at Kisan Nagar, BARAMULLAH",938531.0,-31.598709113130575,0.2,0.9526421233796152,5.197471936489032,0
WS/42406/2025/00045,"Construction of additional classroom at Panchayat Bhavan Marg school, HOWRAH",1656091.34,14.699393142083196,0.2857142857142857,0.9356592380155605,5.1962767976646305,0
WS/59327/2023/00628,"Repair and renovation of Govt. School building at Ambedkar Colony, BADAUN",1632175.94,27.210032354083,0.125,0.9301007858477909,5.1929160104050895,0
WS/73214/2024/00421,"Water supply pipeline extension to Vivekanand Marg area, HINGOLI",869045.78,24.4825426584859,0.2,0.9102331029057082,5.191505145719966,0
WS/59105/2023/00785,Construction of concrete road from Gandhi Chowk to Gandhi Chowk in KANTHI,1816949.1,19.02074988389339,0.1,0.8714546697937757,5.190541691081198,0
WS/62436/2023/00842,"Widening and strengthening of road near Ambedkar Colony village, AURANGABAD_BR",1734742.64,-5.404697135991621,0.2,0.9434127071295477,5.188142431043855,0
WS/61990/2024/00055,"Installation of streetlights at Kisan Nagar chowk, SRINAGAR",161555.29,-64.07515795683624,0.18181818181818182,0.9700841230248174,5.187774028498926,0
WS/93948/2024/00239,"Construction of additional classroom at Panchayat Bhavan Marg school, GAYA",724597.77,-17.14833880936171,0.4,0.9217005149320023,5.18737159514114,0
WS/71066/2024/00619,"Construction of drainage/nala near Ram Nagar area, PATNA_SAHIB",762825.9,-9.546890127748227,0.4,0.9781069779995972,5.184088525100934,0
WS/77760/2025/00666,"Repair and renovation of Govt. School building at Vivekanand Marg, KANTHI",796095.71,-40.454704122048874,0.2,0.9328874492632588,5.180843044092367,0
WS/18585/2023/00633,"Water supply pipeline extension to Nehru Path area, KANTHI",370960.22,-10.149498928012184,0.07407407407407407,0.922892123335596,5.175875134396364,0
WS/60202/2024/00290,"Repair and renovation of Govt. School building at Shanti Nagar, KOTTAYAM",1635890.0,1.35278386864709,0.125,0.9446054948687226,5.171495062007102,0
WS/89609/2024/00853,"Installation of handpump at Ambedkar Colony village, ATTINGAL",574027.38,21.57722918822869,0.25,0.9226067246650114,5.16961919299684,0
WS/23621/2023/00376,"CC road construction at Gandhi Chowk ward, JAMMU",1865786.23,16.775727518370733,0.25,0.959045210722492,5.161806009720752,0
WS/98940/2025/00403,"Construction of additional classroom at Panchayat Bhavan Marg school, BADAUN",1323149.66,3.124857396129683,0.25,0.9359907139500135,5.155202883851727,0
WS/36475/2024/00643,"Repair and renovation of Govt. School building at Shanti Nagar, NANDURBAR(ST)",1079535.29,-8.5232681701063,0.1111111111111111,0.978169404536672,5.142886392179836,0
WS/62725/2025/00201,"Installation of streetlights at Ambedkar Colony chowk, BADAUN",452410.64,1.5574834162595257,0.2857142857142857,0.906404358959179,5.138983496689012,0
WS/75004/2025/00542,"Construction of community hall at Subhash Nagar, JAMMU",3960179.14,36.684915601469356,0.2857142857142857,0.9539146123300419,5.137543471291414,0
WS/60039/2025/00603,"Construction of additional classroom at Nehru Path school, MURSHIDABAD",1394345.81,36.4511542886369,0.1111111111111111,0.9141572273125382,5.136456206806511,0
WS/43792/2024/00417,"Installation of handpump at Ram Nagar village, SRINAGAR",522504.31,-7.557801285836489,0.2,0.9709345445362478,5.13445774831715,0
WS/74106/2023/00308,Construction of concrete road from Panchayat Bhavan Marg to Nehru Path in JAMMU,1605070.11,0.45804111934160624,0.125,0.9423655833742135,5.1331642332011835,0
WS/55157/2024/00473,"Installation of handpump at Bazaar Road village, ATTINGAL",489507.44,3.676166496140139,0.125,0.9265372675670297,5.1316113417388864,0
WS/23538/2025/00553,"Installation of streetlights at Andouli chowk, KANPUR",439502.18,14.603989573252965,0.1,0.9375653854057078,5.128772473002267,0
WS/44116/2024/00664,"Covered drain construction from Shanti Nagar to Station Road, PATNA_SAHIB",1171252.03,38.8827890580117,0.4,0.8677222020213673,5.128264108559041,0
WS/58530/2025/00928,"Covered drain construction from Vivekanand Marg to Andouli, GAYA",613277.0,-19.604591296651048,0.2,0.9291609843872153,5.123032843708296,0
WS/27627/2024/00629,"Water supply pipeline extension to Nehru Path area, NANDURBAR(ST)",802252.49,26.242982422625293,0.2857142857142857,0.9045390815423098,5.121820798506685,0
WS/34102/2025/00433,"Installation of handpump at Andouli village, PATNA_SAHIB",610843.84,2.866188061681297,0.1111111111111111,0.9320659594549049,5.121314758968353,0
WS/83284/2023/00414,"Widening and strengthening of road near Bazaar Road village, MURSHIDABAD",2052773.42,20.14120238823061,0.2857142857142857,0.9049090965649569,5.120069046754934,0
WS/48737/2024/00264,"Construction of drainage/nala near Panchayat Bhavan Marg area, ATTINGAL",765974.22,50.92312051462103,0.08333333333333333,0.9301886027772983,5.117446161749558,0
WS/31178/2025/00030,"CC road construction at Kisan Nagar ward, NAGPUR",806027.67,-49.880664736164334,0.25,0.9463328653051192,5.11508629575611,0
WS/34318/2025/00454,"Multipurpose community centre building at Andouli panchayat, PATNA_SAHIB",2635197.45,0.0585342232223101,0.125,0.9414021015777627,5.10935470939166,0
WS/94889/2024/00098,"LED streetlight installation along Ram Nagar road, SRINAGAR",547905.68,21.837081339473542,0.18181818181818182,0.9616367112525502,5.109085628038397,0
WS/91233/2023/00499,Construction of concrete road from Panchayat Bhavan Marg to Station Road in HOWRAH,1822068.16,6.963577370216127,0.1,0.9412576937742354,5.102247014385705,0
WS/24089/2025/00169,"LED streetlight installation along Subhash Nagar road, PUNE",547052.76,18.048875246219833,0.3333333333333333,0.9540486264672379,5.10046454357683,0
WS/15100/2024/00172,"Covered drain construction from Shanti Nagar to Kisan Nagar, VARANASI",842216.66,28.438166968937207,0.4,0.9365732888748532,5.10025742008749,0
WS/71824/2023/00292,"CC road construction at Station Road ward, KANTHI",1342091.86,-12.085165407072068,0.2,0.9217884580755475,5.089711127269559,0
WS/93202/2024/00075,"Water supply pipeline extension to Ambedkar Colony area, SRINAGAR",509560.58,-9.847824234666284,0.4,0.9153490790124519,5.089122646101198,0
WS/19027/2025/00453,"LED streetlight installation along Station Road road, JAMMU",306449.11,-15.17216467465539,0.045454545454545456,0.925764478338804,5.087569350811083,0
WS/97914/2024/00833,"Covered drain construction from Panchayat Bhavan Marg to Ram Nagar, BARAMULLAH",656980.32,-7.6420533425714785,0.14285714285714285,0.9163009568328082,5.086703021222246,0
WS/54681/2023/00116,"Widening and strengthening of road near Shanti Nagar village, NANDURBAR(ST)",2068390.0,30.286700628151042,0.15384615384615385,0.9291032506767587,5.0751970047717885,0
WS/86756/2023/00379,"Installation of handpump at Andouli village, AURANGABAD_BR",282814.03,-52.0313845048603,0.1111111111111111,0.888429391945637,5.072204339494606,0
WS/82459/2023/00779,"Construction of community hall at Ram Nagar, SRINAGAR",3166642.35,1.5814764635496934,0.1,0.9425626388506514,5.0683593640116875,0
WS/93695/2025/00097,"CC road construction at Vivekanand Marg ward, PUNE",1573136.25,5.524954292299826,0.3333333333333333,0.9358423928955758,5.068197791257537,0
WS/85066/2024/00247,"Covered drain construction from Ram Nagar to Nehru Path, JAMMU",1002666.18,19.78890087156803,0.16666666666666666,0.9378719995935105,5.06663980286694,0
WS/29321/2024/00748,"Water supply pipeline extension to Ambedkar Colony area, KANPUR",728061.54,14.96041669502276,0.16666666666666666,0.9383116328085315,5.06663980286694,0
WS/49507/2024/00119,"Covered drain construction from Gandhi Chowk to Shanti Nagar, VARANASI",655737.06,0.0,0.4,0.9623557120623554,5.066226922800564,0
WS/51012/2025/00490,"Construction of drainage/nala near Subhash Nagar area, KOTTAYAM",684800.11,-8.446254781611827,0.125,0.9182370515128907,5.065096151608179,0
WS/25203/2025/00543,"Covered drain construction from Andouli to Shanti Nagar, ERNAKULAM",819981.65,18.787423583933847,0.15384615384615385,0.9067474868580911,5.046212488323802,0
WS/29548/2023/00345,"Installation of handpump at Ram Nagar village, BARAMULLAH",262301.99,-47.932411343692685,0.2222222222222222,0.9395717170646894,5.045107565128363,0
WS/85166/2025/00180,"LED streetlight installation along Panchayat Bhavan Marg road, PATNA_SAHIB",570165.17,37.755008504994805,0.2857142857142857,0.9559386963918277,5.032280313396678,0
WS/80436/2024/00880,"Construction of drainage/nala near Panchayat Bhavan Marg area, HINGOLI",957429.01,9.608730383383625,0.09090909090909091,0.9284609638408231,5.01939141993943,0
WS/95720/2024/00788,"Covered drain construction from Vivekanand Marg to Andouli, TAMLUK",395296.78,-47.33489341270992,0.2,0.9291609843872153,5.014599108768537,0
WS/29887/2024/00067,"Construction of additional classroom at Shanti Nagar school, TAMLUK",1088445.18,5.865832473865665,0.14285714285714285,0.9409041300392689,5.011149423493119,0
WS/41278/2025/00585,"Water supply pipeline extension to Station Road area, AURANGABAD_BR",246904.14,-58.12212797286562,0.1111111111111111,0.989976358527139,5.004705643491448,0
WS/35919/2025/00287,"Installation of streetlights at Panchayat Bhavan Marg chowk, GAYA",413753.44,-10.545473492655109,0.4,0.9376252597797599,5.003939869233751,0
WS/95964/2025/00892,"Solar light installation near Shanti Nagar hanuman mandir, KOTTAYAM",417444.63,42.2216531087321,0.1111111111111111,0.9739607516099325,5.002773178363099,0
WS/20480/2023/00458,"Installation of streetlights at Ambedkar Colony chowk, PUNE",473030.34,2.0755284999146224,0.3333333333333333,0.9271062845132338,5.000110688088883,0
WS/21300/2025/00269,"Water supply pipeline extension to Subhash Nagar area, ATTINGAL",506240.23,7.220119826011788,0.125,0.9370155217110661,4.999468173178235,0
WS/28700/2025/00848,"CC road construction at Subhash Nagar ward, MURSHIDABAD",1967319.19,15.139883761764564,0.14285714285714285,0.9394843721675019,4.999356047544739,0
WS/73324/2025/00855,"Solar light installation near Nehru Path hanuman mandir, GAYA",288691.87,0.0,0.1111111111111111,0.9562789057545399,4.996832522513298,0
WS/99166/2024/00011,"Construction of additional classroom at Kisan Nagar school, ERNAKULAM",934267.0,0.0,0.1111111111111111,0.9455340890960211,4.988218920189217,0
WS/96321/2024/00837,"Installation of streetlights at Ram Nagar chowk, KANPUR",526714.77,37.3454257022305,0.2,0.9611168165501072,4.981301795836064,0
WS/25644/2025/00605,"Construction of drainage/nala near Nehru Path area, PUNE",742697.85,3.7837002804138438,0.3333333333333333,0.9252648681578467,4.976241386842142,0
WS/29884/2025/00482,"Solar light installation near Vivekanand Marg hanuman mandir, KOTTAYAM",446626.56,52.16381555912295,0.1111111111111111,0.9758995254394647,4.975892210035639,0
WS/83695/2024/00630,"Installation of handpump at Shanti Nagar village, TAMLUK",587648.73,42.33475720069737,0.1111111111111111,0.9710348105445665,4.97499540058532,0
WS/24442/2025/00984,"Installation of streetlights at Andouli chowk, NAGPUR",585668.87,43.20551694040518,0.16666666666666666,0.9092423198601428,4.971951456236002,0
WS/55093/2024/00291,"Solar street light at Bazaar Road chowk parisar, IDUKKI",106835.49,-67.0651761560306,0.14285714285714285,0.9586643115705883,4.96863044512589,0
WS/81576/2025/00927,"Widening and strengthening of road near Shanti Nagar village, GAYA",1171658.71,-6.4339682554411946,0.2222222222222222,0.9640271222186543,4.967817188854027,0
WS/10088/2025/00256,"CC road construction at Subhash Nagar ward, HINGOLI",1011203.2,-36.8786937426584,0.2,0.9463704045800692,4.962870084296147,0
WS/22358/2025/00465,"Solar street light at Andouli chowk parisar, AURANGABAD_BR",210216.64,-29.505725697371098,0.08333333333333333,0.9524759645412554,4.951813163935684,0
WS/16259/2023/00784,"Construction of drainage/nala near Panchayat Bhavan Marg area, SRINAGAR",495005.19,-22.785233465602147,0.14285714285714285,0.949665944663348,4.951326656841214,0
WS/51472/2024/00925,"Widening and strengthening of road near Ram Nagar village, GAYA",1055860.68,-15.681338721314637,0.2222222222222222,0.9640271222186543,4.948633169816937,0
WS/51853/2024/00165,"Construction of additional classroom at Kisan Nagar school, SRINAGAR",1050219.02,-35.8901942836833,0.2,0.9537406618455972,4.94673447336219,0
WS/70031/2025/00591,"Repair and renovation of Govt. School building at Nehru Path, KANTHI",1230700.16,-7.9477451721957015,0.2,0.9183870881064548,4.945304655701251,0
WS/86486/2025/00670,"Solar light installation near Andouli hanuman mandir, JAMMU",195477.04,-25.381049874140636,0.2,0.9584099702794053,4.943365543791887,0
WS/39937/2025/00273,"Construction of community hall at Kisan Nagar, NAGPUR",1893274.95,-39.020409388240914,0.2,0.9586210299344526,4.943365543791887,0
WS/80206/2025/00206,"Construction of community hall at Kisan Nagar, SRINAGAR",3116764.63,-0.01853133026874708,0.1,0.9489664254719692,4.937985537356803,0
WS/86122/2024/00280,"Repair and renovation of Govt. School building at Ram Nagar, NANDURBAR(ST)",1381185.67,17.03772198302294,0.1111111111111111,0.978169404536672,4.934343960850283,0
WS/92245/2023/00887,"Construction of community hall at Station Road, KANPUR",2329390.8,9.315148052628281,0.125,0.8981616708117464,4.934056902575262,0
WS/12671/2023/00053,"Solar light installation near Bazaar Road hanuman mandir, AURANGABAD_BR",435049.96,45.89012180761585,0.3333333333333333,0.9686122570405129,4.930859542417512,0
WS/15759/2024/00789,"Widening and strengthening of road near Ram Nagar village, SRINAGAR",1918534.89,2.915147690045936,0.14285714285714285,0.9257186901912651,4.929145597711208,0
WS/38266/2025/00141,"Construction of additional classroom at Shanti Nagar school, MURSHIDABAD",1261487.56,23.449600843822303,0.1111111111111111,0.9236396130529345,4.920620523872643,0
WS/23176/2025/00064,"Construction of community hall at Gandhi Chowk, BARAMULLAH",3311462.5,-5.864535033165138,0.3333333333333333,0.8926171012706222,4.920195637015906,0
WS/20460/2024/00811,"Construction of additional classroom at Nehru Path school, SRINAGAR",1277572.33,-22.011587768766503,0.4,0.9139009582999925,4.915054024664156,0
WS/45405/2023/00844,"Solar light installation near Ram Nagar hanuman mandir, MURSHIDABAD",251769.5,-16.371573360182705,0.1,0.9679752311029508,4.912329658408456,0
WS/75031/2023/00272,"Multipurpose community centre building at Ambedkar Colony panchayat, PUNE",2809635.53,-1.746435719203556,0.375,0.9567319959968573,4.909876080372591,0
WS/21086/2023/00851,"Water supply pipeline extension to Kisan Nagar area, ATTINGAL",368025.72,-22.053287235875622,0.125,0.9517176370697826,4.909143127016328,0
WS/56548/2025/00357,"CC road construction at Panchayat Bhavan Marg ward, KOTTAYAM",965642.94,-6.936828143364735,0.4,0.9736862553772885,4.903648553087929,0
WS/27895/2023/00245,"Solar street light at Gandhi Chowk chowk parisar, BARAMULLAH",257850.34,-8.18936927942368,0.16666666666666666,0.9474605158476241,4.902928452171761,0
WS/72193/2024/00508,"Solar light installation near Andouli hanuman mandir, PATNA_SAHIB",161470.18,-10.187112846788354,0.07692307692307693,0.9596015067757903,4.896310535320226,0
WS/95037/2025/00562,"Installation of handpump at Shanti Nagar village, IDUKKI",213344.1,-54.90252874337806,0.14285714285714285,0.9632753223627262,4.896175440200811,0
WS/23970/2025/00824,"Solar street light at Subhash Nagar chowk parisar, HOWRAH",227758.34,-24.45243621605978,0.16666666666666666,0.9505817804592192,4.886994745445855,0
WS/17944/2024/00019,"Multipurpose community centre building at Subhash Nagar panchayat, HINGOLI",2558946.56,0.0,0.14285714285714285,0.9471032695693558,4.883986882633491,0
WS/15776/2024/00747,"Construction of additional classroom at Andouli school, PATNA_SAHIB",1414472.25,0.0,0.14285714285714285,0.9083373525443347,4.883726197735244,0
WS/51984/2024/00375,"Solar light installation near Station Road hanuman mandir, VARANASI",278057.46,-0.12301726789164587,0.42857142857142855,0.9624696678073665,4.883449223214264,0
WS/69168/2024/00921,"Construction of drainage/nala near Subhash Nagar area, HOWRAH",362333.14,-49.046667085637345,0.2857142857142857,0.9430903821062324,4.882285111316337,0
WS/24534/2024/00118,"Multipurpose community centre building at Nehru Path panchayat, HOWRAH",2038922.41,-13.460463801825393,0.2222222222222222,0.9401500247209883,4.878671207075237,0
WS/44782/2024/00105,"Solar street light at Andouli chowk parisar, BARAMULLAH",375951.04,33.86176687785875,0.16666666666666666,0.9524759645412554,4.876427737714801,0
WS/82667/2024/00039,"LED streetlight installation along Shanti Nagar road, ATTINGAL",289178.1,-10.926781844924296,0.2,0.9550376170265937,4.8755972606082105,0
WS/67684/2023/00261,Construction of concrete road from Vivekanand Marg to Kisan Nagar in JAMMU,1701864.07,6.51617624577786,0.125,0.875862315742127,4.8748689039741215,0
WS/33209/2023/00489,"Multipurpose community centre building at Ambedkar Colony panchayat, NAGPUR",3875495.11,24.82397510497578,0.4,0.9583576746020812,4.870375115142447,0
WS/65444/2024/00022,"Covered drain construction from Kisan Nagar to Kisan Nagar, SRINAGAR",641075.81,0.0,0.14285714285714285,0.9257177224969404,4.869071113704385,0
WS/13148/2023/00741,"Widening and strengthening of road near Bazaar Road village, SRINAGAR",1864190.97,0.0,0.14285714285714285,0.9256564793605427,4.869071113704385,0
WS/96652/2024/00397,"Covered drain construction from Gandhi Chowk to Subhash Nagar, VARANASI",468215.11,-28.597125500272934,0.2,0.9623557120623554,4.865466993067249,0
WS/42493/2024/00016,"Water supply pipeline extension to Gandhi Chowk area, KOTTAYAM",654914.64,30.396072651268604,0.16666666666666666,0.9239341454935447,4.864713927218648,0
WS/84603/2023/00899,"Construction of drainage/nala near Subhash Nagar area, MURSHIDABAD",628719.8,0.0,0.14285714285714285,0.9571912176449215,4.861198233550434,0
WS/62354/2023/00413,"Multipurpose community centre building at Vivekanand Marg panchayat, LUCKNOW",2098141.56,0.0,0.14285714285714285,0.9574583988735241,4.861198233550434,0
WS/94408/2023/00821,"Water supply pipeline extension to Vivekanand Marg area, IDUKKI",707790.08,49.6153059237267,0.2857142857142857,0.9102331029057082,4.859811152320107,0
WS/87777/2023/00832,"Construction of additional classroom at Subhash Nagar school, HINGOLI",651486.03,-42.598309111693965,0.4,0.9242110567095049,4.852431478760344,0
WS/89415/2024/00054,"Installation of streetlights at Bazaar Road chowk, SRINAGAR",576490.66,28.193486575767533,0.09090909090909091,0.93988496250317,4.8505215358598335,0
WS/23606/2024/00932,"Installation of handpump at Ram Nagar village, GAYA",398273.85,-49.72080717756786,0.2,0.9284655424265522,4.8469317667995195,0
WS/95957/2024/00683,"LED streetlight installation along Ambedkar Colony road, ATTINGAL",158061.85,-51.31347205391814,0.2,0.9378693359086373,4.845570757797446,0
WS/86869/2025/00111,"Widening and strengthening of road near Station Road village, HINGOLI",1534190.08,-4.232817007842321,0.4,0.862215132234838,4.845391810749857,0
WS/83044/2023/00205,"Solar street light at Station Road chowk parisar, SRINAGAR",262058.81,0.0,0.1111111111111111,0.9665080341020941,4.845365294368068,0
WS/49062/2024/00722,"Widening and strengthening of road near Subhash Nagar village, PATNA_SAHIB",1844608.23,37.714928324201495,0.2857142857142857,0.8809906317137801,4.8427462189086725,0
WS/15530/2024/00751,"Installation of streetlights at Ambedkar Colony chowk, VARANASI",284834.22,-23.128692248647567,0.16666666666666666,0.945478013121456,4.835563316711023,0
WS/60434/2023/00620,"LED streetlight installation along Nehru Path road, KANTHI",474961.46,-8.118208919178464,0.16666666666666666,0.92103692685049,4.835094275636259,0
WS/83007/2024/00662,"Water supply pipeline extension to Andouli area, IDUKKI",496303.67,4.91052010522428,0.14285714285714285,0.9090742478831089,4.834079883944376,0
WS/68341/2025/00156,"Covered drain construction from Ram Nagar to Panchayat Bhavan Marg, VARANASI",410373.68,-37.41795225055605,0.2,0.9163009568328082,4.833428830530429,0
WS/83272/2025/00452,"Water supply pipeline extension to Nehru Path area, ERNAKULAM",294312.52,-21.16840014257118,0.2,0.915846817991435,4.833428830530429,0
WS/91381/2024/00093,"Solar light installation near Nehru Path hanuman mandir, KANPUR",379601.04,44.785825125138686,0.16666666666666666,0.9562789057545399,4.830421325156914,0
WS/18300/2025/00254,"Installation of handpump at Station Road village, BADAUN",880505.2,22.430895641299532,0.3333333333333333,0.8689963042443314,4.82609039806123,0
WS/99664/2025/00564,"Construction of community hall at Bazaar Road, NANDURBAR(ST)",3528802.57,24.79689093570777,0.3333333333333333,0.8667761240935358,4.82609039806123,0
WS/71644/2024/00052,"Solar light installation near Andouli hanuman mandir, KANTHI",407874.0,35.48051248180911,0.25,0.9600885635462689,4.824173860171143,0
WS/47342/2024/00860,"Water supply pipeline extension to Andouli area, BARAMULLAH",503772.11,0.0,0.1111111111111111,0.9086434513441125,4.821721970519702,0
WS/48745/2023/00328,"Water supply pipeline extension to Nehru Path area, AURANGABAD_MH",423710.02,-27.01836472158414,0.2,0.9378476952419359,4.821219470247834,0
WS/44312/2023/00657,"Installation of handpump at Kisan Nagar village, HINGOLI",628402.21,-9.98736002951213,0.4,0.9601665569747893,4.820215087765954,0
WS/77537/2024/00319,"Solar street light at Shanti Nagar chowk parisar, SRINAGAR",242509.63,-7.4598446051098195,0.2222222222222222,0.9822810622498824,4.8192274687787595,0
WS/39588/2024/00534,"Repair and renovation of Govt. School building at Shanti Nagar, HOWRAH",1113180.88,-22.90209585096308,0.14285714285714285,0.92338699637094,4.810840071840891,0
WS/99208/2024/00407,"Solar street light at Subhash Nagar chowk parisar, VARANASI",287636.71,3.3178060311363637,0.14285714285714285,0.9675595521737911,4.810534785503771,0
WS/28024/2023/00488,"Installation of handpump at Shanti Nagar village, JAMMU",654697.99,-8.710955128961128,0.2,0.9246018908488175,4.809455162078939,0
WS/45903/2024/00982,"Covered drain construction from Panchayat Bhavan Marg to Panchayat Bhavan Marg, AURANGABAD_BR",1128582.53,75.12724892293757,0.3333333333333333,0.9068299618690541,4.8077828310856265,0
WS/53399/2023/00500,Construction of concrete road from Ram Nagar to Andouli in NANDURBAR(ST),1910570.69,20.345752743413943,0.11538461538461539,0.8615598374763643,4.802729376242629,0
WS/67732/2025/00474,"Installation of streetlights at Andouli chowk, AURANGABAD_BR",519712.82,42.7737796885971,0.25,0.9375653854057078,4.8025792587690095,0
WS/39035/2025/00733,"Widening and strengthening of road near Kisan Nagar village, MURSHIDABAD",1586577.3,-7.143524635138503,0.14285714285714285,0.9328188212970562,4.799478374116787,0
WS/68540/2025/00301,"Construction of drainage/nala near Andouli area, SRINAGAR",872568.09,36.10996958378447,0.14285714285714285,0.9054183124489472,4.798294500036671,0
WS/14405/2025/00412,"Solar light installation near Bazaar Road hanuman mandir, TAMLUK",329909.48,4.614339648488159,0.14285714285714285,0.9685598825586261,4.7954214353778255,0
WS/36337/2024/00810,"Installation of streetlights at Andouli chowk, SRINAGAR",576817.49,28.266163342495297,0.09090909090909091,0.9252798246305636,4.787397676472538,0
WS/53463/2023/00234,"Construction of drainage/nala near Subhash Nagar area, NANDURBAR(ST)",882299.86,1.0077681603120807,0.09090909090909091,0.9058183037073788,4.782576504223926,0
WS/60173/2024/00531,"Covered drain construction from Subhash Nagar to Subhash Nagar, PUNE",688543.95,-3.7837002804138278,0.16666666666666666,0.9120176689883651,4.782355149442908,0
WS/22046/2023/00466,"Construction of community hall at Bazaar Road, BARAMULLAH",3724063.38,5.864535033165138,0.3333333333333333,0.8700107929849556,4.7768354987266495,0
WS/25765/2024/00312,"Installation of streetlights at Ambedkar Colony chowk, NAGPUR",407048.97,-0.46993932098614727,0.16666666666666666,0.9271062845132338,4.7669590416688274,0
WS/62183/2024/00408,"Construction of community hall at Kisan Nagar, KANPUR",2897734.57,35.98674964148101,0.125,0.9514581428963536,4.763441404248337,0
WS/25725/2025/00549,"Installation of streetlights at Ram Nagar chowk, BADAUN",445472.48,0.0,0.14285714285714285,0.9606693645931893,4.759490159016272,0
WS/73766/2023/00558,"Water supply pipeline extension to Ram Nagar area, IDUKKI",473073.31,0.0,0.14285714285714285,0.9598643508700757,4.759490159016272,0
WS/49669/2024/00684,"Installation of streetlights at Ram Nagar chowk, ERNAKULAM",515909.62,39.66220433174051,0.125,0.9390066253354857,4.7583176613801745,0
WS/76577/2025/00523,"Solar light installation near Ram Nagar hanuman mandir, PATNA_SAHIB",159780.54,-11.12692381776486,0.23076923076923078,0.9912541090699623,4.755659728492792,0
WS/28569/2024/00236,"Widening and strengthening of road near Vivekanand Marg village, IDUKKI",1620710.84,27.99723760953053,0.16666666666666666,0.8797561132154512,4.754973806935162,0
WS/30369/2023/00282,"Construction of additional classroom at Ram Nagar school, KOTTAYAM",780738.22,-51.62878184373507,0.125,0.9591031326880073,4.752799029962533,0
WS/33040/2025/00185,"LED streetlight installation along Andouli road, AURANGABAD_MH",482408.94,28.765439121114223,0.14285714285714285,0.9280320283083737,4.751321811330898,0
WS/89822/2025/00114,"Solar street light at Panchayat Bhavan Marg chowk parisar, LUCKNOW",296338.0,2.0902547124949216,0.16666666666666666,0.9776944511016024,4.75044347804054,0
WS/42483/2023/00578,"Solar light installation near Vivekanand Marg hanuman mandir, JAMMU",261967.02,0.0,0.4,0.9669582552643543,4.747364360128187,0
WS/41850/2023/00018,"Construction of community hall at Ambedkar Colony, AURANGABAD_MH",3172444.45,43.102368516707536,0.4,0.9110539682762739,4.738865454553047,0
WS/51120/2023/00654,"Solar light installation near Bazaar Road hanuman mandir, IDUKKI",324384.58,0.0,0.2857142857142857,0.9686122570405129,4.738556961067675,0
WS/54595/2024/00822,"Construction of drainage/nala near Kisan Nagar area, ERNAKULAM",533184.55,-22.759711770063195,0.15384615384615385,0.94173939650305,4.7331488728398785,0
WS/55663/2025/00891,"Water supply pipeline extension to Ram Nagar area, VARANASI",497671.18,-25.561670802456142,0.17857142857142858,0.9254400045413618,4.731990140423388,0
WS/31368/2025/00610,"Installation of streetlights at Ram Nagar chowk, BARAMULLAH",276637.99,-5.6171509185011566,0.2857142857142857,0.9532570755844376,4.727041861221429,0
WS/84177/2025/00092,Construction of concrete road from Panchayat Bhavan Marg to Kisan Nagar in VARANASI,2462505.62,20.11140772233768,0.125,0.8721298965910851,4.72237205155695,0
WS/21297/2023/00692,"Solar light installation near Panchayat Bhavan Marg hanuman mandir, KANTHI",439829.57,46.09495959108385,0.1,0.9754137183103775,4.7207551768841896,0
WS/99825/2023/00226,"Repair and renovation of Govt. School building at Subhash Nagar, TAMLUK",942919.38,-8.28849541192209,0.14285714285714285,0.9397609005791124,4.720506351461715,0
WS/73691/2023/00813,"Covered drain construction from Ambedkar Colony to Vivekanand Marg, ATTINGAL",770101.09,51.73625505896401,0.3333333333333333,0.8477660731964507,4.719142441810155,0
WS/20142/2023/00946,Construction of concrete road from Ambedkar Colony to Vivekanand Marg in AURANGABAD_MH,1041120.16,-34.42043782659328,0.11538461538461539,0.9322898286377124,4.716084855769227,0
WS/16564/2025/00346,"Installation of handpump at Ram Nagar village, ATTINGAL",361812.2,-23.36929161376024,0.125,0.944350821261022,4.715744607400324,0
WS/27771/2025/00251,"LED streetlight installation along Subhash Nagar road, KOTTAYAM",270304.38,-26.28527637569203,0.1111111111111111,0.95421443949677,4.709649609443364,0
WS/86568/2024/00386,"Covered drain construction from Shanti Nagar to Bazaar Road, PUNE",586007.34,-18.112042283840502,0.16666666666666666,0.9292328541166996,4.706694380353387,0
WS/98826/2024/00323,"CC road construction at Gandhi Chowk ward, AURANGABAD_BR",1076942.59,-41.27445298272047,0.2,0.9646941358493468,4.703519234518982,0
WS/48230/2024/00281,"LED streetlight installation along Nehru Path road, ERNAKULAM",405519.33,9.778382358775382,0.125,0.9591609005738365,4.7033044215436375,0
WS/30079/2024/00469,"CC road construction at Andouli ward, PUNE",1342838.12,-9.92329416161007,0.16666666666666666,0.916132197845786,4.702121004740717,0
WS/89233/2023/00890,"Widening and strengthening of road near Shanti Nagar village, PUNE",1846684.51,23.87439327651887,0.16666666666666666,0.940274785574092,4.701301468441576,0
WS/24326/2023/00503,"Installation of streetlights at Bazaar Road chowk, KOTTAYAM",336191.06,-8.31731593523147,0.1111111111111111,0.9448777417704546,4.695564470408338,0
WS/98250/2023/00936,"Multipurpose community centre building at Gandhi Chowk panchayat, KOTTAYAM",3699017.9,53.6113599531811,0.16666666666666666,0.9561692021241156,4.695283988533721,0
WS/45007/2025/00546,"LED streetlight installation along Ram Nagar road, VARANASI",563118.91,51.975022633222025,0.16666666666666666,0.9562392534931191,4.695283988533721,0
WS/66980/2024/00529,"Construction of drainage/nala near Kisan Nagar area, KANPUR",913365.11,54.76574228220191,0.14285714285714285,0.9535824680294953,4.692054936904945,0
WS/41270/2024/00524,"Solar light installation near Bazaar Road hanuman mandir, GAYA",205741.34,-28.733240738646366,0.2222222222222222,0.9531058589552703,4.691618100046602,0
WS/29871/2025/00699,Construction of concrete road from Station Road to Subhash Nagar in GAYA,1252226.57,0.0,0.1111111111111111,0.9613064169369141,4.686451207809833,0
WS/24769/2023/00570,"Solar street light at Shanti Nagar chowk parisar, LUCKNOW",319262.49,9.987881824961233,0.16666666666666666,0.9896933444050898,4.686081950037769,0
WS/79339/2025/00459,"Solar light installation near Andouli hanuman mandir, GAYA",229174.03,-20.616389370438455,0.2222222222222222,0.9556729658255739,4.683301400113136,0
WS/88532/2025/00874,"Repair and renovation of Govt. School building at Nehru Path, TAMLUK",1133267.87,10.225437787720823,0.14285714285714285,0.941292784653554,4.67938215473479,0
WS/43386/2024/00037,"Construction of additional classroom at Andouli school, GAYA",1248692.39,42.77747339411266,0.2,0.8824265059918146,4.676443796281774,0
WS/46325/2023/00586,"Multipurpose community centre building at Andouli panchayat, IDUKKI",2381779.17,-22.151049380052612,0.2857142857142857,0.9386495075982695,4.675856416963613,0
WS/39402/2025/00339,"Construction of drainage/nala near Kisan Nagar area, KANTHI",1153275.92,28.200977798257355,0.14285714285714285,0.9256749893882159,4.674191016148427,0
WS/68598/2024/00354,"Construction of additional classroom at Vivekanand Marg school, MURSHIDABAD",1021864.43,0.0,0.1111111111111111,0.9062805124181575,4.672208821006552,0
WS/46002/2024/00126,"Covered drain construction from Bazaar Road to Andouli, KOTTAYAM",695786.53,-6.977435073708732,0.125,0.9177555586195928,4.671156757668785,0
WS/77009/2025/00864,"Multipurpose community centre building at Shanti Nagar panchayat, HOWRAH",2714823.11,15.227304210897346,0.1111111111111111,0.9583811425219531,4.6677928615613045,0
WS/41632/2025/00705,"Widening and strengthening of road near Nehru Path village, VARANASI",847415.08,-58.66640166939501,0.125,0.8942139544712358,4.667120298687378,0
WS/28098/2024/00177,"Water supply pipeline extension to Station Road area, MURSHIDABAD",342724.18,-14.488342903750532,0.09090909090909091,0.89463375378915,4.666210270402549,0
WS/70577/2023/00780,"Construction of additional classroom at Andouli school, AURANGABAD_MH",1031310.38,-15.773598116980237,0.14285714285714285,0.8871262754734458,4.666118022593636,0
WS/16932/2025/00607,"Covered drain construction from Nehru Path to Vivekanand Marg, AURANGABAD_BR",587713.0,-8.801919123941776,0.16666666666666666,0.9351769809278023,4.66442993040869,0
WS/44675/2025/00071,"Construction of community hall at Panchayat Bhavan Marg, AURANGABAD_BR",3267389.57,-10.934542319503896,0.07692307692307693,0.9484838616268612,4.657475536402793,0
WS/12651/2025/00317,"Water supply pipeline extension to Vivekanand Marg area, NAGPUR",366305.51,-41.737327319702246,0.14285714285714285,0.8949927317378592,4.656845006987122,0
WS/59602/2025/00814,"Multipurpose community centre building at Bazaar Road panchayat, PATNA_SAHIB",3542117.98,34.49433670502415,0.375,0.9404927772066525,4.655080957764006,0
WS/85483/2024/00426,"Solar light installation near Panchayat Bhavan Marg hanuman mandir, KOTTAYAM",240207.41,-18.162332237530553,0.1111111111111111,0.9808465163455784,4.651000583129848,0
WS/10235/2025/00299,"Construction of additional classroom at Kisan Nagar school, JAMMU",829552.52,-37.38441277343834,0.21428571428571427,0.9537406618455972,4.646734473362189,0
WS/41856/2023/00475,"Solar street light at Bazaar Road chowk parisar, KOTTAYAM",354970.36,20.936928578532076,0.1111111111111111,0.9643098386033067,4.645337856636226,0
WS/37425/2025/00758,"Multipurpose community centre building at Kisan Nagar panchayat, VARANASI",2117929.12,-10.59340549546737,0.20833333333333334,0.9352047480996442,4.642507187529405,0
WS/68402/2024/00600,"Repair and renovation of Govt. School building at Station Road, ERNAKULAM",921963.61,-1.3169029838365278,0.1111111111111111,0.913983298231324,4.6339466782545875,0
WS/54514/2025/00745,"Repair and renovation of Govt. School building at Panchayat Bhavan Marg, MURSHIDABAD",937488.03,-8.25710314625591,0.1111111111111111,0.9671656357891996,4.632453284782083,0
WS/78925/2025/00776,"Covered drain construction from Vivekanand Marg to Bazaar Road, AURANGABAD_BR",701158.42,8.801919123941794,0.16666666666666666,0.8798644254927769,4.6307560533057845,0
WS/69241/2023/00587,"Installation of streetlights at Bazaar Road chowk, PATNA_SAHIB",387007.17,-6.496961231700691,0.14285714285714285,0.9313469281668496,4.6268662795889774,0
WS/26426/2024/00159,"Installation of handpump at Vivekanand Marg village, PUNE",703208.76,-9.196201540548854,0.14285714285714285,0.9298424434435067,4.623369776092474,0
WS/37621/2025/00897,"Repair and renovation of Govt. School building at Gandhi Chowk, AURANGABAD_BR",601796.34,-26.284424544030628,0.2222222222222222,0.9601764434312274,4.610350619751662,0
WS/43767/2024/00820,"Construction of drainage/nala near Panchayat Bhavan Marg area, NAGPUR",1136103.13,30.063764898755498,0.09090909090909091,0.949665944663348,4.6084582140290715,0
WS/16047/2025/00515,"Water supply pipeline extension to Ram Nagar area, PUNE",793686.82,2.487031081926046,0.14285714285714285,0.9031992189267288,4.607688710855282,0
WS/91915/2023/00639,"Installation of handpump at Station Road village, VARANASI",577963.31,-13.552110584578966,0.21428571428571427,0.9219290667119049,4.605895462742952,0
WS/26912/2025/00160,"Construction of community hall at Subhash Nagar, HOWRAH",1820836.53,-22.716848848165018,0.1111111111111111,0.9146822853990458,4.605506874814785,0
WS/58270/2024/00277,"Construction of community hall at Bazaar Road, PUNE",2909516.85,1.746435719203556,0.25,0.9058204971725334,4.599653987804915,0
WS/67438/2023/00302,"Construction of community hall at Kisan Nagar, JAMMU",2141644.85,-26.081488937247542,0.14285714285714285,0.9489664254719692,4.596803969563558,0
WS/39041/2025/00123,"Installation of streetlights at Vivekanand Marg chowk, SRINAGAR",185391.19,-58.774799531824904,0.18181818181818182,0.9333435109275293,4.595073841336983,0
WS/67595/2023/00129,"Installation of streetlights at Station Road chowk, PUNE",440757.19,-4.888715786418094,0.3333333333333333,0.9175598201270196,4.5939972755411,0
WS/75230/2024/00089,"Construction of drainage/nala near Bazaar Road area, KANPUR",457562.42,-22.468039564440303,0.14285714285714285,0.9400533561871948,4.593902416474546,0
WS/37222/2023/00344,"Water supply pipeline extension to Kisan Nagar area, LUCKNOW",486829.36,-17.58420907103757,0.1111111111111111,0.9501105966775835,4.59309115126814,0
WS/73809/2025/00985,"Multipurpose community centre building at Nehru Path panchayat, IDUKKI",3059487.83,0.0,0.14285714285714285,0.9542247739042782,4.590073493921756,0
WS/95979/2025/00181,"Multipurpose community centre building at Nehru Path panchayat, KANTHI",1605166.22,-37.52285684687349,0.16666666666666666,0.9349270495966449,4.586863184272876,0
WS/15726/2024/00135,"Solar light installation near Subhash Nagar hanuman mandir, BARAMULLAH",342495.97,21.949697739221843,0.25,0.9749825665062543,4.583598582148778,0
WS/43728/2024/00211,"Multipurpose community centre building at Ambedkar Colony panchayat, AURANGABAD_BR",2075046.57,-43.43650534901059,0.07692307692307693,0.9652085622527973,4.583442967248143,0
WS/73318/2024/00350,"LED streetlight installation along Ambedkar Colony road, KANPUR",320887.85,-16.325721488836393,0.1,0.9378693359086373,4.580692007688474,0
WS/10803/2024/00507,"Multipurpose community centre building at Ram Nagar panchayat, NANDURBAR(ST)",3475488.76,22.911436139086188,0.16666666666666666,0.9555658307838604,4.578431225739206,0
WS/46231/2025/00764,"Installation of handpump at Gandhi Chowk village, MURSHIDABAD",253121.91,-36.84462540265551,0.09090909090909091,0.9389609328215688,4.578195728965776,0
WS/54778/2024/00730,"Solar street light at Gandhi Chowk chowk parisar, KOTTAYAM",347713.93,18.464692990622382,0.1111111111111111,0.9474605158476241,4.572437581048161,0
WS/20205/2023/00121,"Construction of additional classroom at Vivekanand Marg school, VARANASI",1606470.11,44.36863983761253,0.25,0.928523106628872,4.5648018749726775,0
WS/51359/2023/00063,"Construction of community hall at Ram Nagar, GAYA",2266557.48,-11.733965636760441,0.375,0.9445252766391066,4.563178872316253,0
WS/56590/2023/00680,"Installation of streetlights at Nehru Path chowk, AURANGABAD_MH",341211.08,-8.923340953860356,0.14285714285714285,0.9517787151970273,4.5605738593077145,0
WS/96556/2025/00478,"CC road construction at Nehru Path ward, JAMMU",1590433.39,-0.45804111934160624,0.25,0.9543315118196722,4.559254759302974,0
WS/34551/2024/00143,"Construction of community hall at Panchayat Bhavan Marg, IDUKKI",2573097.23,-15.897778550732136,0.2857142857142857,0.9335970953286684,4.556156394268965,0
WS/34978/2024/00983,"Multipurpose community centre building at Andouli panchayat, SRINAGAR",2477565.56,-20.523147295102234,0.1,0.9490532324618624,4.552885645989105,0
WS/90967/2023/00442,"Solar street light at Ambedkar Colony chowk parisar, PATNA_SAHIB",123962.38,-31.049688269477738,0.15384615384615385,0.9322005451991697,4.551618394953945,0
WS/72835/2025/00207,"Solar street light at Gandhi Chowk chowk parisar, PATNA_SAHIB",125474.51,-30.20861184873562,0.07692307692307693,0.9570551373249487,4.548094878721336,0
WS/92802/2023/00146,"Construction of community hall at Shanti Nagar, PUNE",3533772.16,23.576779396809854,0.125,0.9657666711369393,4.5476751229004,0
WS/43016/2024/00548,Construction of concrete road from Gandhi Chowk to Andouli in TAMLUK,1965349.24,15.024589906466746,0.10344827586206896,0.9325866158158159,4.547435521263679,0
WS/14898/2024/00467,"Solar street light at Kisan Nagar chowk parisar, ATTINGAL",268886.61,0.0,0.4,0.9709861669272997,4.546595394169484,0
WS/78298/2024/00509,"Solar street light at Nehru Path chowk parisar, MURSHIDABAD",287938.64,-4.357535634742246,0.1,0.9638910937911673,4.542416414432993,0
WS/34101/2024/00204,"Construction of community hall at Station Road, ERNAKULAM",3240771.02,39.50713605420584,0.25,0.9031782258368819,4.541248147702776,0
WS/46264/2025/00387,"CC road construction at Vivekanand Marg ward, PATNA_SAHIB",1332465.13,-0.5206976266999436,0.14285714285714285,0.9363697369381692,4.540247788724581,0
WS/94819/2024/00366,"Solar light installation near Station Road hanuman mandir, KOTTAYAM",289410.23,-1.3991356478142545,0.1111111111111111,0.9631604267235873,4.53299181125839,0
WS/70994/2023/00584,"Water supply pipeline extension to Bazaar Road area, ATTINGAL",454793.37,-3.6761664961401506,0.125,0.9315341001978883,4.522815119909359,0
WS/18569/2024/00756,"Construction of drainage/nala near Ram Nagar area, SRINAGAR",632676.59,-1.3101757809267656,0.2857142857142857,0.9616880948932462,4.51819092954441,0
WS/67367/2024/00380,"Construction of community hall at Subhash Nagar, GAYA",3467229.74,35.02354212348772,0.125,0.9445252766391066,4.516836521516522,0
WS/40122/2025/00401,"Construction of community hall at Subhash Nagar, LUCKNOW",1919304.25,-8.523605528313354,0.42857142857142855,0.9224927359772279,4.516651425480292,0
WS/88924/2023/00841,"Covered drain construction from Station Road to Gandhi Chowk, ATTINGAL",333060.55,-34.37567973721627,0.08333333333333333,0.9332363743476293,4.507975072308359,0
WS/46352/2025/00735,"Widening and strengthening of road near Bazaar Road village, PATNA_SAHIB",1133347.55,-15.386435950868885,0.14285714285714285,0.9244283551134105,4.507185894692738,0
WS/27102/2024/00871,"Installation of handpump at Panchayat Bhavan Marg village, KOTTAYAM",393162.86,-21.71973303827726,0.16666666666666666,0.9625292320879781,4.505663319940772,0
WS/36712/2023/00476,"Multipurpose community centre building at Station Road panchayat, PUNE",2625153.93,-8.197797310656716,0.25,0.9601205776695292,4.502385660505332,0
WS/64627/2024/00318,"Solar light installation near Bazaar Road hanuman mandir, PATNA_SAHIB",179785.09,0.0,0.15384615384615385,0.9615899454442263,4.497982236146213,0
WS/29441/2024/00284,"Solar light installation near Ram Nagar hanuman mandir, JAMMU",346646.68,32.32454986127644,0.2,0.9687790964382897,4.497118007581545,0
WS/41258/2025/00642,"Installation of handpump at Ram Nagar village, KANTHI",312409.02,-24.33122078046895,0.1111111111111111,0.974384149280167,4.49396214329932,0
WS/97394/2024/00599,"Installation of streetlights at Vivekanand Marg chowk, KANPUR",327490.63,-14.60398957325298,0.3,0.9519030275655694,4.493274493398333,0
WS/64702/2024/00611,"Solar light installation near Ambedkar Colony hanuman mandir, LUCKNOW",413969.86,42.615150438674284,0.16666666666666666,0.955775863898503,4.4867476480758715,0
WS/27796/2025/00533,"Water supply pipeline extension to Ram Nagar area, BARAMULLAH",210995.46,-58.116883445572256,0.2222222222222222,0.9416161534499263,4.483085766304887,0
WS/16674/2023/00687,"Solar light installation near Vivekanand Marg hanuman mandir, HOWRAH",257330.7,-14.6432685107558,0.16666666666666666,0.9605425721330088,4.480989004910444,0
WS/93165/2024/00334,"Solar street light at Andouli chowk parisar, SRINAGAR",128284.01,-51.04762553107831,0.2222222222222222,0.9459870059580269,4.477928145336031,0
WS/70036/2023/00595,"Construction of community hall at Vivekanand Marg, LUCKNOW",1803725.06,-14.03225147496721,0.42857142857142855,0.9230311184640807,4.470323255658146,0
WS/45986/2025/00151,"Construction of community hall at Panchayat Bhavan Marg, JAMMU",2617824.15,-9.646240649043406,0.2857142857142857,0.9484838616268612,4.460259942792749,0
WS/18523/2025/00743,"Widening and strengthening of road near Shanti Nagar village, NAGPUR",2456693.48,52.75883043146541,0.25,0.940274785574092,4.450043255943282,0
WS/69129/2023/00378,"Widening and strengthening of road near Panchayat Bhavan Marg village, SRINAGAR",1777435.9,-4.653765166559093,0.2857142857142857,0.9560376655650059,4.449264083443651,0
WS/40959/2024/00481,"Installation of handpump at Station Road village, PATNA_SAHIB",309903.68,-47.812176958538046,0.1111111111111111,0.9450463693183604,4.4427070075282975,0
WS/40490/2024/00295,"Installation of streetlights at Bazaar Road chowk, LUCKNOW",289073.88,54.67385454089578,0.14285714285714285,0.9356864561463485,4.438742000470416,0
WS/87609/2023/00876,"LED streetlight installation along Kisan Nagar road, KANPUR",272172.39,-29.02869845676911,0.1,0.9741066657763102,4.429623908005203,0
WS/60079/2023/00659,"Construction of drainage/nala near Shanti Nagar area, HOWRAH",942207.34,32.49851854394572,0.14285714285714285,0.9430903821062324,4.426046157529018,0
WS/93726/2024/00550,"Water supply pipeline extension to Ambedkar Colony area, MURSHIDABAD",328984.09,-17.916574505476454,0.18181818181818182,0.8980294938585549,4.424612371992715,0
WS/78674/2024/00212,"Construction of drainage/nala near Andouli area, MURSHIDABAD",425962.68,-32.24920226784651,0.14285714285714285,0.915259022137465,4.42003635455558,0
WS/58374/2025/00253,"Construction of additional classroom at Ambedkar Colony school, ERNAKULAM",505722.78,-45.86956619467454,0.1111111111111111,0.9296824237754513,4.418294166743627,0
WS/92764/2025/00940,"Covered drain construction from Bazaar Road to Subhash Nagar, KOTTAYAM",389620.13,-47.9100812148303,0.25,0.9349944200312462,4.4174766500504425,0
WS/59925/2023/00108,"LED streetlight installation along Bazaar Road road, HINGOLI",216750.22,-32.607975128372736,0.14285714285714285,0.9311665743779834,4.412371938588612,0
WS/39154/2023/00034,"Covered drain construction from Gandhi Chowk to Ambedkar Colony, MURSHIDABAD",1008637.06,60.42711872602071,0.14285714285714285,0.861895976830968,4.40233562759226,0
WS/65876/2023/00866,Construction of concrete road from Andouli to Bazaar Road in LUCKNOW,1024902.88,-28.958688335280225,0.09090909090909091,0.8120172653141984,4.398717514748353,0
WS/81601/2023/00178,"Construction of additional classroom at Vivekanand Marg school, ERNAKULAM",839253.64,-10.169829395665262,0.2222222222222222,0.9181070150665165,4.394651006137444,0
WS/11699/2025/00367,"Repair and renovation of Govt. School building at Kisan Nagar, VARANASI",942576.51,-15.293482371991487,0.25,0.9662202247298437,4.392068977832798,0
WS/99573/2023/00365,Construction of concrete road from Nehru Path to Shanti Nagar in NAGPUR,1939432.1,20.59517465615648,0.125,0.9679592162474074,4.3914503081734555,0
WS/38919/2024/00881,"Solar light installation near Vivekanand Marg hanuman mandir, ERNAKULAM",319180.37,20.816385935191757,0.125,0.9671870128721476,4.3914503081734555,0
WS/98696/2023/00001,"Installation of handpump at Kisan Nagar village, ATTINGAL",392520.52,-16.86536412057086,0.25,0.9506602924793233,4.38156626251202,0
WS/49121/2025/00326,"LED streetlight installation along Panchayat Bhavan Marg road, BADAUN",599743.22,34.63081265985275,0.14285714285714285,0.9459236614516484,4.379822347270995,0
WS/57428/2023/00122,"Construction of community hall at Ram Nagar, KANPUR",1787933.43,-16.09471128301292,0.25,0.9357752944950006,4.379245420202446,0
WS/80189/2024/00923,"Covered drain construction from Kisan Nagar to Shanti Nagar, HOWRAH",614348.63,-13.606825282742275,0.2857142857142857,0.9180108665461757,4.37898651094147,0
WS/56179/2024/00462,"LED streetlight installation along Vivekanand Marg road, NANDURBAR(ST)",330700.73,-23.703670370221996,0.3333333333333333,0.9397340544235198,4.376147554713278,0
WS/94497/2023/00127,"Construction of additional classroom at Ram Nagar school, BADAUN",1032679.41,-19.514080597527155,0.125,0.9119508179048903,4.363775966819322,0
WS/25570/2025/00861,"Covered drain construction from Subhash Nagar to Ambedkar Colony, KANTHI",899584.34,0.0,0.2857142857142857,0.8461409480633117,4.358494274575224,0
WS/25314/2024/00665,Construction of concrete road from Vivekanand Marg to Andouli in PATNA_SAHIB,1339439.56,0.0,0.2857142857142857,0.8505148673899865,4.358494274575224,0
WS/57381/2025/00919,Construction of concrete road from Subhash Nagar to Ambedkar Colony in HOWRAH,2479278.26,45.54475941547917,0.3,0.8554013252470152,4.357667231300354,0
WS/61260/2025/00777,"Water supply pipeline extension to Bazaar Road area, HOWRAH",263771.87,-63.06977320238422,0.1111111111111111,0.9056146545428239,4.35130068126534,0
WS/40765/2025/00693,"Installation of streetlights at Gandhi Chowk chowk, BARAMULLAH",371483.58,26.74209593337092,0.14285714285714285,0.9467768954266161,4.344319388423008,0
WS/75323/2024/00080,"Solar street light at Kisan Nagar chowk parisar, TAMLUK",419525.46,33.03157873374308,0.2857142857142857,0.9767141750768595,4.339949743013321,0
WS/53412/2023/00870,"Multipurpose community centre building at Vivekanand Marg panchayat, PATNA_SAHIB",2260891.74,-14.153865949668917,0.375,0.9398508295404676,4.338052610223619,0
WS/18675/2025/00008,"Covered drain construction from Gandhi Chowk to Bazaar Road, KOTTAYAM",1039622.33,38.991388193800184,0.25,0.9278042286921937,4.33622587264538,0
WS/23137/2023/00884,"Construction of drainage/nala near Kisan Nagar area, MURSHIDABAD",364843.82,-41.97036263212961,0.2857142857142857,0.9571912176449215,4.335462877203484,0
WS/29073/2024/00485,"Multipurpose community centre building at Kisan Nagar panchayat, MURSHIDABAD",1669535.1,-30.771472503444443,0.2857142857142857,0.9583097539391608,4.335462877203484,0
WS/31157/2024/00728,"Solar light installation near Kisan Nagar hanuman mandir, ERNAKULAM",321272.43,21.608274008883686,0.125,0.9671870128721476,4.33483158088667,0
WS/97046/2023/00786,Construction of concrete road from Shanti Nagar to Kisan Nagar in NAGPUR,1373098.29,-14.619837372692862,0.125,0.9368880638639934,4.334331174021325,0
WS/89310/2024/00153,"Solar street light at Shanti Nagar chowk parisar, BARAMULLAH",325807.01,16.007398250027975,0.16666666666666666,0.976139043881608,4.333689500119008,0
WS/87994/2025/00313,"CC road construction at Nehru Path ward, BARAMULLAH",1519737.33,-12.641201212668065,0.2222222222222222,0.9155516970458077,4.33167627986772,0
WS/67725/2024/00753,"CC road construction at Gandhi Chowk ward, PUNE",1408407.33,-5.524954292299826,0.16666666666666666,0.9406893224095281,4.327700360811939,0
WS/62699/2023/00857,"Construction of community hall at Vivekanand Marg, AURANGABAD_BR",2245876.62,-38.7798654648256,0.07692307692307693,0.9336436487388031,4.326776489470433,0
WS/18094/2025/00193,"Installation of streetlights at Station Road chowk, JAMMU",351036.59,-2.829954214288577,0.09090909090909091,0.930305062468366,4.32385112683045,0
WS/78610/2024/00437,"Water supply pipeline extension to Panchayat Bhavan Marg area, KANPUR",577501.3,-8.81294170556331,0.16666666666666666,0.9813016021506045,4.321937106415524,0
WS/42370/2024/00868,"Construction of community hall at Vivekanand Marg, KANPUR",1775137.37,-16.695213007923268,0.25,0.9336436487388031,4.315215710012268,0
WS/82534/2024/00263,"Solar street light at Bazaar Road chowk parisar, PATNA_SAHIB",148940.57,-17.156328147122764,0.15384615384615385,0.9542749731832333,4.299510202973553,0
WS/71457/2025/00661,"Multipurpose community centre building at Shanti Nagar panchayat, KANPUR",2957257.69,38.78008885933761,0.125,0.950652784245458,4.29677473758167,0
WS/62530/2025/00348,"Water supply pipeline extension to Subhash Nagar area, PATNA_SAHIB",265065.92,-55.36286201156982,0.16666666666666666,0.9202541769871179,4.291470439792642,0
WS/76164/2024/00627,"Solar street light at Nehru Path chowk parisar, AURANGABAD_MH",263107.64,-26.671623829385904,0.1111111111111111,0.9693928110667333,4.290360189697367,0
WS/28156/2024/00715,"LED streetlight installation along Station Road road, HOWRAH",353568.49,-17.23556524930397,0.2,0.8880890921390558,4.2879473840447435,0
WS/93928/2025/00340,"Construction of drainage/nala near Nehru Path area, ATTINGAL",410845.78,-19.049328882291256,0.25,0.9346394892437937,4.287589098983081,0
WS/18639/2024/00130,"Construction of additional classroom at Vivekanand Marg school, PATNA_SAHIB",972277.16,-31.262196200738472,0.2857142857142857,0.9130985255995181,4.286680005339967,0
WS/46261/2024/00516,"Water supply pipeline extension to Station Road area, AURANGABAD_MH",824494.91,42.01454761567902,0.2,0.989976358527139,4.284816802287712,0
WS/83498/2025/00987,"Multipurpose community centre building at Shanti Nagar panchayat, PUNE",3696805.24,29.27808158872662,0.375,0.9601205776695292,4.283851832784741,0
WS/84202/2025/00640,"Installation of streetlights at Kisan Nagar chowk, AURANGABAD_MH",374641.63,0.0,0.14285714285714285,0.9612711568939674,4.2796921792182925,0
WS/83724/2025/00696,"Solar light installation near Andouli hanuman mandir, ATTINGAL",259997.47,-3.305906530637574,0.4,0.9686206440062382,4.278842836639615,0
WS/49289/2023/00227,"Construction of additional classroom at Ambedkar Colony school, PATNA_SAHIB",604308.75,-57.276733424780865,0.14285714285714285,0.9130985255995181,4.277377114615378,0
WS/61748/2025/00622,"Repair and renovation of Govt. School building at Subhash Nagar, NAGPUR",1013281.69,-14.13740867677288,0.1111111111111111,0.9136986123267101,4.276660094355099,0
WS/95561/2024/00468,"Multipurpose community centre building at Bazaar Road panchayat, HINGOLI",3699481.26,44.57047747022899,0.14285714285714285,0.9423888451222531,4.272246944739679,0
WS/34116/2025/00383,"Covered drain construction from Gandhi Chowk to Bazaar Road, JAMMU",671389.05,-19.788900871568014,0.16666666666666666,0.9278042286921937,4.269330068687399,0
WS/36767/2023/00796,Construction of concrete road from Shanti Nagar to Ram Nagar in SRINAGAR,2278773.46,22.23927144116571,0.14285714285714285,0.8598685407341287,4.268848777309721,0
WS/25842/2023/00712,"Multipurpose community centre building at Vivekanand Marg panchayat, IDUKKI",3804243.39,24.34249133783938,0.14285714285714285,0.9574583988735241,4.266441190002054,0
WS/75035/2025/00300,"Installation of streetlights at Shanti Nagar chowk, BADAUN",293197.61,-34.18277824928714,0.2857142857142857,0.9606693645931893,4.257564326478846,0
WS/68385/2024/00676,"Water supply pipeline extension to Subhash Nagar area, IDUKKI",267278.05,-43.50176931351296,0.2857142857142857,0.9598643508700757,4.257564326478846,0
WS/52287/2025/00370,"CC road construction at Bazaar Road ward, JAMMU",1361956.74,-14.757925315994806,0.125,0.9089881301962124,4.250795197588552,0
WS/12179/2023/00816,"Installation of streetlights at Panchayat Bhavan Marg chowk, PATNA_SAHIB",335906.97,-18.84304769223797,0.14285714285714285,0.9421769129376576,4.244315875271239,0
WS/63522/2025/00879,"Multipurpose community centre building at Bazaar Road panchayat, KOTTAYAM",1708115.39,-29.066056151050713,0.16666666666666666,0.9512948788754635,4.244137602588712,0
WS/86858/2023/00103,"Covered drain construction from Gandhi Chowk to Gandhi Chowk, PUNE",1008280.29,40.89586958681617,0.16666666666666666,0.8673977912220123,4.234043375863886,0
WS/47313/2023/00441,"CC road construction at Panchayat Bhavan Marg ward, MURSHIDABAD",1517806.95,-11.168397744446137,0.14285714285714285,0.9667453980648282,4.230172939019741,0
WS/82910/2024/00113,"Covered drain construction from Vivekanand Marg to Ram Nagar, AURANGABAD_MH",439257.16,-49.20086720599181,0.2222222222222222,0.9232927010613353,4.2292222564298525,0
WS/60436/2023/00446,"Solar light installation near Ambedkar Colony hanuman mandir, BARAMULLAH",233552.09,-16.841045511094514,0.25,0.9547318686073777,4.227720108665867,0
WS/27677/2024/00471,"Repair and renovation of Govt. School building at Ambedkar Colony, ATTINGAL",767581.17,-21.45691038921255,0.14285714285714285,0.9488632040160846,4.223407904550727,0
WS/80968/2025/00310,"Construction of drainage/nala near Subhash Nagar area, SRINAGAR",977011.63,52.40188675969538,0.14285714285714285,0.9616880948932462,4.220013240961136,0
WS/25674/2023/00606,"Installation of streetlights at Vivekanand Marg chowk, VARANASI",346230.83,-6.558921586260983,0.16666666666666666,0.9553438078514327,4.2150756695206315,0
WS/13418/2023/00487,"LED streetlight installation along Vivekanand Marg road, BARAMULLAH",405169.39,38.23495966267305,0.14285714285714285,0.9411559813256394,4.212218591328926,0
WS/31964/2024/00431,"Widening and strengthening of road near Panchayat Bhavan Marg village, KANPUR",1447820.7,-9.100182842386852,0.16666666666666666,0.9560376655650059,4.211579166024127,0
WS/76467/2025/00749,"LED streetlight installation along Station Road road, PATNA_SAHIB",413897.96,0.0,0.14285714285714285,0.9681247643456536,4.210649373636853,0
WS/60956/2025/00559,"CC road construction at Ram Nagar ward, IDUKKI",1128257.62,-10.89474130258584,0.16666666666666666,0.9685101565129046,4.209206909633194,0
WS/31802/2025/00399,"Water supply pipeline extension to Nehru Path area, LUCKNOW",558849.97,-5.3917736428696,0.1111111111111111,0.9378476952419359,4.204679571981766,0
WS/49066/2024/00381,"Covered drain construction from Panchayat Bhavan Marg to Kisan Nagar, MURSHIDABAD",422743.31,-32.76125390038616,0.2857142857142857,0.9316720951586779,4.203681993372824,0
WS/55653/2024/00828,Construction of concrete road from Subhash Nagar to Subhash Nagar in GAYA,1731502.95,38.27393472412903,0.1111111111111111,0.9613064169369141,4.203176918865973,0
WS/76444/2023/00353,"Solar street light at Gandhi Chowk chowk parisar, MURSHIDABAD",272076.79,-9.62624991147866,0.25,0.9445081854548336,4.201929705572061,0
WS/51697/2025/00939,"Water supply pipeline extension to Station Road area, KOTTAYAM",473288.19,-5.766465675240644,0.16666666666666666,0.8840563509225237,4.193492800042448,0
WS/69048/2023/00070,"Covered drain construction from Kisan Nagar to Bazaar Road, ATTINGAL",456432.19,-10.067246887078776,0.25,0.9427715594489687,4.192320684858738,0
WS/74788/2025/00527,Construction of concrete road from Panchayat Bhavan Marg to Panchayat Bhavan Marg in SRINAGAR,1817040.61,-2.529266623365302,0.2857142857142857,0.9308561346309481,4.192170142422725,0
WS/27225/2025/00862,"Solar light installation near Ram Nagar hanuman mandir, IDUKKI",367537.45,13.302996708413204,0.14285714285714285,0.9793682901164034,4.188800321564163,0
WS/10547/2024/00801,"Multipurpose community centre building at Andouli panchayat, KANPUR",1841640.87,-13.574294032662454,0.25,0.9566475642945738,4.182848313794072,0
WS/88311/2024/00411,"Water supply pipeline extension to Andouli area, AURANGABAD_BR",469028.21,-20.44724986994586,0.1111111111111111,0.9143940574237959,4.181264450572359,0
WS/71263/2024/00158,"Solar light installation near Station Road hanuman mandir, BARAMULLAH",272907.68,-2.8280271831745045,0.16666666666666666,0.9627352695993612,4.168326429703088,0
WS/39401/2025/00888,"Multipurpose community centre building at Andouli panchayat, HINGOLI",1756415.22,-31.361785843624656,0.14285714285714285,0.9226464778628057,4.167982928983748,0
WS/38574/2024/00580,"Construction of additional classroom at Shanti Nagar school, ATTINGAL",736716.09,-24.615193628865406,0.14285714285714285,0.922851877600438,4.167982928983748,0
WS/42819/2025/00257,"Construction of drainage/nala near Ram Nagar area, JAMMU",1086981.03,29.862027311966287,0.16666666666666666,0.9411968035189098,4.163799153483863,0
WS/13966/2024/00522,"Installation of handpump at Ram Nagar village, PATNA_SAHIB",842085.1,41.8072485768862,0.1111111111111111,0.9450463693183604,4.16281511162707,0
WS/28293/2023/00601,"Solar light installation near Bazaar Road hanuman mandir, ERNAKULAM",254876.53,-3.523950378582242,0.375,0.9616324830241135,4.156692904363328,0
WS/95679/2025/00190,"Construction of community hall at Vivekanand Marg, SRINAGAR",2254864.6,-27.667083940378866,0.2,0.9054684319586409,4.15496354016332,0
WS/98000/2025/00783,"Multipurpose community centre building at Andouli panchayat, BADAUN",1810378.46,-28.920158405965807,0.2,0.9068893377340252,4.154908535228178,0
WS/59688/2024/00854,"Solar light installation near Shanti Nagar hanuman mandir, BARAMULLAH",146661.58,-47.77942832157498,0.08333333333333333,0.9763204921420008,4.146076082969834,0
WS/39135/2023/00286,"Widening and strengthening of road near Shanti Nagar village, BARAMULLAH",2166624.48,24.543701243442953,0.16666666666666666,0.9647156540172663,4.1447473816235245,0
WS/19150/2023/00081,"Covered drain construction from Nehru Path to Subhash Nagar, HOWRAH",711107.83,0.0,0.14285714285714285,0.8798347527444581,4.13845937469288,0
WS/67870/2024/00697,"Solar light installation near Station Road hanuman mandir, JAMMU",171885.18,-34.38671020497161,0.4,0.9687790964382897,4.129327344685162,0
WS/48152/2023/00830,"Installation of handpump at Shanti Nagar village, KOTTAYAM",314586.13,-37.364668069473254,0.16666666666666666,0.9473646003840474,4.127785556145632,0
WS/49926/2023/00725,"LED streetlight installation along Bazaar Road road, PUNE",453793.84,-2.0755284999146224,0.3333333333333333,0.9540486264672379,4.12713906241352,0
WS/10863/2023/00698,"Multipurpose community centre building at Gandhi Chowk panchayat, JAMMU",3547901.96,22.45523821553378,0.14285714285714285,0.9607778588738911,4.126516554958338,0
WS/18232/2023/00142,"Construction of community hall at Ram Nagar, PUNE",1804620.86,-36.892016855127046,0.375,0.9657666711369393,4.118472451348063,0
WS/43039/2023/00920,Construction of concrete road from Panchayat Bhavan Marg to Shanti Nagar in HOWRAH,1159537.91,-31.929921353774326,0.3,0.9412576937742354,4.118095421428324,0
WS/98117/2025/00074,Construction of concrete road from Nehru Path to Bazaar Road in KANTHI,955255.71,-37.42518657508293,0.3,0.9316794285313943,4.113205802896634,0
WS/25264/2023/00686,"Multipurpose community centre building at Shanti Nagar panchayat, MURSHIDABAD",3424302.87,41.99129170289927,0.14285714285714285,0.9583097539391608,4.112731528019641,0
WS/99300/2023/00671,"Solar street light at Panchayat Bhavan Marg chowk parisar, TAMLUK",274338.77,-13.007139826571587,0.2857142857142857,0.9748440580957247,4.110129610888908,0
WS/35106/2025/00617,"Installation of streetlights at Nehru Path chowk, LUCKNOW",180751.67,-3.2857707046932196,0.14285714285714285,0.9473095045410025,4.103462318660869,0
WS/66881/2024/00087,"Installation of handpump at Ram Nagar village, BADAUN",679079.7,-5.576553230094503,0.3333333333333333,0.9591069393119362,4.1031364884109465,0
WS/41407/2025/00723,"Construction of community hall at Bazaar Road, SRINAGAR",2438782.9,-21.76724101600629,0.2,0.9058204971725334,4.099145385715029,0
WS/44099/2025/00051,"Installation of handpump at Subhash Nagar village, BADAUN",500028.94,-30.47287969364675,0.1111111111111111,0.9591069393119362,4.094820213117904,0
WS/85989/2023/00616,"Installation of handpump at Vivekanand Marg village, LUCKNOW",446073.57,-24.483794313358814,0.1111111111111111,0.9212282145984991,4.093569500799681,0
WS/34688/2024/00327,"Installation of handpump at Shanti Nagar village, PUNE",427595.95,-44.785476697023014,0.2857142857142857,0.9484189387626722,4.088234762384335,0
WS/78920/2024/00457,"Covered drain construction from Bazaar Road to Kisan Nagar, BARAMULLAH",388878.23,-45.33170366111542,0.2857142857142857,0.9463759333099142,4.088234762384335,0
WS/27601/2024/00028,Construction of concrete road from Nehru Path to Ram Nagar in VARANASI,1935367.45,-5.60033366360765,0.25,0.919603906723325,4.083781504597715,0
WS/37490/2025/00638,"Multipurpose community centre building at Vivekanand Marg panchayat, ATTINGAL",1668174.44,-23.219918212725258,0.16666666666666666,0.9570978138418309,4.082466770831063,0
WS/99592/2023/00765,"Installation of streetlights at Nehru Path chowk, PUNE",240137.97,-48.180469352882014,0.3333333333333333,0.9370569488848637,4.080471557456254,0
WS/38752/2024/00400,Construction of concrete road from Subhash Nagar to Bazaar Road in BADAUN,1168208.81,-6.651131066600906,0.16666666666666666,0.970840141762367,4.074706400831009,0
WS/77844/2023/00464,"Repair and renovation of Govt. School building at Shanti Nagar, PATNA_SAHIB",400273.88,-71.70153886016499,0.2857142857142857,0.9285496227535306,4.06896037202442,0
WS/60986/2024/00774,Construction of concrete road from Gandhi Chowk to Shanti Nagar in HOWRAH,1019534.04,-40.1487767784115,0.1,0.960340988446184,4.067980405562665,0
WS/88504/2024/00013,"Installation of streetlights at Vivekanand Marg chowk, KOTTAYAM",239510.0,-34.68321358589158,0.1111111111111111,0.9553438078514327,4.066792466586221,0
WS/76954/2023/00243,"CC road construction at Subhash Nagar ward, IDUKKI",1205573.63,-4.788633131562063,0.3333333333333333,0.9633062248459112,4.064014816819201,0
WS/54597/2025/00003,"Repair and renovation of Govt. School building at Nehru Path, ERNAKULAM",1224971.96,31.11583305414833,0.1111111111111111,0.936764120488756,4.054758019905055,0
WS/19643/2025/00947,"Repair and renovation of Govt. School building at Ambedkar Colony, AURANGABAD_MH",540940.41,-55.82177271654584,0.42857142857142855,0.9488632040160846,4.054228937878335,0
WS/16256/2025/00706,"Solar street light at Panchayat Bhavan Marg chowk parisar, BADAUN",230542.6,-17.85460043433881,0.13636363636363635,0.9601244627479679,4.050905762928088,0
WS/32871/2023/00104,"Construction of community hall at Ram Nagar, JAMMU",3646015.32,25.8416043007247,0.14285714285714285,0.9539146123300419,4.050405999711272,0
WS/26090/2024/00623,"Multipurpose community centre building at Gandhi Chowk panchayat, IDUKKI",3938018.74,28.71496664851908,0.14285714285714285,0.9542247739042782,4.050405999711272,0
WS/38199/2024/00168,Construction of concrete road from Bazaar Road to Vivekanand Marg in KANTHI,953083.46,-37.56748160356517,0.2,0.8851244856387193,4.045816555300643,0
WS/25324/2023/00593,"Construction of community hall at Andouli, LUCKNOW",1955701.28,-6.788878439641604,0.14285714285714285,0.9015733867878011,4.03220574626757,0
WS/73699/2025/00014,"Construction of drainage/nala near Ram Nagar area, PUNE",352132.65,-50.79340891245629,0.16666666666666666,0.9252648681578467,4.029910884012191,0
WS/66694/2025/00738,"Repair and renovation of Govt. School building at Subhash Nagar, ERNAKULAM",1297352.8,38.86317294734803,0.1111111111111111,0.9403632828575246,4.025556421905228,0
WS/58777/2025/00843,"Installation of streetlights at Bazaar Road chowk, ERNAKULAM",241693.3,-34.571061012173686,0.125,0.93988496250317,4.025381258269203,0
WS/47304/2024/00430,"CC road construction at Vivekanand Marg ward, VARANASI",1499993.54,-26.83617279873959,0.125,0.9460239763684385,4.024843421290917,0
WS/83273/2024/00330,"Covered drain construction from Shanti Nagar to Panchayat Bhavan Marg, JAMMU",564405.65,-32.57024739858792,0.3333333333333333,0.9316687011486203,4.0244453387250365,0
WS/48980/2025/00306,"Installation of handpump at Gandhi Chowk village, BARAMULLAH",587878.7,16.695364497252534,0.1111111111111111,0.9349631142798642,4.024359743343475,0
WS/55068/2025/00594,"Covered drain construction from Shanti Nagar to Vivekanand Marg, KANTHI",484639.83,-46.12624870726407,0.2857142857142857,0.9232927010613353,4.023581645395693,0
WS/61740/2024/00440,"Solar street light at Gandhi Chowk chowk parisar, GAYA",102526.29,-64.48591018513962,0.1111111111111111,0.9242341991628511,4.017443128425228,0
WS/44946/2025/00634,"Multipurpose community centre building at Andouli panchayat, BARAMULLAH",1593444.05,-54.7029155409773,0.3333333333333333,0.9219493428485892,4.011673332878995,0
WS/33149/2023/00557,"Solar street light at Station Road chowk parisar, PUNE",436323.93,36.03427676228616,0.13333333333333333,0.9650150273598512,4.011600838415816,0
WS/94675/2025/00132,"Multipurpose community centre building at Panchayat Bhavan Marg panchayat, JAMMU",2897305.18,0.0,0.14285714285714285,0.97274624877492,4.009880407678151,0
WS/84760/2024/00581,Construction of concrete road from Kisan Nagar to Bazaar Road in JAMMU,1615631.02,1.1190267824773166,0.125,0.875862315742127,4.008202237307454,0
WS/69513/2023/00672,"Solar light installation near Panchayat Bhavan Marg hanuman mandir, GAYA",213238.42,-26.136326596242554,0.1111111111111111,0.9672991704343539,4.005849349794914,0
WS/27888/2023/00781,"Solar street light at Vivekanand Marg chowk parisar, KANTHI",168041.25,-44.18297153512162,0.25,0.953560432801466,4.005267577830102,0
WS/40254/2023/00625,"Solar light installation near Panchayat Bhavan Marg hanuman mandir, VARANASI",259122.16,-6.924491434876027,0.14285714285714285,0.9779138194274071,4.004428017183066,0
WS/26759/2023/00818,"LED streetlight installation along Ambedkar Colony road, ERNAKULAM",237784.63,-35.629179424862606,0.125,0.9505129874095631,3.9994480572986797,0
WS/19171/2025/00038,"Water supply pipeline extension to Panchayat Bhavan Marg area, AURANGABAD_MH",703601.0,21.19126086168242,0.2,0.9813016021506045,3.99894947418489,0
WS/40007/2023/00017,"Covered drain construction from Ram Nagar to Andouli, AURANGABAD_MH",829596.1,-4.059019893286899,0.1111111111111111,0.9067474868580911,3.996752962102633,0
WS/80686/2024/00015,"Installation of streetlights at Kisan Nagar chowk, JAMMU",224307.13,-37.90979426913438,0.18181818181818182,0.9539190102708874,3.996499419129254,0
WS/49602/2024/00325,"Construction of additional classroom at Panchayat Bhavan Marg school, KOTTAYAM",1592220.64,-1.3527838686470757,0.25,0.961855088988169,3.993551185726584,0
WS/84345/2025/00525,"Construction of community hall at Vivekanand Marg, HOWRAH",2020595.36,-14.238332738427417,0.2222222222222222,0.9009633483865489,3.989262467389897,0
WS/70811/2023/00125,"Solar street light at Bazaar Road chowk parisar, BARAMULLAH",365703.33,30.21294982164872,0.16666666666666666,0.9655799113766935,3.980176685268799,0
WS/70901/2025/00044,"LED streetlight installation along Panchayat Bhavan Marg road, ERNAKULAM",262139.23,-29.036130972659276,0.125,0.9566720021914004,3.9741151897197122,0
WS/92665/2024/00677,"Solar light installation near Subhash Nagar hanuman mandir, KANPUR",247887.72,-5.451712991646848,0.16666666666666666,0.9819943043458764,3.9694411440728494,0
WS/40154/2024/00573,"Installation of streetlights at Ram Nagar chowk, NANDURBAR(ST)",410892.8,-5.2024695823851115,0.3333333333333333,0.9647545699534773,3.9674853575778775,0
WS/37636/2023/00729,"Water supply pipeline extension to Bazaar Road area, AURANGABAD_BR",286083.88,-51.476779143249416,0.1111111111111111,0.9315341001978883,3.9626454542932383,0
WS/28661/2023/00279,Construction of concrete road from Kisan Nagar to Nehru Path in NAGPUR,1148830.43,-28.5649616936023,0.125,0.9679592162474074,3.9613348025871997,0
WS/42768/2023/00137,"LED streetlight installation along Andouli road, PATNA_SAHIB",338397.37,-18.24135349688605,0.14285714285714285,0.9681247643456536,3.9534380489217416,0
WS/11850/2024/00658,"Covered drain construction from Kisan Nagar to Station Road, HOWRAH",380155.14,-46.540436771734036,0.14285714285714285,0.9180108665461757,3.948708881488542,0
WS/40968/2025/00124,"LED streetlight installation along Ram Nagar road, BADAUN",237256.67,-46.74044286641455,0.14285714285714285,0.9479902587372828,3.948265008524597,0
WS/59081/2023/00197,"Construction of additional classroom at Subhash Nagar school, TAMLUK",651973.86,-36.58683348655231,0.14285714285714285,0.9409041300392689,3.945363455435586,0
WS/54579/2024/00513,"LED streetlight installation along Ambedkar Colony road, BARAMULLAH",161220.65,-44.99503022787598,0.14285714285714285,0.9411559813256394,3.945363455435586,0
WS/59998/2023/00744,"CC road construction at Subhash Nagar ward, PUNE",973106.89,-34.72462408213399,0.16666666666666666,0.9360615536813331,3.939285428377018,0
WS/37470/2025/00768,"Solar light installation near Ambedkar Colony hanuman mandir, ERNAKULAM",130056.55,-50.77090004564015,0.125,0.9582247430788373,3.934406774070277,0
WS/28102/2025/00484,"Installation of streetlights at Nehru Path chowk, VARANASI",209297.46,-43.51461892733121,0.16666666666666666,0.937290044591568,3.9336036101952,0
WS/93422/2025/00710,"LED streetlight installation along Subhash Nagar road, KANPUR",500471.12,30.50216728889544,0.3,0.9766787529132306,3.931291734355312,0
WS/85132/2024/00746,"CC road construction at Shanti Nagar ward, KANTHI",974572.41,-36.15983020418502,0.3,0.9444368257466417,3.9312521139820014,0
WS/57826/2024/00951,"Installation of streetlights at Ram Nagar chowk, AURANGABAD_MH",160367.18,-57.19451145885736,0.2857142857142857,0.9583404558870001,3.930084435023366,0
WS/31596/2023/00588,"CC road construction at Nehru Path ward, SRINAGAR",1464160.25,-21.458677058177145,0.14285714285714285,0.9543315118196722,3.9294945158389916,0
WS/62941/2024/00555,"Repair and renovation of Govt. School building at Kisan Nagar, JAMMU",1204496.35,-9.083217217518493,0.14285714285714285,0.9671684446613347,3.928258358754646,0
WS/69596/2024/00494,"Construction of additional classroom at Ram Nagar school, HOWRAH",434876.96,-69.8808138182318,0.2857142857142857,0.9443693066840795,3.927460973389185,0
WS/64596/2025/00589,"Solar light installation near Panchayat Bhavan Marg hanuman mandir, SRINAGAR",171489.66,-34.56062019055952,0.1111111111111111,0.9784732683642823,3.9225706134808234,0
WS/45811/2025/00148,"Multipurpose community centre building at Ram Nagar panchayat, AURANGABAD_BR",2392435.44,-34.7848327021993,0.23076923076923078,0.9613700652000439,3.9155729844875045,0
WS/72784/2025/00882,"Repair and renovation of Govt. School building at Ram Nagar, KANPUR",724412.4,-37.747274235135684,0.1,0.9676046704852843,3.9140509501071703,0
WS/70693/2025/00856,"Construction of drainage/nala near Bazaar Road area, AURANGABAD_MH",1130750.73,30.76885642613474,0.1111111111111111,0.9400533561871948,3.9111760274453755,0
WS/86810/2024/00297,"Solar street light at Ram Nagar chowk parisar, LUCKNOW",284203.21,-2.090254712494901,0.3333333333333333,0.9896933444050898,3.9095210334489887,0
WS/84991/2025/00163,"CC road construction at Subhash Nagar ward, BADAUN",877285.07,-29.898175466886062,0.3333333333333333,0.9565302583926415,3.9060019488374462,0
WS/73068/2025/00798,"Multipurpose community centre building at Ram Nagar panchayat, LUCKNOW",2941054.58,40.174268317720184,0.14285714285714285,0.9613700652000439,3.895997826029311,0
WS/88134/2023/00519,"CC road construction at Bazaar Road ward, NAGPUR",1452119.39,-9.706252949695228,0.25,0.9178932010027189,3.895420151570522,0
WS/86689/2025/00574,"Solar street light at Ambedkar Colony chowk parisar, NANDURBAR(ST)",169984.54,-47.00331022488291,0.13333333333333333,0.9477004357731367,3.8887778290374175,0
WS/91937/2023/00450,"Solar street light at Andouli chowk parisar, IDUKKI",131317.97,-59.51781370125547,0.2857142857142857,0.9462363453790263,3.8828563202042177,0
WS/19556/2024/00742,"Construction of additional classroom at Bazaar Road school, AURANGABAD_BR",733702.9,-10.126852072225038,0.1111111111111111,0.936947326936823,3.879570212816679,0
WS/96858/2023/00391,"Repair and renovation of Govt. School building at Gandhi Chowk, KOTTAYAM",1101572.44,-31.751258686722082,0.125,0.9601764434312274,3.872407115185551,0
WS/68929/2023/00166,"Installation of streetlights at Gandhi Chowk chowk, SRINAGAR",197782.77,-56.01929982540721,0.09090909090909091,0.9448610944611141,3.8699616896420124,0
WS/46977/2024/00443,"Covered drain construction from Nehru Path to Shanti Nagar, SRINAGAR",344668.87,-46.23586405482996,0.2857142857142857,0.9378719995935105,3.869955795845602,0
WS/42150/2023/00719,"Water supply pipeline extension to Kisan Nagar area, BADAUN",855327.27,18.930000336769886,0.1111111111111111,0.9349563402787376,3.8633324004389227,0
WS/50173/2023/00150,"Multipurpose community centre building at Ambedkar Colony panchayat, MURSHIDABAD",2303028.57,-4.50318973012427,0.14285714285714285,0.9561193507502614,3.8571679775681793,0
WS/62642/2024/00597,"Widening and strengthening of road near Bazaar Road village, ATTINGAL",1037019.6,-8.681705674794609,0.2,0.9049090965649569,3.8421430273428077,0
WS/47196/2024/00041,"Water supply pipeline extension to Station Road area, HOWRAH",349590.98,-51.054393412759424,0.1111111111111111,0.8816799008406264,3.8404288096226216,0
WS/39156/2024/00795,"Multipurpose community centre building at Bazaar Road panchayat, NANDURBAR(ST)",2105622.46,-25.534191477196554,0.16666666666666666,0.9555658307838604,3.8395539856157144,0
WS/23937/2024/00563,"Solar light installation near Ram Nagar hanuman mandir, ATTINGAL",377793.99,40.50308790013754,0.2,0.9855287842649847,3.8382893433297123,0
WS/59250/2024/00793,Construction of concrete road from Gandhi Chowk to Panchayat Bhavan Marg in JAMMU,1033844.32,-35.29380768946115,0.25,0.9423655833742135,3.8202955044503244,0
WS/36145/2025/00916,"Installation of handpump at Subhash Nagar village, HOWRAH",275843.83,-61.379599717653846,0.3333333333333333,0.9299413719956974,3.819066896544918,0
WS/92155/2025/00086,"Solar light installation near Kisan Nagar hanuman mandir, KANPUR",214997.96,-17.99638631437479,0.16666666666666666,0.9834086491327259,3.8173742463223173,0
WS/83563/2023/00002,"CC road construction at Gandhi Chowk ward, KANPUR",959281.91,-39.77254903068735,0.16666666666666666,0.9646941358493468,3.813129119566817,0
WS/77632/2023/00238,"Solar light installation near Shanti Nagar hanuman mandir, ATTINGAL",220077.28,-18.152384010494234,0.2,0.9855287842649847,3.80819499107983,0
WS/33038/2025/00388,"Repair and renovation of Govt. School building at Panchayat Bhavan Marg, KOTTAYAM",1023501.16,-36.5882230108445,0.125,0.9671656357891996,3.796619736232789,0
WS/95990/2025/00131,"Multipurpose community centre building at Kisan Nagar panchayat, PATNA_SAHIB",1703754.97,-35.308367510096794,0.25,0.9476210641554399,3.7706657256372162,0
WS/15504/2023/00449,"Solar street light at Bazaar Road chowk parisar, AURANGABAD_BR",196635.02,-34.06020076534894,0.3333333333333333,0.9655799113766935,3.7703508180043768,0
WS/86015/2025/00766,"Solar street light at Panchayat Bhavan Marg chowk parisar, KOTTAYAM",204815.95,-30.220055790308244,0.1111111111111111,0.9776944511016024,3.7598722007824112,0
WS/58434/2025/00027,"LED streetlight installation along Nehru Path road, AURANGABAD_MH",269340.19,-28.107244782166894,0.14285714285714285,0.938170805383564,3.7597648807559834,0
WS/33002/2024/00188,"Water supply pipeline extension to Bazaar Road area, IDUKKI",435978.53,-7.841232894749435,0.14285714285714285,0.9088911159538382,3.755474361035349,0
WS/13809/2025/00572,Construction of concrete road from Ambedkar Colony to Station Road in KANPUR,2058708.7,29.253742822427846,0.16666666666666666,0.8265438446129432,3.7514087445465694,0
WS/84972/2023/00717,"Water supply pipeline extension to Panchayat Bhavan Marg area, BADAUN",394162.57,-45.1931953685493,0.3333333333333333,0.9457036852999559,3.7084166739487694,0
WS/78657/2024/00495,"CC road construction at Kisan Nagar ward, IDUKKI",994080.4,-21.491519633584268,0.3333333333333333,0.9685101565129046,3.704892389475219,0
WS/76244/2025/00029,"Construction of community hall at Ambedkar Colony, IDUKKI",3012074.57,-1.5497123255430711,0.2857142857142857,0.9040736351614531,3.7029732255378525,0
WS/27510/2025/00896,"Multipurpose community centre building at Ram Nagar panchayat, ATTINGAL",1507165.26,-30.630592847508677,0.3333333333333333,0.9432508600418961,3.6988076532354466,0
WS/23894/2025/00898,"Installation of handpump at Panchayat Bhavan Marg village, NANDURBAR(ST)",218442.82,-65.62569337041421,0.2857142857142857,0.9282871129973852,3.6953339983980467,0
WS/79922/2023/00647,"Construction of community hall at Vivekanand Marg, NANDURBAR(ST)",2598688.53,-8.09679980076507,0.16666666666666666,0.8859553319240124,3.684813327976248,0
WS/45058/2023/00432,"Widening and strengthening of road near Bazaar Road village, ERNAKULAM",1075399.13,-2.398671662453793,0.25,0.9256564793605427,3.66564229807558,0
WS/73461/2024/00724,"Construction of community hall at Andouli, HOWRAH",1651579.94,-29.90073516244836,0.2222222222222222,0.8910566869103418,3.639372875996699,0
WS/80405/2023/00382,"Covered drain construction from Station Road to Ram Nagar, AURANGABAD_MH",410911.64,-52.47896478918253,0.1111111111111111,0.9032074217671766,3.634891086112038,0
WS/98740/2024/00220,"Widening and strengthening of road near Station Road village, LUCKNOW",1308770.71,-9.282343018914553,0.18181818181818182,0.862215132234838,3.6328712115627866,0
WS/88231/2023/00250,"Solar street light at Station Road chowk parisar, LUCKNOW",172429.95,-40.59682688159209,0.3333333333333333,0.9558024430852116,3.606001948837446,0
WS/44242/2025/00541,"LED streetlight installation along Kisan Nagar road, AURANGABAD_MH",482535.26,28.799156676741983,0.14285714285714285,0.9747261158844298,3.6048146056058807,0
WS/36171/2024/00307,Construction of concrete road from Ram Nagar to Andouli in HOWRAH,1413409.17,-17.026539165764273,0.1,0.9018938841813431,3.5956849165762765,0
WS/48382/2024/00502,"Construction of community hall at Ambedkar Colony, HINGOLI",2421423.56,-5.374203672311156,0.14285714285714285,0.9039212693266783,3.5876357236650844,0
WS/11246/2023/00812,"Construction of community hall at Andouli, PUNE",1574166.63,-44.95105129547186,0.125,0.900409320615734,3.5844143816862495,0
WS/75715/2023/00128,"Solar street light at Shanti Nagar chowk parisar, TAMLUK",300079.84,-4.84464313234046,0.14285714285714285,0.9767141750768595,3.57604087285165,0
WS/28961/2024/00893,"Solar light installation near Ram Nagar hanuman mandir, HOWRAH",123559.77,-59.015157885309556,0.16666666666666666,0.9564764722547223,3.5611987610893827,0
WS/37076/2023/00517,"Covered drain construction from Station Road to Vivekanand Marg, ATTINGAL",441746.41,-12.960847855517658,0.3333333333333333,0.8743932245272417,3.492684975523551,0
WS/63145/2024/00852,"Installation of handpump at Andouli village, NAGPUR",295499.87,-52.9993086839438,0.2857142857142857,0.8541326717566512,3.490231040878258,0
WS/98907/2024/00136,"Covered drain construction from Bazaar Road to Ambedkar Colony, KANTHI",780610.03,-13.22547589034286,0.14285714285714285,0.8611003458423132,3.488560028438238,0
WS/47498/2024/00315,"Covered drain construction from Station Road to Vivekanand Marg, NAGPUR",809934.53,-7.276785432935086,0.22727272727272727,0.9068087462350639,3.4864348911230123,0
WS/59131/2025/00088,Construction of concrete road from Subhash Nagar to Shanti Nagar in MURSHIDABAD,878184.65,-48.60311481922468,0.14285714285714285,0.825075472839629,3.479223000218232,0
WS/96410/2023/00944,"Construction of drainage/nala near Andouli area, AURANGABAD_MH",781875.5,-9.577803232890847,0.4444444444444444,0.9069369452560803,3.4573604244936407,0
WS/59666/2023/00755,"Solar street light at Panchayat Bhavan Marg chowk parisar, BARAMULLAH",191626.01,-31.769316881383723,0.16666666666666666,0.9748627075910399,3.4039836632980722,0
WS/65518/2024/00267,"Solar light installation near Kisan Nagar hanuman mandir, BARAMULLAH",239291.26,-14.797546877303255,0.25,0.9763204921420008,3.3898854714666853,0
WS/47298/2024/00186,"CC road construction at Ambedkar Colony ward, JAMMU",815754.19,-48.943620934854245,0.25,0.9069316474143374,3.3391544546644933,0
WS/38014/2025/00704,"LED streetlight installation along Ram Nagar road, AURANGABAD_BR",300521.82,-17.441643790322058,0.25,0.9829762998844609,3.30524462484388,0
WS/40924/2023/00646,Construction of concrete road from Subhash Nagar to Gandhi Chowk in VARANASI,1204730.65,-41.23794353096872,0.125,0.880406698605098,3.3029621945513976,0
WS/35369/2024/00505,"Solar light installation near Andouli hanuman mandir, KANPUR",162967.53,-37.84161313241978,0.3333333333333333,0.9686206440062382,3.2925741687737644,0
WS/58393/2025/00031,Construction of concrete road from Bazaar Road to Station Road in ERNAKULAM,990185.6,-10.132501352581343,0.15,0.8281344953175109,3.1774489173271276,0
WS/81884/2023/00434,"Covered drain construction from Andouli to Andouli, KOTTAYAM",450219.42,-39.80831271909332,0.25,0.8837582792154486,3.0873398621824917,0
WS/51207/2023/00154,"Solar light installation near Panchayat Bhavan Marg hanuman mandir, PATNA_SAHIB",126909.9,-29.41021972400492,0.15384615384615385,0.9762093356193418,3.06621583770653,0
WS/57516/2023/00170,"Construction of community hall at Station Road, KOTTAYAM",1613105.99,-33.011569132303315,0.3333333333333333,0.8815193348178417,2.9723630988186955,0
WS/29481/2023/00289,"Construction of community hall at Andouli, ERNAKULAM",2036790.26,-12.32124264191264,0.25,0.9037627596091778,2.86928874104878,0
WS/64415/2023/00565,"LED streetlight installation along Shanti Nagar road, AURANGABAD_BR",228051.44,-37.3504658741585,0.125,0.9829762998844609,2.567122166299458,0
