risk_rank,unique_work_number,state,constituency,mp_name,work_category,work_name,sanction_amount,date_of_administrative_approval,expected_completion_date,implementing_agency_name,work_status,peer_median,peer_count,peer_baseline,cost_deviation_pct,cost_risk,contractor_peer_count,contractor_project_count,contractor_concentration,contractor_risk,similar_project_id,similar_project_name,text_similarity,text_similarity_risk,cost_contribution,contractor_contribution,text_similarity_contribution,risk_score,risk_band,anomaly_score,anomaly_flag,top_risk_signal,risk_explanation,rf_anomaly_probability,rf_anomaly_prediction
1,WS/68652/2024/00909,Jammu And Kashmir,JAMMU,ABU TAHER KHAN,Drainage / Nala,"Covered drain construction from Shanti Nagar to Vivekanand Marg, JAMMU",5280276.27,2024-08-26,2025-07-16,Deep Construction Co.,New Recommendation,837027.615,6,constituency + work_category,530.8365668437355,100.0,6,2,0.3333333333333333,33.33333333333333,WS/83273/2024/00330,"Covered drain construction from Shanti Nagar to Panchayat Bhavan Marg, JAMMU",0.9120503493473038,91.20503493473038,45.0,9.999999999999998,22.801258733682594,77.8012587336826,High,99.89888776541962,True,Cost Anomaly,Sanction amount is 530.8% above the constituency + work_category peer median.,73.12806097227677,1
2,WS/20322/2024/00908,Maharashtra,AURANGABAD_MH,PRIYA VERMA,Solar Light Installation,"Solar light installation near Panchayat Bhavan Marg hanuman mandir, AURANGABAD_MH",1470341.76,2024-01-23,2024-06-13,National Builders & Contractors,Sanctioned,358807.4,9,constituency + work_category,309.7857959451226,100.0,9,2,0.2222222222222222,22.22222222222222,WS/79501/2024/00545,"Solar light installation near Panchayat Bhavan Marg hanuman mandir, AURANGABAD_BR",0.9972956045408594,99.72956045408594,45.0,6.666666666666666,24.932390113521485,76.59905678018815,High,99.29221435793731,True,Cost Anomaly,Sanction amount is 309.8% above the constituency + work_category peer median.,80.28230044641701,1
3,WS/14050/2025/00981,Kerala,ATTINGAL,ABU TAHER KHAN,Solar Light Installation,"Solar light installation near Andouli hanuman mandir, VARANASI",1598771.73,2025-02-04,2025-06-16,New India Construction Co.,Sanctioned,268886.61,5,constituency + work_category,494.5895669553795,100.0,5,1,0.2,20.0,WS/24779/2024/00980,"Solar light installation near Andouli hanuman mandir, VARANASI",0.9999999999999999,99.99999999999999,45.0,6.0,24.999999999999996,76.0,High,99.79777553083923,True,Cost Anomaly,Sanction amount is 494.6% above the constituency + work_category peer median.,66.21187722218761,1
4,WS/57540/2024/00904,West Bengal,MURSHIDABAD,ABDUL RASHID SHEIKH,Water Supply / Handpump,"Installation of handpump at Bazaar Road village, MURSHIDABAD",2240447.61,2024-01-02,2024-04-26,Om Sai Infra Pvt Ltd,Completed,400792.35,11,constituency + work_category,459.00458429408644,100.0,11,2,0.18181818181818182,18.181818181818183,WS/42728/2023/00420,"Installation of handpump at Bazaar Road village, MURSHIDABAD",1.0000000000000004,100.0,45.0,5.454545454545455,25.0,75.45454545454545,High,99.69666329625885,True,Cost Anomaly,Sanction amount is 459.0% above the constituency + work_category peer median.,57.867764291482736,1
5,WS/97706/2023/00915,Jammu And Kashmir,BARAMULLAH,ADV GOWAAL KAGADA PADAVI,Streetlight Installation,"LED streetlight installation along Ram Nagar road, BARAMULLAH",1133939.13,2023-06-14,2023-12-05,Sri Lakshmi Contractors,Sanctioned,293101.97,7,constituency + work_category,286.87530145225566,95.62510048408522,7,2,0.2857142857142857,28.57142857142857,WS/38014/2025/00704,"LED streetlight installation along Ram Nagar road, AURANGABAD_BR",0.9526117300165586,95.26117300165586,43.03129521783835,8.571428571428571,23.815293250413966,75.41801703968088,High,99.19110212335693,True,Cost Anomaly,Sanction amount is 286.9% above the constituency + work_category peer median.,81.90671894819208,1
6,WS/24779/2024/00980,Bihar,PATNA_SAHIB,MEERA IYER,Solar Light Installation,"Solar light installation near Andouli hanuman mandir, VARANASI",2207174.11,2024-02-03,2024-09-20,United Rural Builders,Sanctioned,179785.09,13,constituency + work_category,1127.6736129786957,100.0,13,2,0.15384615384615385,15.384615384615385,WS/14050/2025/00981,"Solar light installation near Andouli hanuman mandir, VARANASI",0.9999999999999999,99.99999999999999,45.0,4.615384615384615,24.999999999999996,74.61538461538461,High,100.0,True,Cost Anomaly,Sanction amount is 1127.7% above the constituency + work_category peer median.,62.76242778261631,1
7,WS/82129/2024/00971,Jammu And Kashmir,SRINAGAR,AASHTIKAR PATIL NAGESH BAPURAO,Solar Light Installation,"Solar street light at Subhash Nagar chowk parisar, BARAMULLAH",1326639.71,2024-07-07,2025-03-04,Bharat Infra Solutions,Completed,262058.81,9,constituency + work_category,406.23740144435516,100.0,9,1,0.1111111111111111,11.11111111111111,WS/58467/2024/00972,"Solar street light at Subhash Nagar chowk parisar, BARAMULLAH",1.0,100.0,45.0,3.333333333333333,25.0,73.33333333333334,High,99.59555106167846,True,Cost Anomaly,Sanction amount is 406.2% above the constituency + work_category peer median.,69.5511039314078,1
8,WS/69612/2025/00911,Maharashtra,HINGOLI,ABU TAHER KHAN,Community Hall,"Multipurpose community centre building at Vivekanand Marg panchayat, HINGOLI",12663789.2,2025-12-18,2026-04-01,Metro Civil Works Pvt Ltd,Completed,2558946.56,7,constituency + work_category,394.88290994244124,100.0,7,1,0.14285714285714285,14.285714285714285,WS/25389/2025/00191,"Multipurpose community centre building at Panchayat Bhavan Marg panchayat, HINGOLI",0.9433826618638281,94.33826618638281,45.0,4.285714285714286,23.584566546595703,72.87028083230999,High,99.49443882709808,True,Cost Anomaly,Sanction amount is 394.9% above the constituency + work_category peer median.,70.4585711627148,1
9,WS/42088/2025/00914,Bihar,AURANGABAD_BR,SANJAY DESHMUKH,Community Hall,"Construction of community hall at Kisan Nagar, AURANGABAD_BR",13905577.07,2025-02-27,2025-05-19,Jai Hind Infrastructure,Completed,3668526.11,13,constituency + work_category,279.0507864205988,93.01692880686626,13,2,0.15384615384615385,15.384615384615385,WS/31090/2023/00304,"Construction of community hall at Kisan Nagar, AURANGABAD_BR",1.0000000000000004,100.0,41.857617963089815,4.615384615384615,25.0,71.47300257847442,High,99.08998988877654,True,Cost Anomaly,Sanction amount is 279.1% above the constituency + work_category peer median.,71.47311757506839,1
10,WS/72575/2024/00903,Uttar Pradesh,BADAUN,ADV ADOOR PRAKASH,Solar Light Installation,"Solar street light at Vivekanand Marg chowk parisar, BADAUN",1256885.47,2024-10-24,2025-10-28,Om Sai Infra Pvt Ltd,Sanctioned,280651.87,22,state + work_category,347.845036628475,100.0,22,2,0.09090909090909091,9.090909090909092,WS/67780/2024/00913,"Solar street light at Vivekanand Marg chowk parisar, AURANGABAD_MH",0.9408881203832832,94.08881203832831,45.0,2.7272727272727275,23.52220300958208,71.2494757368548,High,99.3933265925177,True,Cost Anomaly,Sanction amount is 347.8% above the state + work_category peer median.,73.092194702787,1
11,WS/26401/2023/00902,Uttar Pradesh,VARANASI,ANITA JOSHI,Drainage / Nala,"Covered drain construction from Kisan Nagar to Gandhi Chowk, VARANASI",2224512.91,2023-09-08,2024-03-25,Om Sai Infra Pvt Ltd,Sanctioned,655737.06,5,constituency + work_category,239.23855241611628,79.74618413870543,5,1,0.2,20.0,WS/49507/2024/00119,"Covered drain construction from Gandhi Chowk to Shanti Nagar, VARANASI",0.9594596810106543,95.94596810106543,35.88578286241744,6.0,23.986492025266358,65.8722748876838,High,98.88776541961577,True,Cost Anomaly,Sanction amount is 239.2% above the constituency + work_category peer median.,50.77416165242518,1
12,WS/76005/2023/00907,Uttar Pradesh,LUCKNOW,ADV K FRANCIS GEORGE,Water Supply / Handpump,"Installation of handpump at Ram Nagar village, LUCKNOW",1966820.05,2023-08-11,2023-11-28,New India Construction Co.,Sanctioned,590699.13,9,constituency + work_category,232.96477853285475,77.65492617761825,9,1,0.1111111111111111,11.11111111111111,WS/76074/2023/00361,"Installation of handpump at Subhash Nagar village, LUCKNOW",0.9655021914155757,96.55021914155756,34.944716779928214,3.333333333333333,24.13755478538939,62.41560489865094,High,98.98887765419616,True,Cost Anomaly,Sanction amount is 233.0% above the constituency + work_category peer median.,36.51407721853751,0
13,WS/11111/2023/00906,Maharashtra,AURANGABAD_MH,ABDUL RASHID SHEIKH,Solar Light Installation,"Solar street light at Vivekanand Marg chowk parisar, AURANGABAD_MH",1052914.34,2023-05-20,2023-12-27,Om Sai Infra Pvt Ltd,New Recommendation,358807.4,9,constituency + work_category,193.4483346776014,64.48277822586714,9,1,0.1111111111111111,11.11111111111111,WS/67780/2024/00913,"Solar street light at Vivekanand Marg chowk parisar, AURANGABAD_MH",1.0,100.0,29.017250201640213,3.333333333333333,25.0,57.350583534973545,Medium,98.78665318503539,True,Cost Anomaly,Sanction amount is 193.4% above the constituency + work_category peer median.,75.14256048051031,1
14,WS/33255/2024/00402,Maharashtra,HINGOLI,ADITYA YADAV,Streetlight Installation,"Installation of streetlights at Ambedkar Colony chowk, HINGOLI",536816.26,2024-08-29,2025-05-30,National Builders & Contractors,Completed,321625.92,7,constituency + work_category,66.90702664760354,22.302342215867846,7,4,0.5714285714285714,57.14285714285714,WS/37479/2023/00231,"Installation of streetlights at Ambedkar Colony chowk, AURANGABAD_BR",0.944587391877999,94.4587391877999,10.036053997140531,17.142857142857142,23.614684796949977,50.79359593694765,Medium,98.48331648129424,True,Text Similarity,Project description has 0.94 semantic similarity with project WS/37479/2023/00231.,9.120070589337422,0
15,WS/29975/2024/00910,Bihar,GAYA,SANJAY DESHMUKH,Water Supply / Handpump,"Water supply pipeline extension to Bazaar Road area, GAYA",1929022.43,2024-05-01,2024-10-30,Ganesh Engineering Works,Completed,792124.59,5,constituency + work_category,143.52512904567197,47.841709681890656,5,1,0.2,20.0,WS/70994/2023/00584,"Water supply pipeline extension to Bazaar Road area, ATTINGAL",0.9125061928796778,91.25061928796778,21.528769356850795,6.0,22.812654821991945,50.34142417884274,Medium,97.16885743174925,True,Text Similarity,Project description has 0.91 semantic similarity with project WS/70994/2023/00584.,30.1117928269314,0
16,WS/61435/2025/00445,Kerala,ATTINGAL,ADV K FRANCIS GEORGE,Road Construction,"Widening and strengthening of road near Ram Nagar village, ATTINGAL",2234028.71,2025-11-30,2026-04-13,Shree Balaji Construction Co.,New Recommendation,1135609.91,5,constituency + work_category,96.72501008731072,32.24167002910357,5,2,0.4,40.0,WS/57537/2023/00101,"Widening and strengthening of road near Ram Nagar village, KANPUR",0.9267415314476126,92.67415314476126,14.508751513096605,12.0,23.168538286190316,49.677289799286925,Medium,97.87664307381193,True,Text Similarity,Project description has 0.93 semantic similarity with project WS/57537/2023/00101.,9.645741492561347,0
17,WS/97679/2025/00373,Bihar,AURANGABAD_BR,ANITA JOSHI,School Building Repair,"Repair and renovation of Govt. School building at Vivekanand Marg, AURANGABAD_BR",1795283.52,2025-07-22,2026-08-18,Shree Balaji Construction Co.,Completed,816376.1,9,constituency + work_category,119.9088777831688,39.96962592772294,9,2,0.2222222222222222,22.22222222222222,WS/47649/2025/00184,"Repair and renovation of Govt. School building at Vivekanand Marg, AURANGABAD_MH",0.9974396825409069,99.74396825409069,17.986331667475323,6.666666666666666,24.935992063522672,49.58899039766466,Medium,96.8655207280081,True,Text Similarity,Project description has 1.00 semantic similarity with project WS/47649/2025/00184.,22.797463936994507,0
18,WS/30677/2023/00566,Uttar Pradesh,LUCKNOW,MEERA IYER,Drainage / Nala,"Construction of drainage/nala near Andouli area, LUCKNOW",1133107.98,2023-05-12,2023-09-17,Om Sai Infra Pvt Ltd,Sanctioned,472536.05,5,constituency + work_category,139.79291738693797,46.597639128979324,5,1,0.2,20.0,WS/96410/2023/00944,"Construction of drainage/nala near Andouli area, AURANGABAD_MH",0.8928769272530133,89.28769272530133,20.968937608040697,6.0,22.32192318132533,49.29086078936603,Medium,97.97775530839232,True,Text Similarity,Project description has 0.89 semantic similarity with project WS/96410/2023/00944.,26.832957444836826,0
19,WS/50737/2025/00823,Kerala,ATTINGAL,RAJESH KUMAR SHARMA,Drainage / Nala,"Construction of drainage/nala near Andouli area, ATTINGAL",1067997.28,2025-12-02,2026-08-13,Jai Hind Infrastructure,Completed,507526.095,12,constituency + work_category,110.43199364950883,36.810664549836275,12,4,0.3333333333333333,33.33333333333333,WS/96410/2023/00944,"Construction of drainage/nala near Andouli area, AURANGABAD_MH",0.9069369452560803,90.69369452560802,16.564799047426323,9.999999999999998,22.673423631402006,49.23822267882832,Medium,98.38220424671385,True,Text Similarity,Project description has 0.91 semantic similarity with project WS/96410/2023/00944.,13.072042264138503,0
20,WS/24131/2025/00614,Kerala,ATTINGAL,ABHAY KUMAR SINHA,Road Construction,"CC road construction at Andouli ward, ATTINGAL",2116976.92,2025-05-15,2026-02-19,Shree Balaji Construction Co.,Ongoing,1135609.91,5,constituency + work_category,86.41761588713153,28.80587196237718,5,2,0.4,40.0,WS/73886/2025/00858,"CC road construction at Andouli ward, HOWRAH",0.9204404560379658,92.04404560379658,12.962642383069731,12.0,23.011011400949144,47.97365378401888,Medium,97.57330637007078,True,Text Similarity,Project description has 0.92 semantic similarity with project WS/73886/2025/00858.,7.324167123085652,0
21,WS/57622/2024/00636,Bihar,PATNA_SAHIB,ANITA JOSHI,Solar Light Installation,"Solar street light at Subhash Nagar chowk parisar, PATNA_SAHIB",367716.37,2024-03-13,2024-08-05,Jai Hind Infrastructure,New Recommendation,179785.09,13,constituency + work_category,104.53107095810894,34.84369031936965,13,3,0.23076923076923078,23.076923076923077,WS/84946/2024/00083,"Solar street light at Subhash Nagar chowk parisar, PATNA_SAHIB",1.0,100.0,15.679660643716343,6.9230769230769225,25.0,47.602737566793266,Medium,95.65217391304348,True,Text Similarity,Project description has 1.00 semantic similarity with project WS/84946/2024/00083.,73.38331902436308,1
22,WS/93674/2023/00905,Jammu And Kashmir,SRINAGAR,ADHIKARI SOUMENDU,Road Construction,"Widening and strengthening of road near Andouli village, SRINAGAR",4471498.52,2023-04-12,2023-11-16,Ganesh Engineering Works,Ongoing,1864190.97,7,constituency + work_category,139.86268531276062,46.62089510425354,7,1,0.14285714285714285,14.285714285714285,WS/15759/2024/00789,"Widening and strengthening of road near Ram Nagar village, SRINAGAR",0.8846737542738403,88.46737542738403,20.979402796914094,4.285714285714286,22.116843856846007,47.38196093947438,Medium,98.17997977755309,True,Text Similarity,Project description has 0.88 semantic similarity with project WS/15759/2024/00789.,26.209361973718178,0
23,WS/22648/2023/00615,Uttar Pradesh,BADAUN,VIKRAM SINGH RATHORE,Road Construction,Construction of concrete road from Ram Nagar to Bazaar Road in BADAUN,2344499.81,2023-05-15,2023-08-16,Bharat Infra Solutions,Completed,1251443.99,6,constituency + work_category,87.34356701013843,29.11452233671281,6,2,0.3333333333333333,33.33333333333333,WS/38752/2024/00400,Construction of concrete road from Subhash Nagar to Bazaar Road in BADAUN,0.970840141762367,97.08401417623669,13.101535051520765,9.999999999999998,24.271003544059173,47.37253859557994,Medium,94.94438827098078,True,Text Similarity,Project description has 0.97 semantic similarity with project WS/38752/2024/00400.,7.119323734462187,0
24,WS/43557/2023/00912,Jammu And Kashmir,BARAMULLAH,ADV DEAN KURIAKOSE,Community Hall,"Construction of community hall at Ambedkar Colony, BARAMULLAH",6791111.94,2023-10-01,2024-07-22,Bharat Infra Solutions,Sanctioned,3517762.94,6,constituency + work_category,93.05200651184302,31.017335503947674,6,2,0.3333333333333333,33.33333333333333,WS/41850/2023/00018,"Construction of community hall at Ambedkar Colony, AURANGABAD_MH",0.9110539682762739,91.10539682762739,13.957800976776454,9.999999999999998,22.776349206906847,46.7341501836833,Medium,97.06774519716885,True,Text Similarity,Project description has 0.91 semantic similarity with project WS/41850/2023/00018.,8.456080484689883,0
25,WS/79550/2024/00815,Bihar,AURANGABAD_BR,AASHTIKAR PATIL NAGESH BAPURAO,School Building Repair,"Repair and renovation of Govt. School building at Nehru Path, AURANGABAD_BR",1618758.12,2024-05-16,2024-09-24,Shree Balaji Construction Co.,Completed,816376.1,9,constituency + work_category,98.28582928873104,32.76194309624368,9,2,0.2222222222222222,22.22222222222222,WS/36972/2024/00240,"Repair and renovation of Govt. School building at Nehru Path, AURANGABAD_MH",0.9969677988881975,99.69677988881975,14.742874393309656,6.666666666666666,24.924194972204937,46.33373603218126,Medium,93.62992922143579,True,Text Similarity,Project description has 1.00 semantic similarity with project WS/36972/2024/00240.,11.70203127396028,0
26,WS/40704/2024/00734,Kerala,KOTTAYAM,ADITYA YADAV,Road Construction,Construction of concrete road from Ambedkar Colony to Vivekanand Marg in KOTTAYAM,2187677.4,2024-12-31,2025-08-03,Deep Construction Co.,Ongoing,1037620.92,5,constituency + work_category,110.83589949208039,36.945299830693465,5,1,0.2,20.0,WS/20142/2023/00946,Construction of concrete road from Ambedkar Colony to Vivekanand Marg in AURANGABAD_MH,0.9322898286377124,93.22898286377124,16.62538492381206,6.0,23.30724571594281,45.93263063975487,Medium,88.97876643073812,False,Text Similarity,Project description has 0.93 semantic similarity with project WS/20142/2023/00946.,15.117901349707171,0
27,WS/59160/2024/00463,Bihar,PATNA_SAHIB,SANJAY DESHMUKH,Solar Light Installation,"Solar street light at Station Road chowk parisar, PATNA_SAHIB",354053.69,2024-12-14,2025-06-15,Jai Hind Infrastructure,Ongoing,179785.09,13,constituency + work_category,96.93161985790924,32.31053995263641,13,3,0.23076923076923078,23.076923076923077,WS/72835/2025/00207,"Solar street light at Gandhi Chowk chowk parisar, PATNA_SAHIB",0.9570551373249487,95.70551373249488,14.539742978686386,6.9230769230769225,23.92637843312372,45.38919833488703,Medium,86.34984833164813,False,Text Similarity,Project description has 0.96 semantic similarity with project WS/72835/2025/00207.,10.387475462097404,0
28,WS/43483/2023/00477,Uttar Pradesh,KANPUR,ABU TAHER KHAN,Water Supply / Handpump,"Water supply pipeline extension to Shanti Nagar area, KANPUR",689128.66,2023-04-19,2023-12-27,Jai Hind Infrastructure,Completed,633314.98,6,constituency + work_category,8.812941705563329,2.9376472351877765,6,4,0.6666666666666666,66.66666666666666,WS/82516/2023/00689,"Water supply pipeline extension to Ram Nagar area, KANPUR",0.962484960092076,96.2484960092076,1.3219412558344994,19.999999999999996,24.0621240023019,45.384065258136395,Medium,98.0788675429727,True,Text Similarity,Project description has 0.96 semantic similarity with project WS/82516/2023/00689.,9.798672829608284,0
29,WS/35362/2025/00368,Uttar Pradesh,KANPUR,ADV ADOOR PRAKASH,Water Supply / Handpump,"Installation of handpump at Nehru Path village, KANPUR",693240.35,2025-01-23,2025-09-28,Jai Hind Infrastructure,Ongoing,633314.98,6,constituency + work_category,9.462174730179287,3.154058243393095,6,4,0.6666666666666666,66.66666666666666,WS/13771/2024/00660,"Installation of handpump at Nehru Path village, LUCKNOW",0.9489790983598216,94.89790983598216,1.4193262095268928,19.999999999999996,23.72447745899554,45.14380366852243,Medium,97.26996966632963,True,Text Similarity,Project description has 0.95 semantic similarity with project WS/13771/2024/00660.,10.683227229251191,0
30,WS/41897/2024/00819,Kerala,ERNAKULAM,ADHIKARI SOUMENDU,School Building Repair,"Repair and renovation of Govt. School building at Gandhi Chowk, ERNAKULAM",1737071.71,2024-08-06,2025-09-09,United Rural Builders,Ongoing,934267.0,9,constituency + work_category,85.92883083743726,28.642943612479087,9,2,0.2222222222222222,22.22222222222222,WS/22265/2025/00669,"Repair and renovation of Govt. School building at Gandhi Chowk, ERNAKULAM",1.0000000000000004,100.0,12.88932462561559,6.666666666666666,25.0,44.55599129228226,Medium,92.11324570273003,True,Text Similarity,Project description has 1.00 semantic similarity with project WS/22265/2025/00669.,23.16845977494893,0
31,WS/82516/2023/00689,Uttar Pradesh,KANPUR,ADV ADOOR PRAKASH,Water Supply / Handpump,"Water supply pipeline extension to Ram Nagar area, KANPUR",242493.28,2023-04-20,2024-01-21,Jai Hind Infrastructure,New Recommendation,633314.98,6,constituency + work_category,-61.71047777837182,0.0,6,4,0.6666666666666666,66.66666666666666,WS/43483/2023/00477,"Water supply pipeline extension to Shanti Nagar area, KANPUR",0.962484960092076,96.2484960092076,0.0,19.999999999999996,24.0621240023019,44.0621240023019,Medium,98.685540950455,True,Text Similarity,Project description has 0.96 semantic similarity with project WS/43483/2023/00477.,9.73228412890357,0
32,WS/68192/2024/00900,West Bengal,MURSHIDABAD,ANITA JOSHI,Water Supply / Handpump,"Installation of handpump at Panchayat Bhavan Marg village, MURSHIDABAD",864136.04,2024-07-25,2025-04-21,Deep Construction Co.,New Recommendation,400792.35,11,constituency + work_category,115.6069196430521,38.53563988101737,11,1,0.09090909090909091,9.090909090909092,WS/78690/2025/00455,"Installation of handpump at Panchayat Bhavan Marg village, LUCKNOW",0.959664797895033,95.9664797895033,17.341037946457817,2.7272727272727275,23.991619947375824,44.05993062110637,Medium,92.82103134479271,True,Text Similarity,Project description has 0.96 semantic similarity with project WS/78690/2025/00455.,19.098550605348997,0
33,WS/96944/2023/00372,Uttar Pradesh,LUCKNOW,SANJAY DESHMUKH,Streetlight Installation,"LED streetlight installation along Vivekanand Marg road, LUCKNOW",391666.18,2023-07-04,2024-02-27,Ganesh Engineering Works,Ongoing,186892.53,7,constituency + work_category,109.5675948097016,36.522531603233865,7,1,0.14285714285714285,14.285714285714285,WS/44179/2025/00025,"LED streetlight installation along Gandhi Chowk road, LUCKNOW",0.9314384587298328,93.14384587298328,16.43513922145524,4.285714285714286,23.28596146824582,44.006814975415345,Medium,88.16986855409505,False,Text Similarity,Project description has 0.93 semantic similarity with project WS/44179/2025/00025.,12.422724339827289,0
34,WS/72288/2025/00648,Bihar,GAYA,SANJAY DESHMUKH,School Building Repair,"Construction of additional classroom at Kisan Nagar school, GAYA",1355833.83,2025-12-12,2026-07-02,National Builders & Contractors,New Recommendation,874572.41,5,constituency + work_category,55.02819600723513,18.34273200241171,5,2,0.4,40.0,WS/88154/2023/00568,"Construction of additional classroom at Shanti Nagar school, GAYA",0.9493668322259029,94.93668322259029,8.25422940108527,12.0,23.734170805647572,43.98840020673284,Medium,90.09100101112234,True,Text Similarity,Project description has 0.95 semantic similarity with project WS/88154/2023/00568.,5.819178533397792,0
35,WS/21813/2023/00094,Kerala,ATTINGAL,ABDUL RASHID SHEIKH,Community Hall,"Multipurpose community centre building at Nehru Path panchayat, ATTINGAL",3471526.21,2023-05-05,2024-04-25,New India Construction Co.,Ongoing,2172665.62,6,constituency + work_category,59.78189087375534,19.927296957918447,6,2,0.3333333333333333,33.33333333333333,WS/58717/2025/00331,"Multipurpose community centre building at Nehru Path panchayat, ATTINGAL",0.9999999999999999,99.99999999999999,8.967283631063301,9.999999999999998,24.999999999999996,43.967283631063296,Medium,94.33771486349848,True,Text Similarity,Project description has 1.00 semantic similarity with project WS/58717/2025/00331.,36.04878492165356,0
36,WS/45903/2024/00982,Bihar,AURANGABAD_BR,ABHAY KUMAR SINHA,Drainage / Nala,"Covered drain construction from Panchayat Bhavan Marg to Panchayat Bhavan Marg, AURANGABAD_BR",1128582.53,2024-04-21,2024-04-26,Om Sai Infra Pvt Ltd,Completed,644435.71,6,constituency + work_category,75.12724892293757,25.04241630764586,6,2,0.3333333333333333,33.33333333333333,WS/83273/2024/00330,"Covered drain construction from Shanti Nagar to Panchayat Bhavan Marg, JAMMU",0.9068299618690541,90.68299618690541,11.269087338440636,9.999999999999998,22.670749046726353,43.939836385166984,Medium,95.55106167846309,True,Text Similarity,Project description has 0.91 semantic similarity with project WS/83273/2024/00330.,4.8077828310856265,0
37,WS/92700/2023/00804,Kerala,ATTINGAL,PRIYA VERMA,School Building Repair,"Repair and renovation of Govt. School building at Kisan Nagar, ATTINGAL",1429929.89,2023-12-05,2024-10-04,Shree Balaji Construction Co.,New Recommendation,977273.97,7,constituency + work_category,46.318221286503714,15.439407095501236,7,3,0.42857142857142855,42.857142857142854,WS/29815/2024/00695,"Repair and renovation of Govt. School building at Kisan Nagar, AURANGABAD_MH",0.9578450482519056,95.78450482519057,6.947733192975557,12.857142857142856,23.94612620629764,43.75100225641606,Medium,91.91102123356926,True,Text Similarity,Project description has 0.96 semantic similarity with project WS/29815/2024/00695.,6.835262020655372,0
38,WS/73463/2023/00835,Maharashtra,AURANGABAD_MH,VIKRAM SINGH RATHORE,Community Hall,"Multipurpose community centre building at Panchayat Bhavan Marg panchayat, AURANGABAD_MH",3234314.63,2023-07-06,2024-07-03,National Builders & Contractors,Sanctioned,2216905.62,5,constituency + work_category,45.89320360873097,15.297734536243656,5,2,0.4,40.0,WS/16380/2025/00673,"Multipurpose community centre building at Panchayat Bhavan Marg panchayat, AURANGABAD_BR",0.9920857118840387,99.20857118840387,6.883980541309645,12.0,24.802142797100966,43.68612333841061,Medium,95.04550050556118,True,Text Similarity,Project description has 0.99 semantic similarity with project WS/16380/2025/00673.,7.767758803367306,0
39,WS/17347/2025/00560,Bihar,PATNA_SAHIB,RAVI SHANKAR PRASAD JI,Solar Light Installation,"Solar light installation near Vivekanand Marg hanuman mandir, PATNA_SAHIB",384122.33,2025-12-15,2026-02-21,Shree Balaji Construction Co.,New Recommendation,179785.09,13,constituency + work_category,113.65638830227802,37.885462767426006,13,1,0.07692307692307693,7.6923076923076925,WS/76577/2025/00523,"Solar light installation near Ram Nagar hanuman mandir, PATNA_SAHIB",0.9657748243591313,96.57748243591313,17.048458245341703,2.3076923076923075,24.14437060897828,43.50052116201229,Medium,93.93326592517694,True,Text Similarity,Project description has 0.97 semantic similarity with project WS/76577/2025/00523.,16.588014681889195,0
40,WS/14965/2023/00377,Kerala,ERNAKULAM,ABHAY KUMAR SINHA,Water Supply / Handpump,"Installation of handpump at Ram Nagar village, ERNAKULAM",680230.48,2023-04-25,2024-02-14,Deep Construction Co.,New Recommendation,373343.33,5,constituency + work_category,82.19971413444026,27.39990471148009,5,1,0.2,20.0,WS/20831/2024/00834,"Installation of handpump at Ram Nagar village, ERNAKULAM",1.0000000000000004,100.0,12.329957120166041,6.0,25.0,43.32995712016604,Medium,89.68655207280081,False,Text Similarity,Project description has 1.00 semantic similarity with project WS/20831/2024/00834.,21.501472595461756,0
41,WS/46583/2023/00369,Kerala,ATTINGAL,ADHIKARI SOUMENDU,Drainage / Nala,"Construction of drainage/nala near Station Road area, ATTINGAL",961571.54,2023-08-01,2024-04-10,Shree Balaji Construction Co.,Sanctioned,507526.095,12,constituency + work_category,89.46248271234212,29.82082757078071,12,3,0.25,25.0,WS/54540/2023/00754,"Construction of drainage/nala near Station Road area, AURANGABAD_BR",0.894629818413546,89.4629818413546,13.41937240685132,7.5,22.36574546033865,43.28511786718997,Medium,94.8432760364004,True,Text Similarity,Project description has 0.89 semantic similarity with project WS/54540/2023/00754.,8.818443469193062,0
42,WS/22561/2025/00609,Uttar Pradesh,VARANASI,ADV K FRANCIS GEORGE,Solar Light Installation,"Solar street light at Station Road chowk parisar, VARANASI",395748.21,2025-06-28,2026-01-28,Bharat Infra Solutions,New Recommendation,278399.94,7,constituency + work_category,42.15096813598452,14.05032271199484,7,3,0.42857142857142855,42.857142857142854,WS/43158/2025/00649,"Solar street light at Station Road chowk parisar, AURANGABAD_MH",0.9577003953849401,95.77003953849402,6.3226452203976775,12.857142857142856,23.942509884623504,43.12229796216404,Medium,91.0010111223458,True,Text Similarity,Project description has 0.96 semantic similarity with project WS/43158/2025/00649.,5.483810956963991,0
43,WS/33508/2025/00219,Kerala,ERNAKULAM,ADV DEAN KURIAKOSE,Road Construction,Construction of concrete road from Vivekanand Marg to Andouli in ERNAKULAM,2371070.75,2025-03-01,2025-09-20,United Rural Builders,Completed,1101828.375,20,state + work_category,115.19419936884454,38.39806645628151,20,3,0.15,15.0,WS/25314/2024/00665,Construction of concrete road from Vivekanand Marg to Andouli in PATNA_SAHIB,0.8505148673899865,85.05148673899865,17.27912990532668,4.5,21.262871684749662,43.04200159007634,Medium,98.28109201213347,True,Text Similarity,Project description has 0.85 semantic similarity with project WS/25314/2024/00665.,16.468805180763457,0
44,WS/37471/2023/00571,West Bengal,MURSHIDABAD,ADHIKARI SOUMENDU,Water Supply / Handpump,"Water supply pipeline extension to Subhash Nagar area, MURSHIDABAD",845871.13,2023-05-26,2024-06-19,New India Construction Co.,New Recommendation,400792.35,11,constituency + work_category,111.04971938710908,37.01657312903636,11,1,0.09090909090909091,9.090909090909092,WS/69682/2025/00501,"Water supply pipeline extension to Kisan Nagar area, MURSHIDABAD",0.9434437179388704,94.34437179388703,16.657457908066363,2.7272727272727275,23.58609294847176,42.97082358381085,Medium,90.79878665318503,True,Text Similarity,Project description has 0.94 semantic similarity with project WS/69682/2025/00501.,14.38549578698507,0
45,WS/14385/2024/00535,Uttar Pradesh,KANPUR,ADV ADOOR PRAKASH,Water Supply / Handpump,"Water supply pipeline extension to Andouli area, KANPUR",551210.16,2024-05-25,2025-04-29,Jai Hind Infrastructure,New Recommendation,633314.98,6,constituency + work_category,-12.964294638980425,0.0,6,4,0.6666666666666666,66.66666666666666,WS/88311/2024/00411,"Water supply pipeline extension to Andouli area, AURANGABAD_BR",0.9122094275024435,91.22094275024435,0.0,19.999999999999996,22.805235687561087,42.80523568756108,Medium,98.58442871587462,True,Text Similarity,Project description has 0.91 semantic similarity with project WS/88311/2024/00411.,9.03167131679858,0
46,WS/24801/2023/00448,Kerala,ATTINGAL,ADV DEAN KURIAKOSE,School Building Repair,"Construction of additional classroom at Gandhi Chowk school, ATTINGAL",1293928.02,2023-10-21,2024-06-21,Shree Balaji Construction Co.,Ongoing,977273.97,7,constituency + work_category,32.40176856444872,10.800589521482907,7,3,0.42857142857142855,42.857142857142854,WS/27324/2023/00885,"Construction of additional classroom at Gandhi Chowk school, ATTINGAL",1.0,100.0,4.8602652846673084,12.857142857142856,25.0,42.71740814181017,Medium,95.44994944388272,True,Text Similarity,Project description has 1.00 semantic similarity with project WS/27324/2023/00885.,74.07473833431823,1
47,WS/89988/2025/00249,Bihar,AURANGABAD_BR,MEERA IYER,Solar Light Installation,"Solar light installation near Panchayat Bhavan Marg hanuman mandir, AURANGABAD_BR",447885.19,2025-06-03,2025-12-01,Ganesh Engineering Works,New Recommendation,298203.85,12,constituency + work_category,50.19430164969367,16.731433883231226,12,4,0.3333333333333333,33.33333333333333,WS/79501/2024/00545,"Solar light installation near Panchayat Bhavan Marg hanuman mandir, AURANGABAD_BR",1.0,100.0,7.529145247454052,9.999999999999998,25.0,42.52914524745405,Medium,93.02325581395348,True,Text Similarity,Project description has 1.00 semantic similarity with project WS/79501/2024/00545.,67.96640645914668,1
48,WS/28030/2024/00133,Maharashtra,PUNE,ADV GOWAAL KAGADA PADAVI,Drainage / Nala,"Covered drain construction from Shanti Nagar to Ram Nagar, PUNE",1156052.38,2024-03-15,2025-01-17,Ganesh Engineering Works,Ongoing,715620.8999999999,6,constituency + work_category,61.54536291491767,20.515120971639224,6,2,0.3333333333333333,33.33333333333333,WS/86568/2024/00386,"Covered drain construction from Shanti Nagar to Bazaar Road, PUNE",0.9292328541166996,92.92328541166997,9.23180443723765,9.999999999999998,23.23082135291749,42.462625790155144,Medium,89.78766430738119,False,Text Similarity,Project description has 0.93 semantic similarity with project WS/86568/2024/00386.,5.770322188907909,0
49,WS/20831/2024/00834,Kerala,ERNAKULAM,ADV DEAN KURIAKOSE,Water Supply / Handpump,"Installation of handpump at Ram Nagar village, ERNAKULAM",657236.83,2024-04-11,2024-06-15,Om Sai Infra Pvt Ltd,Completed,373343.33,5,constituency + work_category,76.04086565574907,25.346955218583027,5,1,0.2,20.0,WS/14965/2023/00377,"Installation of handpump at Ram Nagar village, ERNAKULAM",1.0000000000000004,100.0,11.406129848362362,6.0,25.0,42.40612984836236,Medium,87.76541961577351,False,Text Similarity,Project description has 1.00 semantic similarity with project WS/14965/2023/00377.,17.9255797383189,0
50,WS/70210/2024/00514,Bihar,AURANGABAD_BR,ABHIJIT GANGOPADHYAY,Solar Light Installation,"Solar light installation near Subhash Nagar hanuman mandir, AURANGABAD_BR",443795.72,2024-09-10,2025-01-15,Ganesh Engineering Works,Completed,298203.85,12,constituency + work_category,48.82293437861382,16.27431145953794,12,4,0.3333333333333333,33.33333333333333,WS/61576/2023/00656,"Solar light installation near Subhash Nagar hanuman mandir, AURANGABAD_BR",1.0000000000000004,100.0,7.323440156792073,9.999999999999998,25.0,42.323440156792074,Medium,92.92214357937311,True,Text Similarity,Project description has 1.00 semantic similarity with project WS/61576/2023/00656.,20.845585715621905,0
51,WS/63363/2024/00415,Bihar,AURANGABAD_BR,ADITYA YADAV,School Building Repair,"Repair and renovation of Govt. School building at Station Road, AURANGABAD_BR",1701599.38,2024-11-09,2025-01-10,Bharat Infra Solutions,Ongoing,816376.1,9,constituency + work_category,108.4332674609166,36.144422486972196,9,1,0.1111111111111111,11.11111111111111,WS/68402/2024/00600,"Repair and renovation of Govt. School building at Station Road, ERNAKULAM",0.9053992261255397,90.53992261255397,16.26499011913749,3.333333333333333,22.63498065313849,42.233304105609314,Medium,94.74216380182003,True,Text Similarity,Project description has 0.91 semantic similarity with project WS/68402/2024/00600.,11.55651951271674,0
52,WS/59106/2024/00809,Maharashtra,HINGOLI,SANJAY DESHMUKH,Streetlight Installation,"Installation of streetlights at Shanti Nagar chowk, HINGOLI",337579.05,2024-01-21,2024-10-27,National Builders & Contractors,Ongoing,321625.92,7,constituency + work_category,4.960150599802406,1.6533835332674687,7,4,0.5714285714285714,57.14285714285714,WS/62286/2024/00674,"Installation of streetlights at Ram Nagar chowk, HINGOLI",0.9709683285847083,97.09683285847083,0.744022589970361,17.142857142857142,24.27420821461771,42.16108794744521,Medium,95.34883720930233,True,Text Similarity,Project description has 0.97 semantic similarity with project WS/62286/2024/00674.,7.506648749777116,0
53,WS/63950/2025/00807,West Bengal,KANTHI,ADV GOWAAL KAGADA PADAVI,Streetlight Installation,"Installation of streetlights at Kisan Nagar chowk, KANTHI",585457.54,2025-02-03,2025-10-16,Jai Hind Infrastructure,New Recommendation,516926.645,6,constituency + work_category,13.257373297133872,4.4191244323779575,6,3,0.5,50.0,WS/26637/2025/00271,"Installation of streetlights at Kisan Nagar chowk, KANTHI",1.0,100.0,1.988605994570081,15.0,25.0,41.98860599457008,Medium,96.56218402426694,True,Text Similarity,Project description has 1.00 semantic similarity with project WS/26637/2025/00271.,75.55349401503548,1
54,WS/61773/2023/00288,Maharashtra,PUNE,ABHIJIT GANGOPADHYAY,Road Construction,"Widening and strengthening of road near Ambedkar Colony village, PUNE",2401877.12,2023-05-22,2023-10-15,Jai Hind Infrastructure,Sanctioned,1490771.79,6,constituency + work_category,61.11635168518986,20.372117228396622,6,2,0.3333333333333333,33.33333333333333,WS/62436/2023/00842,"Widening and strengthening of road near Ambedkar Colony village, AURANGABAD_BR",0.9090276137733864,90.90276137733863,9.16745275277848,9.999999999999998,22.72569034433466,41.89314309711314,Medium,93.22548028311427,True,Text Similarity,Project description has 0.91 semantic similarity with project WS/62436/2023/00842.,5.962571692143032,0
55,WS/52413/2023/00296,Uttar Pradesh,KANPUR,AASHTIKAR PATIL NAGESH BAPURAO,Community Hall,"Construction of community hall at Andouli, KANPUR",3794740.46,2023-10-24,2024-02-27,New India Construction Co.,Ongoing,2130894.795,8,constituency + work_category,78.08201835698792,26.027339452329308,8,2,0.25,25.0,WS/25324/2023/00593,"Construction of community hall at Andouli, LUCKNOW",0.9015733867878011,90.1573386787801,11.712302753548189,7.5,22.539334669695027,41.75163742324321,Medium,92.01213346814964,True,Text Similarity,Project description has 0.90 semantic similarity with project WS/25324/2023/00593.,6.202610658526853,0
56,WS/15014/2023/00036,West Bengal,KANTHI,AASHTIKAR PATIL NAGESH BAPURAO,Road Construction,"Widening and strengthening of road near Ram Nagar village, KANTHI",2290965.3,2023-12-24,2024-05-23,Jai Hind Infrastructure,New Recommendation,1526581.795,10,constituency + work_category,50.07157215575205,16.69052405191735,10,3,0.3,30.0,WS/99740/2025/00583,"Widening and strengthening of road near Ram Nagar village, KANTHI",1.0000000000000002,100.0,7.510735823362808,9.0,25.0,41.51073582336281,Medium,90.49544994944388,True,Text Similarity,Project description has 1.00 semantic similarity with project WS/99740/2025/00583.,18.747717328780954,0
57,WS/93354/2023/00278,Kerala,IDUKKI,ABU TAHER KHAN,Road Construction,"Widening and strengthening of road near Kisan Nagar village, IDUKKI",2385075.81,2023-04-25,2023-10-21,United Rural Builders,New Recommendation,1266207.67,6,constituency + work_category,88.36371525059552,29.454571750198504,6,1,0.16666666666666666,16.666666666666664,WS/39035/2025/00733,"Widening and strengthening of road near Kisan Nagar village, MURSHIDABAD",0.9297607231671705,92.97607231671705,13.254557287589327,4.999999999999999,23.244018079179263,41.49857536676859,Medium,75.22750252780587,False,Text Similarity,Project description has 0.93 semantic similarity with project WS/39035/2025/00733.,8.149121286910932,0
58,WS/22418/2025/00790,Bihar,GAYA,VIKRAM SINGH RATHORE,Road Construction,"CC road construction at Bazaar Road ward, GAYA",2011302.88,2025-06-19,2026-06-05,National Builders & Contractors,New Recommendation,1252226.57,9,constituency + work_category,60.61812839508747,20.20604279836249,9,3,0.3333333333333333,33.33333333333333,WS/61213/2024/00268,"CC road construction at Bazaar Road ward, IDUKKI",0.8934257712864033,89.34257712864033,9.09271925926312,9.999999999999998,22.335644282160082,41.4283635414232,Medium,95.14661274014156,True,Text Similarity,Project description has 0.89 semantic similarity with project WS/61213/2024/00268.,7.9316351073147064,0
59,WS/62286/2024/00674,Maharashtra,HINGOLI,RAVI SHANKAR PRASAD JI,Streetlight Installation,"Installation of streetlights at Ram Nagar chowk, HINGOLI",321625.92,2024-05-13,2024-11-19,National Builders & Contractors,Ongoing,321625.92,7,constituency + work_category,0.0,0.0,7,4,0.5714285714285714,57.14285714285714,WS/59106/2024/00809,"Installation of streetlights at Shanti Nagar chowk, HINGOLI",0.9709683285847083,97.09683285847083,0.0,17.142857142857142,24.27420821461771,41.417065357474854,Medium,94.64105156723963,True,Text Similarity,Project description has 0.97 semantic similarity with project WS/59106/2024/00809.,6.9437346115334115,0
60,WS/37504/2023/00613,Kerala,ATTINGAL,ADV ADOOR PRAKASH,Drainage / Nala,"Covered drain construction from Shanti Nagar to Ram Nagar, ATTINGAL",1071133.69,2023-08-24,2024-02-16,Bharat Infra Solutions,Ongoing,507526.095,12,constituency + work_category,111.04997369642639,37.016657898808795,12,1,0.08333333333333333,8.333333333333332,WS/40007/2023/00017,"Covered drain construction from Ram Nagar to Andouli, AURANGABAD_MH",0.8900698343320986,89.00698343320987,16.65749605446396,2.4999999999999996,22.251745858302467,41.409241912766426,Medium,97.37108190091,True,Text Similarity,Project description has 0.89 semantic similarity with project WS/40007/2023/00017.,13.256514798401199,0
61,WS/41850/2023/00018,Maharashtra,AURANGABAD_MH,ADV ADOOR PRAKASH,Community Hall,"Construction of community hall at Ambedkar Colony, AURANGABAD_MH",3172444.45,2023-11-06,2024-10-07,National Builders & Contractors,Sanctioned,2216905.62,5,constituency + work_category,43.102368516707536,14.367456172235846,5,2,0.4,40.0,WS/43557/2023/00912,"Construction of community hall at Ambedkar Colony, BARAMULLAH",0.9110539682762739,91.10539682762739,6.465355277506131,12.0,22.776349206906847,41.24170448441298,Medium,93.83215369059657,True,Text Similarity,Project description has 0.91 semantic similarity with project WS/43557/2023/00912.,4.738865454553047,0
62,WS/93021/2023/00582,West Bengal,HOWRAH,ABU TAHER KHAN,Solar Light Installation,"Solar light installation near Andouli hanuman mandir, HOWRAH",346097.21,2023-10-07,2024-06-12,Progressive Engineers & Contractors,Sanctioned,301476.75,6,constituency + work_category,14.800630562721675,4.933543520907225,6,3,0.5,50.0,WS/35369/2024/00505,"Solar light installation near Andouli hanuman mandir, KANPUR",0.9599918737658264,95.99918737658264,2.2200945844082516,15.0,23.99979684414566,41.21989142855391,Medium,91.30434782608695,True,Text Similarity,Project description has 0.96 semantic similarity with project WS/35369/2024/00505.,5.739039810780236,0
63,WS/59735/2024/00007,Kerala,KOTTAYAM,ABHAY KUMAR SINHA,Streetlight Installation,"Installation of streetlights at Nehru Path chowk, KOTTAYAM",435740.23,2024-09-28,2025-04-01,National Builders & Contractors,Sanctioned,366689.81,9,constituency + work_category,18.830744164938746,6.27691472164625,9,4,0.4444444444444444,44.44444444444444,WS/85197/2024/00419,"Installation of streetlights at Nehru Path chowk, KOTTAYAM",1.0000000000000002,100.0,2.8246116247408124,13.333333333333332,25.0,41.15794495807414,Medium,94.13549039433772,True,Text Similarity,Project description has 1.00 semantic similarity with project WS/85197/2024/00419.,25.570973367632345,0
64,WS/12671/2023/00053,Bihar,AURANGABAD_BR,ABHAY KUMAR SINHA,Solar Light Installation,"Solar light installation near Bazaar Road hanuman mandir, AURANGABAD_BR",435049.96,2023-05-12,2023-07-26,Ganesh Engineering Works,Ongoing,298203.85,12,constituency + work_category,45.89012180761585,15.296707269205282,12,4,0.3333333333333333,33.33333333333333,WS/51120/2023/00654,"Solar light installation near Bazaar Road hanuman mandir, IDUKKI",0.9686122570405129,96.8612257040513,6.883518271142377,9.999999999999998,24.215306426012823,41.098824697155194,Medium,84.73205257836199,False,Text Similarity,Project description has 0.97 semantic similarity with project WS/51120/2023/00654.,4.930859542417512,0
65,WS/10841/2025/00808,Kerala,KOTTAYAM,ABU TAHER KHAN,Community Hall,"Construction of community hall at Shanti Nagar, KOTTAYAM",3371825.18,2025-11-08,2026-07-29,Deep Construction Co.,New Recommendation,2408036.685,6,constituency + work_category,40.023829412715116,13.34127647090504,6,2,0.3333333333333333,33.33333333333333,WS/92317/2025/00608,"Construction of community hall at Shanti Nagar, KOTTAYAM",1.0000000000000002,100.0,6.003574411907268,9.999999999999998,25.0,41.003574411907266,Medium,91.10212335692619,True,Text Similarity,Project description has 1.00 semantic similarity with project WS/92317/2025/00608.,19.940859443591847,0
66,WS/60755/2023/00716,West Bengal,HOWRAH,ABU TAHER KHAN,Solar Light Installation,"Solar street light at Gandhi Chowk chowk parisar, HOWRAH",354752.45,2023-07-01,2024-07-14,Progressive Engineers & Contractors,Sanctioned,301476.75,6,constituency + work_category,17.67157832237478,5.89052610745826,6,3,0.5,50.0,WS/27895/2023/00245,"Solar street light at Gandhi Chowk chowk parisar, BARAMULLAH",0.9243912889472328,92.43912889472328,2.650736748356217,15.0,23.10978222368082,40.76051897203703,Medium,93.52881698685542,True,Text Similarity,Project description has 0.92 semantic similarity with project WS/27895/2023/00245.,6.494121755672501,0
67,WS/66370/2025/00109,West Bengal,HOWRAH,ABHIJIT GANGOPADHYAY,Solar Light Installation,"Solar street light at Ambedkar Colony chowk parisar, HOWRAH",345622.8,2025-08-21,2026-09-20,Progressive Engineers & Contractors,Ongoing,301476.75,6,constituency + work_category,14.6432685107558,4.881089503585267,6,3,0.5,50.0,WS/31694/2023/00875,"Solar street light at Ambedkar Colony chowk parisar, AURANGABAD_BR",0.9413295768741907,94.13295768741906,2.1964902766133703,15.0,23.533239421854766,40.729729698468134,Medium,90.3943377148635,True,Text Similarity,Project description has 0.94 semantic similarity with project WS/31694/2023/00875.,8.874685583164114,0
68,WS/25408/2024/00497,West Bengal,KANTHI,ADV GOWAAL KAGADA PADAVI,Water Supply / Handpump,"Installation of handpump at Shanti Nagar village, KANTHI",738041.3,2024-06-30,2025-01-23,Progressive Engineers & Contractors,Ongoing,412863.83,27,state + work_category,78.76143327934541,26.253811093115136,27,4,0.14814814814814814,14.814814814814813,WS/41258/2025/00642,"Installation of handpump at Ram Nagar village, KANTHI",0.974384149280167,97.4384149280167,11.814214991901812,4.444444444444444,24.359603732004175,40.61826316835043,Medium,76.54196157735086,False,Text Similarity,Project description has 0.97 semantic similarity with project WS/41258/2025/00642.,7.143369142976706,0
69,WS/96266/2025/00839,Maharashtra,HINGOLI,ABHIJIT GANGOPADHYAY,Streetlight Installation,"LED streetlight installation along Andouli road, HINGOLI",284360.07,2025-12-15,2026-11-18,National Builders & Contractors,Sanctioned,321625.92,7,constituency + work_category,-11.586706071450951,0.0,7,4,0.5714285714285714,57.14285714285714,WS/71995/2024/00427,"LED streetlight installation along Andouli road, KOTTAYAM",0.9323073535599324,93.23073535599325,0.0,17.142857142857142,23.30768383899831,40.450540981855454,Medium,95.85439838220424,True,Text Similarity,Project description has 0.93 semantic similarity with project WS/71995/2024/00427.,7.2469774301426,0
70,WS/69270/2023/00285,Bihar,PATNA_SAHIB,ANITA JOSHI,Road Construction,"CC road construction at Station Road ward, PATNA_SAHIB",1951211.74,2023-12-23,2024-05-20,Shree Balaji Construction Co.,Sanctioned,1339439.56,7,constituency + work_category,45.673742830172934,15.224580943390977,7,2,0.2857142857142857,28.57142857142857,WS/50730/2025/00079,"CC road construction at Station Road ward, PATNA_SAHIB",1.0000000000000002,100.0,6.85106142452594,8.571428571428571,25.0,40.42248999595451,Medium,88.06875631951466,False,Text Similarity,Project description has 1.00 semantic similarity with project WS/50730/2025/00079.,19.56911424911854,0
71,WS/44510/2024/00309,Kerala,ERNAKULAM,ADHIKARI SOUMENDU,Community Hall,"Multipurpose community centre building at Ambedkar Colony panchayat, ERNAKULAM",3713731.73,2024-04-13,2024-09-15,Metro Civil Works Pvt Ltd,Completed,2323014.515,12,constituency + work_category,59.866918868563324,19.95563962285444,12,3,0.25,25.0,WS/43728/2024/00211,"Multipurpose community centre building at Ambedkar Colony panchayat, AURANGABAD_BR",0.953948952992618,95.39489529926179,8.980037830284498,7.5,23.848723824815448,40.328761655099946,Medium,67.13852376137513,False,Text Similarity,Project description has 0.95 semantic similarity with project WS/43728/2024/00211.,5.44131661789036,0
72,WS/38758/2023/00293,Jammu And Kashmir,BARAMULLAH,ABHIJIT GANGOPADHYAY,Drainage / Nala,"Covered drain construction from Bazaar Road to Subhash Nagar, BARAMULLAH",891177.98,2023-12-29,2024-11-26,Deep Construction Co.,Completed,711341.41,7,constituency + work_category,25.28133009998672,8.427110033328907,7,3,0.42857142857142855,42.857142857142854,WS/78920/2024/00457,"Covered drain construction from Bazaar Road to Kisan Nagar, BARAMULLAH",0.9463759333099142,94.63759333099142,3.792199514998008,12.857142857142856,23.659398332747855,40.30874070488872,Medium,84.5298281092012,False,Text Similarity,Project description has 0.95 semantic similarity with project WS/78920/2024/00457.,5.534754230403488,0
73,WS/33942/2024/00721,West Bengal,KANTHI,ABHAY KUMAR SINHA,Road Construction,Construction of concrete road from Nehru Path to Ram Nagar in KANTHI,2465636.39,2024-10-06,2025-03-01,Bharat Infra Solutions,Ongoing,1526581.795,10,constituency + work_category,61.51354601998252,20.504515339994175,10,2,0.2,20.0,WS/70731/2025/00283,Construction of concrete road from Nehru Path to Ram Nagar in KANTHI,0.9999999999999998,99.99999999999997,9.227031902997378,6.0,24.999999999999993,40.22703190299737,Medium,83.11425682507584,False,Text Similarity,Project description has 1.00 semantic similarity with project WS/70731/2025/00283.,10.73748000964762,0
74,WS/59602/2025/00814,Bihar,PATNA_SAHIB,ADV K FRANCIS GEORGE,Community Hall,"Multipurpose community centre building at Bazaar Road panchayat, PATNA_SAHIB",3542117.98,2025-11-19,2026-07-21,Progressive Engineers & Contractors,Sanctioned,2633655.8600000003,8,constituency + work_category,34.49433670502415,11.498112235008051,8,3,0.375,37.5,WS/74942/2025/00076,"Multipurpose community centre building at Nehru Path panchayat, PATNA_SAHIB",0.9404927772066525,94.04927772066524,5.174150505753623,11.25,23.51231943016631,39.93646993591993,Medium,82.50758341759354,False,Text Similarity,Project description has 0.94 semantic similarity with project WS/74942/2025/00076.,4.655080957764006,0
75,WS/20828/2024/00149,West Bengal,HOWRAH,PRIYA VERMA,Community Hall,"Construction of community hall at Kisan Nagar, HOWRAH",3934308.96,2024-08-21,2025-07-01,New India Construction Co.,New Recommendation,2356058.86,9,constituency + work_category,66.98687060814773,22.328956869382573,9,2,0.2222222222222222,22.22222222222222,WS/62183/2024/00408,"Construction of community hall at Kisan Nagar, KANPUR",0.9248041240433875,92.48041240433875,10.048030591222158,6.666666666666666,23.120103101084688,39.83480035897351,Medium,76.9464105156724,False,Text Similarity,Project description has 0.92 semantic similarity with project WS/62183/2024/00408.,5.652114826355148,0
76,WS/33209/2023/00489,Maharashtra,NAGPUR,AASHTIKAR PATIL NAGESH BAPURAO,Community Hall,"Multipurpose community centre building at Ambedkar Colony panchayat, NAGPUR",3875495.11,2023-11-14,2024-04-25,Ganesh Engineering Works,Completed,3104768.22,5,constituency + work_category,24.82397510497578,8.274658368325259,5,2,0.4,40.0,WS/49131/2025/00675,"Multipurpose community centre building at Ambedkar Colony panchayat, SRINAGAR",0.9583576746020812,95.83576746020812,3.7235962657463664,12.0,23.95894186505203,39.68253813079839,Medium,82.81092012133469,False,Text Similarity,Project description has 0.96 semantic similarity with project WS/49131/2025/00675.,4.870375115142447,0
77,WS/15100/2024/00172,Uttar Pradesh,VARANASI,ABU TAHER KHAN,Drainage / Nala,"Covered drain construction from Shanti Nagar to Kisan Nagar, VARANASI",842216.66,2024-05-16,2025-03-28,Shree Balaji Construction Co.,Completed,655737.06,5,constituency + work_category,28.438166968937207,9.479388989645736,5,2,0.4,40.0,WS/26401/2023/00902,"Covered drain construction from Kisan Nagar to Gandhi Chowk, VARANASI",0.9365732888748532,93.65732888748532,4.265725045340582,12.0,23.41433222187133,39.68005726721191,Medium,84.93427704752276,False,Text Similarity,Project description has 0.94 semantic similarity with project WS/26401/2023/00902.,5.10025742008749,0
78,WS/44053/2024/00438,Bihar,PATNA_SAHIB,RAVI SHANKAR PRASAD JI,Drainage / Nala,"Construction of drainage/nala near Shanti Nagar area, PATNA_SAHIB",1024236.99,2024-06-26,2025-01-29,New India Construction Co.,Sanctioned,843338.5,5,constituency + work_category,21.450282419218382,7.15009413973946,5,2,0.4,40.0,WS/71066/2024/00619,"Construction of drainage/nala near Ram Nagar area, PATNA_SAHIB",0.9781069779995972,97.81069779995973,3.217542362882757,12.0,24.45267444998993,39.67021681287269,Medium,87.46208291203236,False,Text Similarity,Project description has 0.98 semantic similarity with project WS/71066/2024/00619.,5.324529028315048,0
79,WS/21136/2025/00886,Jammu And Kashmir,JAMMU,AASHTIKAR PATIL NAGESH BAPURAO,Solar Light Installation,"Solar street light at Gandhi Chowk chowk parisar, JAMMU",438226.27,2025-12-06,2026-03-30,United Rural Builders,New Recommendation,261967.02,5,constituency + work_category,67.28299234002816,22.42766411334272,5,1,0.2,20.0,WS/72835/2025/00207,"Solar street light at Gandhi Chowk chowk parisar, PATNA_SAHIB",0.942439441708119,94.2439441708119,10.092448851004223,6.0,23.560986042702975,39.6534348937072,Medium,59.95955510616785,False,Text Similarity,Project description has 0.94 semantic similarity with project WS/72835/2025/00207.,5.70645677172168,0
80,WS/99928/2023/00107,Kerala,KOTTAYAM,MEERA IYER,Water Supply / Handpump,"Water supply pipeline extension to Ram Nagar area, KOTTAYAM",874818.33,2023-06-02,2024-04-02,Sri Lakshmi Contractors,Sanctioned,502250.28,6,constituency + work_category,74.17975954139835,24.72658651379945,6,1,0.16666666666666666,16.666666666666664,WS/82516/2023/00689,"Water supply pipeline extension to Ram Nagar area, KANPUR",0.9409284042904779,94.09284042904778,11.126963931209753,4.999999999999999,23.523210107261946,39.6501740384717,Medium,56.4206268958544,False,Text Similarity,Project description has 0.94 semantic similarity with project WS/82516/2023/00689.,6.203817503571283,0
81,WS/52714/2024/00230,West Bengal,KANTHI,ADHIKARI SOUMENDU,School Building Repair,"Construction of additional classroom at Subhash Nagar school, KANTHI",1756215.31,2024-01-24,2025-02-11,Metro Civil Works Pvt Ltd,Ongoing,1336958.19,5,constituency + work_category,31.359030008260774,10.453010002753592,5,2,0.4,40.0,WS/33659/2024/00720,"Construction of additional classroom at Subhash Nagar school, AURANGABAD_MH",0.9178494740798883,91.78494740798882,4.703854501239117,12.0,22.946236851997206,39.65009135323632,Medium,90.59656218402426,True,Text Similarity,Project description has 0.92 semantic similarity with project WS/33659/2024/00720.,5.603192360783,0
82,WS/83498/2025/00987,Maharashtra,PUNE,ABU TAHER KHAN,Community Hall,"Multipurpose community centre building at Shanti Nagar panchayat, PUNE",3696805.24,2025-06-13,2025-06-15,Progressive Engineers & Contractors,Completed,2859576.19,8,constituency + work_category,29.27808158872662,9.75936052957554,8,3,0.375,37.5,WS/36712/2023/00476,"Multipurpose community centre building at Station Road panchayat, PUNE",0.9601205776695292,96.01205776695292,4.391712238308993,11.25,24.00301444173823,39.64472668004723,Medium,81.19312436804853,False,Text Similarity,Project description has 0.96 semantic similarity with project WS/36712/2023/00476.,4.283851832784741,0
83,WS/44116/2024/00664,Bihar,PATNA_SAHIB,RAJESH KUMAR SHARMA,Drainage / Nala,"Covered drain construction from Shanti Nagar to Station Road, PATNA_SAHIB",1171252.03,2024-10-24,2025-01-13,Jai Hind Infrastructure,Ongoing,843338.5,5,constituency + work_category,38.8827890580117,12.9609296860039,5,2,0.4,40.0,WS/46977/2024/00443,"Covered drain construction from Nehru Path to Shanti Nagar, SRINAGAR",0.8677222020213673,86.77222020213674,5.832418358701755,12.0,21.693055050534184,39.52547340923594,Medium,97.4721941354904,True,Text Similarity,Project description has 0.87 semantic similarity with project WS/46977/2024/00443.,5.128264108559041,0
84,WS/95054/2025/00929,Bihar,GAYA,PRIYA VERMA,Community Hall,"Multipurpose community centre building at Ambedkar Colony panchayat, GAYA",2755213.0,2025-09-05,2026-01-06,Shree Balaji Construction Co.,Sanctioned,2567870.525,8,constituency + work_category,7.295635553899279,2.4318785179664264,8,4,0.5,50.0,WS/37235/2023/00069,"Multipurpose community centre building at Panchayat Bhavan Marg panchayat, GAYA",0.9342201744609363,93.42201744609363,1.094345333084892,15.0,23.35550436152341,39.449849694608304,Medium,90.29322548028311,True,Text Similarity,Project description has 0.93 semantic similarity with project WS/37235/2023/00069.,6.721880324167216,0
85,WS/57381/2025/00157,Kerala,KOTTAYAM,ABHAY KUMAR SINHA,Streetlight Installation,"Installation of streetlights at Station Road chowk, KOTTAYAM",393977.11,2025-09-29,2026-04-30,National Builders & Contractors,Ongoing,366689.81,9,constituency + work_category,7.44152121380193,2.48050707126731,9,4,0.4444444444444444,44.44444444444444,WS/70940/2025/00536,"Installation of streetlights at Station Road chowk, KOTTAYAM",1.0,100.0,1.1162281820702895,13.333333333333332,25.0,39.44956151540362,Medium,92.71991911021233,True,Text Similarity,Project description has 1.00 semantic similarity with project WS/70940/2025/00536.,70.50554955744089,1
86,WS/86434/2024/00194,Uttar Pradesh,LUCKNOW,ADHIKARI SOUMENDU,Community Hall,"Multipurpose community centre building at Ambedkar Colony panchayat, LUCKNOW",3636215.02,2024-06-26,2024-10-23,Progressive Engineers & Contractors,Ongoing,2098141.56,7,constituency + work_category,73.3064674625672,24.435489154189067,7,1,0.14285714285714285,14.285714285714285,WS/43728/2024/00211,"Multipurpose community centre building at Ambedkar Colony panchayat, AURANGABAD_BR",0.9652085622527973,96.52085622527973,10.995970119385081,4.285714285714286,24.130214056319932,39.4118984614193,Medium,68.65520728008089,False,Text Similarity,Project description has 0.97 semantic similarity with project WS/43728/2024/00211.,5.77855958641321,0
87,WS/80809/2024/00374,Kerala,IDUKKI,ABDUL RASHID SHEIKH,Water Supply / Handpump,"Installation of handpump at Kisan Nagar village, IDUKKI",819962.11,2024-04-25,2024-08-21,Sri Lakshmi Contractors,New Recommendation,473073.31,7,constituency + work_category,73.32664782969896,24.442215943232984,7,1,0.14285714285714285,14.285714285714285,WS/95037/2025/00562,"Installation of handpump at Shanti Nagar village, IDUKKI",0.9632753223627262,96.32753223627262,10.998997174454843,4.285714285714286,24.081883059068154,39.36659451923728,Medium,67.03741152679474,False,Text Similarity,Project description has 0.96 semantic similarity with project WS/95037/2025/00562.,5.8750890456545335,0
88,WS/69372/2025/00528,Maharashtra,NANDURBAR(ST),ABU TAHER KHAN,Streetlight Installation,"LED streetlight installation along Station Road road, NANDURBAR(ST)",556465.2,2025-01-11,2025-03-12,National Builders & Contractors,Ongoing,433442.515,6,constituency + work_category,28.38269914523727,9.46089971507909,6,2,0.3333333333333333,33.33333333333333,WS/64154/2025/00731,"LED streetlight installation along Station Road road, NANDURBAR(ST)",1.0,100.0,4.257404871785591,9.999999999999998,25.0,39.25740487178559,Medium,87.96764408493428,False,Text Similarity,Project description has 1.00 semantic similarity with project WS/64154/2025/00731.,78.41761684279084,1
89,WS/81989/2024/00192,Uttar Pradesh,LUCKNOW,ADV ADOOR PRAKASH,Drainage / Nala,"Construction of drainage/nala near Ambedkar Colony area, LUCKNOW",730363.71,2024-07-09,2025-07-14,New India Construction Co.,Sanctioned,472536.05,5,constituency + work_category,54.56253760956439,18.187512536521464,5,1,0.2,20.0,WS/57973/2024/00873,"Construction of drainage/nala near Ambedkar Colony area, LUCKNOW",1.0,100.0,8.18438064143466,6.0,25.0,39.18438064143466,Medium,79.06976744186046,False,Text Similarity,Project description has 1.00 semantic similarity with project WS/57973/2024/00873.,67.76302463831551,1
90,WS/67627/2024/00618,Kerala,ATTINGAL,ADITYA YADAV,Streetlight Installation,"Installation of streetlights at Panchayat Bhavan Marg chowk, ATTINGAL",533083.56,2024-07-30,2025-04-03,Deep Construction Co.,Ongoing,324652.13,5,constituency + work_category,64.20146696711956,21.400488989039854,5,1,0.2,20.0,WS/35919/2025/00287,"Installation of streetlights at Panchayat Bhavan Marg chowk, GAYA",0.9376252597797599,93.76252597797598,9.630220045067935,6.0,23.440631494493996,39.07085153956193,Medium,60.262891809909,False,Text Similarity,Project description has 0.94 semantic similarity with project WS/35919/2025/00287.,6.272300053969822,0
91,WS/47700/2025/00112,Kerala,ATTINGAL,SANJAY DESHMUKH,Community Hall,"Multipurpose community centre building at Bazaar Road panchayat, ATTINGAL",3684018.43,2025-11-19,2026-08-22,Deep Construction Co.,Completed,2172665.62,6,constituency + work_category,69.56214504834848,23.187381682782828,6,1,0.16666666666666666,16.666666666666664,WS/83420/2023/00356,"Multipurpose community centre building at Bazaar Road panchayat, LUCKNOW",0.9423088239848078,94.23088239848077,10.434321757252272,4.999999999999999,23.557720599620193,38.99204235687246,Medium,50.758341759352874,False,Text Similarity,Project description has 0.94 semantic similarity with project WS/83420/2023/00356.,5.979194425499929,0
92,WS/73691/2023/00813,Kerala,ATTINGAL,ABHIJIT GANGOPADHYAY,Drainage / Nala,"Covered drain construction from Ambedkar Colony to Vivekanand Marg, ATTINGAL",770101.09,2023-04-08,2023-12-16,Jai Hind Infrastructure,New Recommendation,507526.095,12,constituency + work_category,51.73625505896401,17.245418352988004,12,4,0.3333333333333333,33.33333333333333,WS/25362/2025/00949,"Covered drain construction from Vivekanand Marg to Vivekanand Marg, AURANGABAD_MH",0.8477660731964507,84.77660731964507,7.760438258844602,9.999999999999998,21.194151829911267,38.954590088755864,Medium,97.67441860465115,True,Text Similarity,Project description has 0.85 semantic similarity with project WS/25362/2025/00949.,4.719142441810155,0
93,WS/18523/2025/00743,Maharashtra,NAGPUR,ABHIJIT GANGOPADHYAY,Road Construction,"Widening and strengthening of road near Shanti Nagar village, NAGPUR",2456693.48,2025-10-25,2026-01-10,Sri Lakshmi Contractors,New Recommendation,1608217.0,8,constituency + work_category,52.75883043146541,17.586276810488467,8,2,0.25,25.0,WS/89233/2023/00890,"Widening and strengthening of road near Shanti Nagar village, PUNE",0.940274785574092,94.02747855740921,7.91382456471981,7.5,23.506869639352303,38.92069420407211,Medium,64.30738119312437,False,Text Similarity,Project description has 0.94 semantic similarity with project WS/89233/2023/00890.,4.450043255943282,0
94,WS/83420/2023/00356,Uttar Pradesh,LUCKNOW,MEERA IYER,Community Hall,"Multipurpose community centre building at Bazaar Road panchayat, LUCKNOW",2408356.19,2023-05-26,2023-11-16,Metro Civil Works Pvt Ltd,New Recommendation,2098141.56,7,constituency + work_category,14.785209726268416,4.928403242089472,7,3,0.42857142857142855,42.857142857142854,WS/63522/2025/00879,"Multipurpose community centre building at Bazaar Road panchayat, KOTTAYAM",0.9512948788754635,95.12948788754635,2.2177814589402627,12.857142857142856,23.782371971886587,38.8572962879697,Medium,79.67644084934277,False,Text Similarity,Project description has 0.95 semantic similarity with project WS/63522/2025/00879.,5.240206049329575,0
95,WS/94408/2023/00821,Kerala,IDUKKI,RAVI SHANKAR PRASAD JI,Water Supply / Handpump,"Water supply pipeline extension to Vivekanand Marg area, IDUKKI",707790.08,2023-07-02,2024-02-17,Ganesh Engineering Works,Completed,473073.31,7,constituency + work_category,49.6153059237267,16.538435307908898,7,2,0.2857142857142857,28.57142857142857,WS/73214/2024/00421,"Water supply pipeline extension to Vivekanand Marg area, HINGOLI",0.9102331029057082,91.02331029057082,7.442295888559005,8.571428571428571,22.755827572642705,38.76955203263028,Medium,85.84428715874621,False,Text Similarity,Project description has 0.91 semantic similarity with project WS/73214/2024/00421.,4.859811152320107,0
96,WS/39329/2025/00324,West Bengal,TAMLUK,AASHTIKAR PATIL NAGESH BAPURAO,School Building Repair,"Construction of additional classroom at Nehru Path school, TAMLUK",1676121.61,2025-01-22,2025-06-19,Jai Hind Infrastructure,Completed,1028136.42,7,constituency + work_category,63.02521507797575,21.008405025991916,7,1,0.14285714285714285,14.285714285714285,WS/58177/2025/00260,"Construction of additional classroom at Nehru Path school, TAMLUK",1.0,100.0,9.453782261696363,4.285714285714286,25.0,38.73949654741065,Medium,82.20424671385238,False,Text Similarity,Project description has 1.00 semantic similarity with project WS/58177/2025/00260.,76.36375864905864,1
97,WS/60012/2024/00931,Bihar,GAYA,PRIYA VERMA,Community Hall,"Multipurpose community centre building at Nehru Path panchayat, GAYA",1942237.9,2024-11-30,2025-04-22,Shree Balaji Construction Co.,Sanctioned,2567870.525,8,constituency + work_category,-24.36386955296354,0.0,8,4,0.5,50.0,WS/37235/2023/00069,"Multipurpose community centre building at Panchayat Bhavan Marg panchayat, GAYA",0.9448419126961282,94.48419126961282,0.0,15.0,23.621047817403205,38.62104781740321,Medium,91.80990899898887,True,Text Similarity,Project description has 0.94 semantic similarity with project WS/37235/2023/00069.,6.54456679284697,0
98,WS/85842/2025/00394,Maharashtra,PUNE,ABHIJIT GANGOPADHYAY,Water Supply / Handpump,"Installation of handpump at Station Road village, PUNE",877908.98,2025-01-08,2025-07-27,Deep Construction Co.,New Recommendation,774426.59,7,constituency + work_category,13.362453115149368,4.454151038383122,7,3,0.42857142857142855,42.857142857142854,WS/34688/2024/00327,"Installation of handpump at Shanti Nagar village, PUNE",0.9484189387626722,94.84189387626722,2.004367967272405,12.857142857142856,23.710473469066805,38.57198429348207,Medium,77.65419615773509,False,Text Similarity,Project description has 0.95 semantic similarity with project WS/34688/2024/00327.,6.18333542571607,0
99,WS/16731/2025/00175,West Bengal,KANTHI,AASHTIKAR PATIL NAGESH BAPURAO,Streetlight Installation,"Installation of streetlights at Bazaar Road chowk, KANTHI",363565.6,2025-12-16,2027-01-15,Jai Hind Infrastructure,Ongoing,516926.645,6,constituency + work_category,-29.667854517346466,0.0,6,3,0.5,50.0,WS/24326/2023/00503,"Installation of streetlights at Bazaar Road chowk, KOTTAYAM",0.942770602894623,94.2770602894623,0.0,15.0,23.569265072365575,38.569265072365575,Medium,93.12436804853387,True,Text Similarity,Project description has 0.94 semantic similarity with project WS/24326/2023/00503.,7.158767295943172,0
100,WS/24860/2024/00930,Bihar,GAYA,PRIYA VERMA,Community Hall,"Multipurpose community centre building at Shanti Nagar panchayat, GAYA",2380528.05,2024-10-07,2025-07-12,Shree Balaji Construction Co.,New Recommendation,2567870.525,8,constituency + work_category,-7.295635553899279,0.0,8,4,0.5,50.0,WS/37235/2023/00069,"Multipurpose community centre building at Panchayat Bhavan Marg panchayat, GAYA",0.9420762579274131,94.20762579274131,0.0,15.0,23.551906448185328,38.55190644818533,Medium,88.27098078867543,False,Text Similarity,Project description has 0.94 semantic similarity with project WS/37235/2023/00069.,7.382773828332937,0
101,WS/93037/2023/00933,Bihar,GAYA,PRIYA VERMA,Streetlight Installation,"Installation of streetlights at Ambedkar Colony chowk, GAYA",569623.54,2023-07-16,2024-05-25,Shree Balaji Construction Co.,Completed,462529.35,5,constituency + work_category,23.154031198236407,7.718010399412136,5,2,0.4,40.0,WS/37479/2023/00231,"Installation of streetlights at Ambedkar Colony chowk, AURANGABAD_BR",0.9197780735826067,91.97780735826066,3.473104679735461,12.0,22.994451839565166,38.46755651930063,Medium,87.8665318503539,False,Text Similarity,Project description has 0.92 semantic similarity with project WS/37479/2023/00231.,5.992496056368162,0
102,WS/67780/2024/00913,Maharashtra,AURANGABAD_MH,VIKRAM SINGH RATHORE,Solar Light Installation,"Solar street light at Vivekanand Marg chowk parisar, AURANGABAD_MH",520624.81,2024-05-23,2025-06-04,Progressive Engineers & Contractors,Ongoing,358807.4,9,constituency + work_category,45.09868246864473,15.03289415621491,9,2,0.2222222222222222,22.22222222222222,WS/11111/2023/00906,"Solar street light at Vivekanand Marg chowk parisar, AURANGABAD_MH",1.0,100.0,6.764802370296709,6.666666666666666,25.0,38.43146903696338,Medium,78.26086956521739,False,Text Similarity,Project description has 1.00 semantic similarity with project WS/11111/2023/00906.,69.04328046557055,1
103,WS/37479/2023/00231,Bihar,AURANGABAD_BR,ADITYA YADAV,Streetlight Installation,"Installation of streetlights at Ambedkar Colony chowk, AURANGABAD_BR",598769.22,2023-10-02,2024-09-07,Shree Balaji Construction Co.,Sanctioned,364011.39,8,constituency + work_category,64.49189131142296,21.497297103807654,8,1,0.125,12.5,WS/80854/2023/00518,"Installation of streetlights at Ambedkar Colony chowk, AURANGABAD_BR",1.0000000000000002,100.0,9.673783696713445,3.75,25.0,38.42378369671344,Medium,85.23761375126391,False,Text Similarity,Project description has 1.00 semantic similarity with project WS/80854/2023/00518.,17.55362227055186,0
104,WS/31249/2025/00496,Uttar Pradesh,LUCKNOW,PRIYA VERMA,Streetlight Installation,"Installation of streetlights at Shanti Nagar chowk, LUCKNOW",321273.15,2025-05-26,2025-10-20,New India Construction Co.,Ongoing,186892.53,7,constituency + work_category,71.90261697457893,23.967538991526315,7,1,0.14285714285714285,14.285714285714285,WS/12727/2024/00690,"Installation of streetlights at Shanti Nagar chowk, TAMLUK",0.9318132398590102,93.18132398590102,10.785392546186841,4.285714285714286,23.295330996475254,38.36643782837638,Medium,67.84630940343781,False,Text Similarity,Project description has 0.93 semantic similarity with project WS/12727/2024/00690.,6.843978101689732,0
105,WS/70940/2025/00536,Kerala,KOTTAYAM,ABHIJIT GANGOPADHYAY,Streetlight Installation,"Installation of streetlights at Station Road chowk, KOTTAYAM",366689.81,2025-03-08,2025-06-16,National Builders & Contractors,New Recommendation,366689.81,9,constituency + work_category,0.0,0.0,9,4,0.4444444444444444,44.44444444444444,WS/57381/2025/00157,"Installation of streetlights at Station Road chowk, KOTTAYAM",1.0,100.0,0.0,13.333333333333332,25.0,38.33333333333333,Medium,91.20323559150657,True,Text Similarity,Project description has 1.00 semantic similarity with project WS/57381/2025/00157.,69.41557010065071,1
106,WS/21334/2025/00577,Jammu And Kashmir,SRINAGAR,ADHIKARI SOUMENDU,Solar Light Installation,"Solar street light at Subhash Nagar chowk parisar, SRINAGAR",378097.89,2025-12-01,2026-12-09,National Builders & Contractors,Ongoing,262058.81,9,constituency + work_category,44.279785899966505,14.75992863332217,9,2,0.2222222222222222,22.22222222222222,WS/94466/2025/00651,"Solar street light at Subhash Nagar chowk parisar, SRINAGAR",1.0,100.0,6.641967884994977,6.666666666666666,25.0,38.30863455166164,Medium,77.75530839231547,False,Text Similarity,Project description has 1.00 semantic similarity with project WS/94466/2025/00651.,69.04328046557055,1
107,WS/89635/2025/00152,Kerala,ERNAKULAM,RAJESH KUMAR SHARMA,Streetlight Installation,"Installation of streetlights at Panchayat Bhavan Marg chowk, ERNAKULAM",510493.19,2025-02-24,2025-07-15,Shree Balaji Construction Co.,Ongoing,369398.16500000004,8,constituency + work_category,38.19591930024881,12.731973100082936,8,2,0.25,25.0,WS/72347/2025/00621,"Installation of streetlights at Panchayat Bhavan Marg chowk, ERNAKULAM",1.0000000000000004,100.0,5.729387895037322,7.5,25.0,38.22938789503732,Medium,80.58645096056622,False,Text Similarity,Project description has 1.00 semantic similarity with project WS/72347/2025/00621.,18.53936335864981,0
108,WS/31116/2024/00948,Maharashtra,AURANGABAD_MH,ABU TAHER KHAN,Drainage / Nala,"Construction of drainage/nala near Shanti Nagar area, AURANGABAD_MH",918602.77,2024-04-19,2024-11-25,Shree Balaji Construction Co.,Sanctioned,864694.21,9,constituency + work_category,6.23440742132413,2.078135807108043,9,4,0.4444444444444444,44.44444444444444,WS/49515/2025/00872,"Construction of drainage/nala near Kisan Nagar area, AURANGABAD_MH",0.9563941917591215,95.63941917591215,0.9351611131986194,13.333333333333332,23.909854793978038,38.17834924050999,Medium,80.788675429727,False,Text Similarity,Project description has 0.96 semantic similarity with project WS/49515/2025/00872.,5.620974279851407,0
109,WS/85166/2025/00180,Bihar,PATNA_SAHIB,RAJESH KUMAR SHARMA,Streetlight Installation,"LED streetlight installation along Panchayat Bhavan Marg road, PATNA_SAHIB",570165.17,2025-06-23,2026-01-09,Bharat Infra Solutions,Completed,413897.96,7,constituency + work_category,37.755008504994805,12.585002834998269,7,2,0.2857142857142857,28.57142857142857,WS/32439/2024/00162,"LED streetlight installation along Panchayat Bhavan Marg road, JAMMU",0.9559386963918277,95.59386963918277,5.6632512757492215,8.571428571428571,23.898467409795693,38.13314725697349,Medium,61.476238624873616,False,Text Similarity,Project description has 0.96 semantic similarity with project WS/32439/2024/00162.,5.032280313396678,0
110,WS/35006/2023/00176,Uttar Pradesh,KANPUR,ABU TAHER KHAN,Solar Light Installation,"Solar street light at Andouli chowk parisar, KANPUR",338254.41,2023-05-03,2024-04-20,Deep Construction Co.,Completed,262181.08,6,constituency + work_category,29.015568171433255,9.671856057144417,6,2,0.3333333333333333,33.33333333333333,WS/22358/2025/00465,"Solar street light at Andouli chowk parisar, AURANGABAD_BR",0.949531289104029,94.9531289104029,4.352335225714988,9.999999999999998,23.738282227600724,38.09061745331571,Medium,63.902932254802835,False,Text Similarity,Project description has 0.95 semantic similarity with project WS/22358/2025/00465.,5.2371378679586895,0
111,WS/27001/2023/00504,West Bengal,KANTHI,SANJAY DESHMUKH,Streetlight Installation,"LED streetlight installation along Bazaar Road road, KANTHI",531509.09,2023-12-22,2024-11-15,Jai Hind Infrastructure,New Recommendation,516926.645,6,constituency + work_category,2.8209892333949913,0.9403297444649971,6,3,0.5,50.0,WS/83680/2025/00428,"LED streetlight installation along Bazaar Road road, MURSHIDABAD",0.9063921957078738,90.63921957078738,0.4231483850092487,15.0,22.659804892696844,38.082953277706096,Medium,93.73104145601617,True,Text Similarity,Project description has 0.91 semantic similarity with project WS/83680/2025/00428.,5.4990478480193214,0
112,WS/93138/2023/00926,Bihar,GAYA,PRIYA VERMA,Community Hall,"Construction of community hall at Ambedkar Colony, GAYA",2801729.25,2023-04-04,2024-01-19,Shree Balaji Construction Co.,Ongoing,2567870.525,8,constituency + work_category,9.107107337508776,3.0357024458362583,8,4,0.5,50.0,WS/41850/2023/00018,"Construction of community hall at Ambedkar Colony, AURANGABAD_MH",0.8677987851173503,86.77987851173503,1.3660661006263162,15.0,21.69496962793376,38.06103572856007,Medium,97.77553083923155,True,Text Similarity,Project description has 0.87 semantic similarity with project WS/41850/2023/00018.,5.813478754309641,0
113,WS/93422/2025/00710,Uttar Pradesh,KANPUR,RAVI SHANKAR PRASAD JI,Streetlight Installation,"LED streetlight installation along Subhash Nagar road, KANPUR",500471.12,2025-09-09,2026-03-23,Jai Hind Infrastructure,Sanctioned,383496.405,10,constituency + work_category,30.50216728889544,10.167389096298479,10,3,0.3,30.0,WS/69925/2024/00423,"LED streetlight installation along Ram Nagar road, KANPUR",0.9766787529132306,97.66787529132306,4.575325093334316,9.0,24.416968822830764,37.99229391616508,Medium,73.7108190091001,False,Text Similarity,Project description has 0.98 semantic similarity with project WS/69925/2024/00423.,3.931291734355312,0
114,WS/22672/2024/00171,West Bengal,HOWRAH,RAVI SHANKAR PRASAD JI,Community Hall,"Multipurpose community centre building at Subhash Nagar panchayat, HOWRAH",3563278.29,2024-12-29,2026-01-05,Om Sai Infra Pvt Ltd,Ongoing,2356058.86,9,constituency + work_category,51.238933394049425,17.079644464683142,9,2,0.2222222222222222,22.22222222222222,WS/72419/2024/00917,"Multipurpose community centre building at Ram Nagar panchayat, HOWRAH",0.9450791725545219,94.50791725545218,7.685840009107414,6.666666666666666,23.626979313863046,37.979485989637126,Medium,49.74721941354904,False,Text Similarity,Project description has 0.95 semantic similarity with project WS/72419/2024/00917.,5.6043173219718625,0
115,WS/40102/2024/00199,Maharashtra,HINGOLI,ADV GOWAAL KAGADA PADAVI,School Building Repair,"Construction of additional classroom at Gandhi Chowk school, HINGOLI",1342899.8,2024-10-09,2025-07-13,United Rural Builders,Sanctioned,1134959.65,5,constituency + work_category,18.32136939846277,6.107123132820924,5,2,0.4,40.0,WS/59105/2025/00935,"Construction of additional classroom at Gandhi Chowk school, KOTTAYAM",0.9286111090802728,92.86111090802727,2.7482054097694157,12.0,23.215277727006818,37.96348313677623,Medium,83.61981799797775,False,Text Similarity,Project description has 0.93 semantic similarity with project WS/59105/2025/00935.,6.648350909921715,0
116,WS/75323/2024/00080,West Bengal,TAMLUK,ADV ADOOR PRAKASH,Solar Light Installation,"Solar street light at Kisan Nagar chowk parisar, TAMLUK",419525.46,2024-07-16,2024-11-13,Progressive Engineers & Contractors,Ongoing,315357.8,7,constituency + work_category,33.03157873374308,11.010526244581028,7,2,0.2857142857142857,28.57142857142857,WS/75715/2023/00128,"Solar street light at Shanti Nagar chowk parisar, TAMLUK",0.9767141750768595,97.67141750768596,4.954736810061463,8.571428571428571,24.41785437692149,37.94401975841153,Medium,72.09302325581395,False,Text Similarity,Project description has 0.98 semantic similarity with project WS/75715/2023/00128.,4.339949743013321,0
117,WS/75004/2025/00542,Jammu And Kashmir,JAMMU,ABDUL RASHID SHEIKH,Community Hall,"Construction of community hall at Subhash Nagar, JAMMU",3960179.14,2025-12-16,2026-04-29,Jai Hind Infrastructure,Ongoing,2897305.18,7,constituency + work_category,36.684915601469356,12.228305200489785,7,2,0.2857142857142857,28.57142857142857,WS/32871/2023/00104,"Construction of community hall at Ram Nagar, JAMMU",0.9539146123300419,95.3914612330042,5.502737340220404,8.571428571428571,23.84786530825105,37.92203121990002,Medium,59.04954499494439,False,Text Similarity,Project description has 0.95 semantic similarity with project WS/32871/2023/00104.,5.137543471291414,0
118,WS/79316/2024/00198,West Bengal,TAMLUK,RAVI SHANKAR PRASAD JI,Drainage / Nala,"Construction of drainage/nala near Shanti Nagar area, TAMLUK",888180.69,2024-03-22,2024-07-20,National Builders & Contractors,Sanctioned,750585.74,5,constituency + work_category,18.331676538379206,6.110558846126402,5,2,0.4,40.0,WS/31116/2024/00948,"Construction of drainage/nala near Shanti Nagar area, AURANGABAD_MH",0.926280430190167,92.6280430190167,2.749751480756881,12.0,23.157010754754175,37.90676223551105,Medium,84.6309403437816,False,Text Similarity,Project description has 0.93 semantic similarity with project WS/31116/2024/00948.,5.724702174847809,0
119,WS/93032/2024/00335,Bihar,AURANGABAD_BR,ADHIKARI SOUMENDU,Streetlight Installation,"LED streetlight installation along Subhash Nagar road, AURANGABAD_BR",494017.68,2024-08-14,2024-11-27,National Builders & Contractors,Sanctioned,364011.39,8,constituency + work_category,35.71489617399059,11.904965391330197,8,2,0.25,25.0,WS/10887/2024/00228,"LED streetlight installation along Subhash Nagar road, AURANGABAD_BR",1.0000000000000002,100.0,5.357234426098589,7.5,25.0,37.857234426098586,Medium,78.66531850353893,False,Text Similarity,Project description has 1.00 semantic similarity with project WS/10887/2024/00228.,18.16324360936605,0
120,WS/12609/2025/00644,Maharashtra,PUNE,ADV DEAN KURIAKOSE,Water Supply / Handpump,"Water supply pipeline extension to Andouli area, PUNE",585494.28,2025-01-19,2025-04-10,Deep Construction Co.,Sanctioned,774426.59,7,constituency + work_category,-24.39641309320228,0.0,7,3,0.42857142857142855,42.857142857142854,WS/74923/2024/00084,"Water supply pipeline extension to Andouli area, PUNE",1.0,100.0,0.0,12.857142857142856,25.0,37.857142857142854,Medium,94.03437815975732,True,Text Similarity,Project description has 1.00 semantic similarity with project WS/74923/2024/00084.,71.18771294975198,1
121,WS/29815/2024/00695,Maharashtra,AURANGABAD_MH,ADV ADOOR PRAKASH,School Building Repair,"Repair and renovation of Govt. School building at Kisan Nagar, AURANGABAD_MH",760951.0,2024-03-14,2024-11-10,Shree Balaji Construction Co.,New Recommendation,1224450.24,7,constituency + work_category,-37.85366075799046,0.0,7,3,0.42857142857142855,42.857142857142854,WS/15695/2025/00004,"Repair and renovation of Govt. School building at Kisan Nagar, AURANGABAD_BR",0.9975673537941016,99.75673537941016,0.0,12.857142857142856,24.93918384485254,37.7963267019954,Medium,96.15773508594539,True,Text Similarity,Project description has 1.00 semantic similarity with project WS/15695/2025/00004.,9.742809700462303,0
122,WS/41420/2025/00943,Maharashtra,AURANGABAD_MH,ABU TAHER KHAN,School Building Repair,"Construction of additional classroom at Panchayat Bhavan Marg school, AURANGABAD_MH",1288248.41,2025-06-05,2026-02-03,Shree Balaji Construction Co.,Ongoing,1224450.24,7,constituency + work_category,5.2103521985507495,1.7367840661835832,7,3,0.42857142857142855,42.857142857142854,WS/49602/2024/00325,"Construction of additional classroom at Panchayat Bhavan Marg school, KOTTAYAM",0.961855088988169,96.18550889881689,0.7815528297826124,12.857142857142856,24.046377224704223,37.68507291162969,Medium,79.17087967644085,False,Text Similarity,Project description has 0.96 semantic similarity with project WS/49602/2024/00325.,5.423068236019832,0
123,WS/51864/2025/00655,Jammu And Kashmir,BARAMULLAH,ANITA JOSHI,Water Supply / Handpump,"Installation of handpump at Ambedkar Colony village, BARAMULLAH",878765.21,2025-07-29,2026-08-25,National Builders & Contractors,Sanctioned,503772.11,9,constituency + work_category,74.43705051476549,24.812350171588495,9,1,0.1111111111111111,11.11111111111111,WS/89609/2024/00853,"Installation of handpump at Ambedkar Colony village, ATTINGAL",0.9223723988414947,92.23723988414947,11.165557577214823,3.333333333333333,23.05930997103737,37.55820088158552,Medium,82.70980788675429,False,Text Similarity,Project description has 0.92 semantic similarity with project WS/89609/2024/00853.,6.680236819465106,0
124,WS/92716/2023/00826,Uttar Pradesh,VARANASI,ADV GOWAAL KAGADA PADAVI,Streetlight Installation,"LED streetlight installation along Gandhi Chowk road, VARANASI",595650.8,2023-08-05,2024-02-21,Deep Construction Co.,Sanctioned,370533.855,6,constituency + work_category,60.75475748363131,20.251585827877104,6,1,0.16666666666666666,16.666666666666664,WS/59326/2025/00395,"LED streetlight installation along Gandhi Chowk road, HOWRAH",0.934431291334475,93.4431291334475,9.113213622544697,4.999999999999999,23.360782283361875,37.47399590590657,Medium,49.03943377148635,False,Text Similarity,Project description has 0.93 semantic similarity with project WS/59326/2025/00395.,5.474430416425703,0
125,WS/66603/2024/00222,Bihar,AURANGABAD_BR,ADV DEAN KURIAKOSE,Solar Light Installation,"Solar street light at Shanti Nagar chowk parisar, AURANGABAD_BR",447405.06,2024-08-15,2025-02-07,New India Construction Co.,Sanctioned,298203.85,12,constituency + work_category,50.0332943387552,16.677764779585065,12,2,0.16666666666666666,16.666666666666664,WS/91006/2024/00134,"Solar street light at Shanti Nagar chowk parisar, AURANGABAD_MH",0.9968653014598308,99.68653014598307,7.504994150813279,4.999999999999999,24.921632536495768,37.426626687309046,Medium,65.62184024266936,False,Text Similarity,Project description has 1.00 semantic similarity with project WS/91006/2024/00134.,6.776543003420195,0
126,WS/41091/2023/00091,Kerala,ERNAKULAM,ADV DEAN KURIAKOSE,School Building Repair,"Construction of additional classroom at Subhash Nagar school, ERNAKULAM",1583425.5,2023-10-21,2024-07-03,Metro Civil Works Pvt Ltd,Completed,934267.0,9,constituency + work_category,69.48318842472226,23.161062808240754,9,1,0.1111111111111111,11.11111111111111,WS/99166/2024/00011,"Construction of additional classroom at Kisan Nagar school, ERNAKULAM",0.9455340890960211,94.55340890960211,10.422478263708339,3.333333333333333,23.638352227400528,37.3941638244422,Medium,66.53185035389282,False,Text Similarity,Project description has 0.95 semantic similarity with project WS/99166/2024/00011.,7.3378327113321244,0
127,WS/36037/2024/00343,West Bengal,TAMLUK,ANITA JOSHI,Water Supply / Handpump,"Water supply pipeline extension to Bazaar Road area, TAMLUK",632388.57,2024-01-15,2024-05-12,Om Sai Infra Pvt Ltd,Sanctioned,412863.83,27,state + work_category,53.17122112634568,17.72374037544856,27,6,0.2222222222222222,22.22222222222222,WS/70994/2023/00584,"Water supply pipeline extension to Bazaar Road area, ATTINGAL",0.9093303789008405,90.93303789008405,7.975683168951853,6.666666666666666,22.733259472521013,37.37560930813953,Medium,76.44084934277048,False,Text Similarity,Project description has 0.91 semantic similarity with project WS/70994/2023/00584.,5.920294878817909,0
128,WS/20205/2023/00121,Uttar Pradesh,VARANASI,ABHAY KUMAR SINHA,School Building Repair,"Construction of additional classroom at Vivekanand Marg school, VARANASI",1606470.11,2023-05-14,2024-02-21,Shree Balaji Construction Co.,Sanctioned,1112755.5899999999,8,constituency + work_category,44.36863983761253,14.78954661253751,8,2,0.25,25.0,WS/83048/2023/00096,"Construction of additional classroom at Vivekanand Marg school, KOTTAYAM",0.928523106628872,92.8523106628872,6.65529597564188,7.5,23.2130776657218,37.36837364136368,Medium,66.12740141557128,False,Text Similarity,Project description has 0.93 semantic similarity with project WS/83048/2023/00096.,4.5648018749726775,0
129,WS/67732/2025/00474,Bihar,AURANGABAD_BR,RAJESH KUMAR SHARMA,Streetlight Installation,"Installation of streetlights at Andouli chowk, AURANGABAD_BR",519712.82,2025-07-01,2026-04-13,Jai Hind Infrastructure,Ongoing,364011.39,8,constituency + work_category,42.7737796885971,14.2579265628657,8,2,0.25,25.0,WS/23538/2025/00553,"Installation of streetlights at Andouli chowk, KANPUR",0.9375653854057078,93.75653854057077,6.416066953289565,7.5,23.439134635142693,37.35520158843226,Medium,58.03842264914054,False,Text Similarity,Project description has 0.94 semantic similarity with project WS/23538/2025/00553.,4.8025792587690095,0
130,WS/17816/2025/00072,West Bengal,TAMLUK,RAVI SHANKAR PRASAD JI,Drainage / Nala,"Covered drain construction from Shanti Nagar to Nehru Path, TAMLUK",882871.25,2025-10-17,2026-05-01,National Builders & Contractors,Completed,750585.74,5,constituency + work_category,17.62430365383707,5.874767884612356,5,2,0.4,40.0,WS/46977/2024/00443,"Covered drain construction from Nehru Path to Shanti Nagar, SRINAGAR",0.906157881827716,90.6157881827716,2.6436455480755603,12.0,22.6539470456929,37.29759259376846,Medium,89.88877654196158,False,Text Similarity,Project description has 0.91 semantic similarity with project WS/46977/2024/00443.,5.358026964818154,0
131,WS/22759/2023/00632,Jammu And Kashmir,SRINAGAR,RAJESH KUMAR SHARMA,Solar Light Installation,"Solar street light at Subhash Nagar chowk parisar, SRINAGAR",359720.0,2023-04-28,2024-05-12,New India Construction Co.,Sanctioned,262058.81,9,constituency + work_category,37.266898220288795,12.422299406762932,9,2,0.2222222222222222,22.22222222222222,WS/94466/2025/00651,"Solar street light at Subhash Nagar chowk parisar, SRINAGAR",1.0,100.0,5.5900347330433195,6.666666666666666,25.0,37.25670139970998,Medium,72.90192113245702,False,Text Similarity,Project description has 1.00 semantic similarity with project WS/94466/2025/00651.,73.78066367882568,1
132,WS/12180/2024/00174,Uttar Pradesh,VARANASI,ANITA JOSHI,Solar Light Installation,"Solar light installation near Vivekanand Marg hanuman mandir, VARANASI",278399.94,2024-08-14,2025-07-28,Bharat Infra Solutions,Sanctioned,278399.94,7,constituency + work_category,0.0,0.0,7,3,0.42857142857142855,42.857142857142854,WS/29884/2025/00482,"Solar light installation near Vivekanand Marg hanuman mandir, KOTTAYAM",0.9754450902135559,97.54450902135558,0.0,12.857142857142856,24.386127255338895,37.24327011248175,Medium,83.01314459049544,False,Text Similarity,Project description has 0.98 semantic similarity with project WS/29884/2025/00482.,5.617207962403472,0
133,WS/57381/2025/00919,West Bengal,HOWRAH,ABHIJIT GANGOPADHYAY,Road Construction,Construction of concrete road from Subhash Nagar to Ambedkar Colony in HOWRAH,2479278.26,2025-06-01,2026-02-10,Om Sai Infra Pvt Ltd,Completed,1703447.29,10,constituency + work_category,45.54475941547917,15.181586471826389,10,3,0.3,30.0,WS/36171/2024/00307,Construction of concrete road from Ram Nagar to Andouli in HOWRAH,0.8554013252470152,85.54013252470152,6.8317139123218755,9.0,21.38503313117538,37.21674704349726,Medium,96.05662285136502,True,Text Similarity,Project description has 0.86 semantic similarity with project WS/36171/2024/00307.,4.357667231300354,0
134,WS/13901/2025/00700,Jammu And Kashmir,SRINAGAR,SANJAY DESHMUKH,School Building Repair,"Repair and renovation of Govt. School building at Ambedkar Colony, SRINAGAR",1657291.36,2025-11-30,2026-10-20,Progressive Engineers & Contractors,New Recommendation,1638156.61,5,constituency + work_category,1.168065976304915,0.38935532543497164,5,2,0.4,40.0,WS/94604/2023/00552,"Repair and renovation of Govt. School building at Ambedkar Colony, SRINAGAR",0.9999999999999999,99.99999999999999,0.17520989644573726,12.0,24.999999999999996,37.175209896445736,Medium,87.1587462082912,False,Text Similarity,Project description has 1.00 semantic similarity with project WS/94604/2023/00552.,46.78927369171205,0
135,WS/11526/2025/00352,West Bengal,MURSHIDABAD,VIKRAM SINGH RATHORE,Community Hall,"Multipurpose community centre building at Panchayat Bhavan Marg panchayat, MURSHIDABAD",3159276.61,2025-01-16,2025-09-30,National Builders & Contractors,Completed,2411628.79,7,constituency + work_category,31.00177867755509,10.333926225851698,7,2,0.2857142857142857,28.57142857142857,WS/73463/2023/00835,"Multipurpose community centre building at Panchayat Bhavan Marg panchayat, AURANGABAD_MH",0.9561086921638453,95.61086921638453,4.650266801633264,8.571428571428571,23.902717304096132,37.12441267715796,Medium,55.81395348837209,False,Text Similarity,Project description has 0.96 semantic similarity with project WS/73463/2023/00835.,5.1986016733227896,0
136,WS/46261/2024/00516,Maharashtra,AURANGABAD_MH,ADV GOWAAL KAGADA PADAVI,Water Supply / Handpump,"Water supply pipeline extension to Station Road area, AURANGABAD_MH",824494.91,2024-02-23,2024-08-03,Ganesh Engineering Works,New Recommendation,580570.74,5,constituency + work_category,42.01454761567902,14.004849205226341,5,1,0.2,20.0,WS/41278/2025/00585,"Water supply pipeline extension to Station Road area, AURANGABAD_BR",0.989976358527139,98.9976358527139,6.302182142351853,6.0,24.749408963178475,37.05159110553033,Medium,63.49848331648129,False,Text Similarity,Project description has 0.99 semantic similarity with project WS/41278/2025/00585.,4.284816802287712,0
137,WS/24125/2025/00359,Jammu And Kashmir,BARAMULLAH,PRIYA VERMA,Drainage / Nala,"Construction of drainage/nala near Subhash Nagar area, BARAMULLAH",711341.41,2025-06-09,2025-11-13,Deep Construction Co.,New Recommendation,711341.41,7,constituency + work_category,0.0,0.0,7,3,0.42857142857142855,42.857142857142854,WS/71918/2023/00183,"Construction of drainage/nala near Ram Nagar area, BARAMULLAH",0.965890905815658,96.5890905815658,0.0,12.857142857142856,24.14727264539145,37.00441550253431,Medium,78.36198179979777,False,Text Similarity,Project description has 0.97 semantic similarity with project WS/71918/2023/00183.,5.894068184334362,0
138,WS/85228/2024/00958,Uttar Pradesh,LUCKNOW,ANITA JOSHI,Drainage / Nala,"Covered drain construction from Station Road to Station Road, NAGPUR",392628.17,2024-01-10,2025-01-15,Progressive Engineers & Contractors,Completed,472536.05,5,constituency + work_category,-16.910430431709923,0.0,5,2,0.4,40.0,WS/94366/2024/00960,"Covered drain construction from Station Road to Station Road, NAGPUR",1.0,100.0,0.0,12.0,25.0,37.0,Medium,91.40546006066734,True,Text Similarity,Project description has 1.00 semantic similarity with project WS/94366/2024/00960.,75.94293619005458,1
139,WS/74868/2025/00668,Jammu And Kashmir,BARAMULLAH,ABDUL RASHID SHEIKH,School Building Repair,"Construction of additional classroom at Andouli school, BARAMULLAH",764313.55,2025-03-23,2026-01-16,Sri Lakshmi Contractors,Completed,1372095.45,5,constituency + work_category,-44.295890639386634,0.0,5,2,0.4,40.0,WS/21593/2024/00602,"Construction of additional classroom at Andouli school, BARAMULLAH",1.0,100.0,0.0,12.0,25.0,37.0,Medium,95.95551061678464,True,Text Similarity,Project description has 1.00 semantic similarity with project WS/21593/2024/00602.,72.61666090724084,1
140,WS/74662/2024/00962,Maharashtra,AURANGABAD_MH,ADV K FRANCIS GEORGE,Community Hall,"Construction of community hall at Shanti Nagar, TAMLUK",1257248.91,2024-05-07,2024-12-05,Deep Construction Co.,Sanctioned,2216905.62,5,constituency + work_category,-43.288117515801154,0.0,5,2,0.4,40.0,WS/46002/2025/00961,"Construction of community hall at Shanti Nagar, TAMLUK",1.0000000000000002,100.0,0.0,12.0,25.0,37.0,Medium,95.75328614762387,True,Text Similarity,Project description has 1.00 semantic similarity with project WS/46002/2025/00961.,24.386222101253267,0
141,WS/72530/2024/00439,Maharashtra,AURANGABAD_MH,ABU TAHER KHAN,Community Hall,"Multipurpose community centre building at Nehru Path panchayat, AURANGABAD_MH",2216905.62,2024-09-29,2024-12-02,Deep Construction Co.,Sanctioned,2216905.62,5,constituency + work_category,0.0,0.0,5,2,0.4,40.0,WS/20336/2024/00161,"Multipurpose community centre building at Nehru Path panchayat, AURANGABAD_MH",1.0,100.0,0.0,12.0,25.0,37.0,Medium,86.65318503538928,False,Text Similarity,Project description has 1.00 semantic similarity with project WS/20336/2024/00161.,79.37521790189804,1
142,WS/57537/2023/00101,Uttar Pradesh,KANPUR,ADV DEAN KURIAKOSE,Road Construction,"Widening and strengthening of road near Ram Nagar village, KANPUR",1973477.13,2023-11-09,2024-08-22,Metro Civil Works Pvt Ltd,Ongoing,1592765.25,6,constituency + work_category,23.9025732134726,7.967524404490867,6,2,0.3333333333333333,33.33333333333333,WS/52899/2023/00276,"Widening and strengthening of road near Ram Nagar village, BARAMULLAH",0.9362060587465288,93.62060587465288,3.58538598202089,9.999999999999998,23.40515146866322,36.99053745068411,Medium,67.74519716885743,False,Text Similarity,Project description has 0.94 semantic similarity with project WS/52899/2023/00276.,5.370082772565496,0
143,WS/98250/2023/00936,Kerala,KOTTAYAM,SANJAY DESHMUKH,Community Hall,"Multipurpose community centre building at Gandhi Chowk panchayat, KOTTAYAM",3699017.9,2023-12-27,2024-07-31,Ganesh Engineering Works,Sanctioned,2408036.685,6,constituency + work_category,53.6113599531811,17.870453317727033,6,1,0.16666666666666666,16.666666666666664,WS/54541/2023/00769,"Multipurpose community centre building at Gandhi Chowk panchayat, AURANGABAD_BR",0.9561692021241156,95.61692021241156,8.041703992977165,4.999999999999999,23.90423005310289,36.945934046080055,Medium,35.28816986855409,False,Text Similarity,Project description has 0.96 semantic similarity with project WS/54541/2023/00769.,4.695283988533721,0
144,WS/17492/2024/00023,Jammu And Kashmir,BARAMULLAH,ADV GOWAAL KAGADA PADAVI,Drainage / Nala,"Covered drain construction from Andouli to Bazaar Road, BARAMULLAH",1171838.43,2024-11-14,2025-10-17,Shree Balaji Construction Co.,New Recommendation,711341.41,7,constituency + work_category,64.73642803952603,21.578809346508677,7,1,0.14285714285714285,14.285714285714285,WS/46002/2024/00126,"Covered drain construction from Bazaar Road to Andouli, KOTTAYAM",0.9177009550186794,91.77009550186794,9.710464205928906,4.285714285714286,22.942523875466986,36.93870236711018,Medium,72.29524772497471,False,Text Similarity,Project description has 0.92 semantic similarity with project WS/46002/2024/00126.,6.012432168434371,0
145,WS/37235/2023/00069,Bihar,GAYA,SANJAY DESHMUKH,Community Hall,"Multipurpose community centre building at Panchayat Bhavan Marg panchayat, GAYA",2921573.68,2023-06-01,2024-06-07,Deep Construction Co.,Completed,2567870.525,8,constituency + work_category,13.774181819389057,4.591393939796352,8,3,0.375,37.5,WS/60012/2024/00931,"Multipurpose community centre building at Nehru Path panchayat, GAYA",0.9448419126961282,94.48419126961282,2.0661272729083584,11.25,23.621047817403205,36.93717509031156,Medium,66.6329625884732,False,Text Similarity,Project description has 0.94 semantic similarity with project WS/60012/2024/00931.,5.626682174365892,0
146,WS/51984/2024/00375,Uttar Pradesh,VARANASI,ANITA JOSHI,Solar Light Installation,"Solar light installation near Station Road hanuman mandir, VARANASI",278057.46,2024-08-11,2024-11-01,Bharat Infra Solutions,Ongoing,278399.94,7,constituency + work_category,-0.12301726789164587,0.0,7,3,0.42857142857142855,42.857142857142854,WS/94819/2024/00366,"Solar light installation near Station Road hanuman mandir, KOTTAYAM",0.9624696678073665,96.24696678073666,0.0,12.857142857142856,24.061741695184164,36.91888455232702,Medium,76.13751263902932,False,Text Similarity,Project description has 0.96 semantic similarity with project WS/94819/2024/00366.,4.883449223214264,0
147,WS/94466/2025/00651,Jammu And Kashmir,SRINAGAR,ADITYA YADAV,Solar Light Installation,"Solar street light at Subhash Nagar chowk parisar, SRINAGAR",411586.35,2025-10-24,2026-08-04,Progressive Engineers & Contractors,New Recommendation,262058.81,9,constituency + work_category,57.05877241829801,19.019590806099337,9,1,0.1111111111111111,11.11111111111111,WS/21334/2025/00577,"Solar street light at Subhash Nagar chowk parisar, SRINAGAR",1.0,100.0,8.558815862744702,3.333333333333333,25.0,36.89214919607804,Medium,84.32760364004045,False,Text Similarity,Project description has 1.00 semantic similarity with project WS/21334/2025/00577.,73.27842144340909,1
148,WS/71644/2024/00052,West Bengal,KANTHI,ADV K FRANCIS GEORGE,Solar Light Installation,"Solar light installation near Andouli hanuman mandir, KANTHI",407874.0,2024-01-10,2024-10-11,Bharat Infra Solutions,Completed,301057.32,20,state + work_category,35.48051248180911,11.826837493936369,20,5,0.25,25.0,WS/35369/2024/00505,"Solar light installation near Andouli hanuman mandir, KANPUR",0.9600885635462689,96.00885635462689,5.322076872271366,7.5,24.00221408865672,36.82429096092809,Medium,50.96056622851365,False,Text Similarity,Project description has 0.96 semantic similarity with project WS/35369/2024/00505.,4.824173860171143,0
149,WS/67658/2024/00396,Bihar,PATNA_SAHIB,VIKRAM SINGH RATHORE,Solar Light Installation,"Solar light installation near Shanti Nagar hanuman mandir, PATNA_SAHIB",268738.53,2024-12-09,2025-02-10,United Rural Builders,Ongoing,179785.09,13,constituency + work_category,49.47765134472499,16.492550448241662,13,2,0.15384615384615385,15.384615384615385,WS/76577/2025/00523,"Solar light installation near Ram Nagar hanuman mandir, PATNA_SAHIB",0.9912541090699623,99.12541090699622,7.421647701708748,4.615384615384615,24.781352726749056,36.81838504384242,Medium,64.81294236602629,False,Text Similarity,Project description has 0.99 semantic similarity with project WS/76577/2025/00523.,6.132398221451695,0
150,WS/42539/2024/00418,Kerala,IDUKKI,ADV K FRANCIS GEORGE,School Building Repair,"Construction of additional classroom at Nehru Path school, IDUKKI",1737623.96,2024-09-10,2025-08-10,Shree Balaji Construction Co.,New Recommendation,1101572.44,27,state + work_category,57.74032618317866,19.246775394392888,27,5,0.18518518518518517,18.51851851851852,WS/39329/2025/00324,"Construction of additional classroom at Nehru Path school, TAMLUK",0.9029329676690354,90.29329676690354,8.6610489274768,5.555555555555555,22.573324191725884,36.789928674758244,Medium,74.51971688574316,False,Text Similarity,Project description has 0.90 semantic similarity with project WS/39329/2025/00324.,7.801417687516292,0
151,WS/82512/2023/00360,West Bengal,HOWRAH,ANITA JOSHI,Drainage / Nala,"Covered drain construction from Subhash Nagar to Bazaar Road, HOWRAH",1167469.28,2023-04-05,2024-03-01,Deep Construction Co.,Completed,711107.83,7,constituency + work_category,64.17612501890187,21.392041672967288,7,1,0.14285714285714285,14.285714285714285,WS/38758/2023/00293,"Covered drain construction from Bazaar Road to Subhash Nagar, BARAMULLAH",0.9149863679425472,91.49863679425472,9.62641875283528,4.285714285714286,22.87465919856368,36.78679223711325,Medium,73.60970677451971,False,Text Similarity,Project description has 0.91 semantic similarity with project WS/38758/2023/00293.,5.781274626516394,0
152,WS/96832/2023/00342,West Bengal,MURSHIDABAD,ADITYA YADAV,Water Supply / Handpump,"Installation of handpump at Station Road village, MURSHIDABAD",680018.02,2023-04-10,2023-11-10,Sri Lakshmi Contractors,Completed,400792.35,11,constituency + work_category,69.66841308223573,23.222804360745243,11,1,0.09090909090909091,9.090909090909092,WS/74463/2025/00889,"Installation of handpump at Shanti Nagar village, MURSHIDABAD",0.9436159303983056,94.36159303983057,10.45026196233536,2.7272727272727275,23.59039825995764,36.76793294956573,Medium,72.69969666329625,False,Text Similarity,Project description has 0.94 semantic similarity with project WS/74463/2025/00889.,6.819330373451236,0
153,WS/23937/2024/00563,Kerala,ATTINGAL,ADV GOWAAL KAGADA PADAVI,Solar Light Installation,"Solar light installation near Ram Nagar hanuman mandir, ATTINGAL",377793.99,2024-07-11,2025-07-18,National Builders & Contractors,Completed,268886.61,5,constituency + work_category,40.50308790013754,13.501029300045845,5,1,0.2,20.0,WS/77632/2023/00238,"Solar light installation near Shanti Nagar hanuman mandir, ATTINGAL",0.9855287842649847,98.55287842649847,6.07546318502063,6.0,24.638219606624617,36.71368279164525,Medium,59.25176946410515,False,Text Similarity,Project description has 0.99 semantic similarity with project WS/77632/2023/00238.,3.8382893433297123,0
154,WS/45007/2025/00546,Uttar Pradesh,VARANASI,SANJAY DESHMUKH,Streetlight Installation,"LED streetlight installation along Ram Nagar road, VARANASI",563118.91,2025-08-26,2026-03-13,New India Construction Co.,New Recommendation,370533.855,6,constituency + work_category,51.975022633222025,17.32500754440734,6,1,0.16666666666666666,16.666666666666664,WS/38014/2025/00704,"LED streetlight installation along Ram Nagar road, AURANGABAD_BR",0.9562392534931191,95.62392534931192,7.796253394983304,4.999999999999999,23.90598133732798,36.70223473231128,Medium,33.67037411526795,False,Text Similarity,Project description has 0.96 semantic similarity with project WS/38014/2025/00704.,4.695283988533721,0
155,WS/71995/2024/00427,Kerala,KOTTAYAM,ADV ADOOR PRAKASH,Streetlight Installation,"LED streetlight installation along Andouli road, KOTTAYAM",344498.44,2024-04-25,2024-10-02,National Builders & Contractors,Ongoing,366689.81,9,constituency + work_category,-6.051809838948073,0.0,9,4,0.4444444444444444,44.44444444444444,WS/96266/2025/00839,"LED streetlight installation along Andouli road, HINGOLI",0.9323073535599324,93.23073535599325,0.0,13.333333333333332,23.30768383899831,36.641017172331644,Medium,84.0242669362993,False,Text Similarity,Project description has 0.93 semantic similarity with project WS/96266/2025/00839.,5.375296777056837,0
156,WS/85197/2024/00419,Kerala,KOTTAYAM,ABHAY KUMAR SINHA,Streetlight Installation,"Installation of streetlights at Nehru Path chowk, KOTTAYAM",569128.31,2024-07-31,2025-03-08,New India Construction Co.,Ongoing,366689.81,9,constituency + work_category,55.20701543356225,18.402338477854084,9,1,0.1111111111111111,11.11111111111111,WS/61508/2025/00650,"Installation of streetlights at Nehru Path chowk, KOTTAYAM",1.0000000000000002,100.0,8.281052315034337,3.333333333333333,25.0,36.61438564836767,Medium,83.417593528817,False,Text Similarity,Project description has 1.00 semantic similarity with project WS/61508/2025/00650.,18.463203282406205,0
157,WS/19643/2025/00947,Maharashtra,AURANGABAD_MH,ABU TAHER KHAN,School Building Repair,"Repair and renovation of Govt. School building at Ambedkar Colony, AURANGABAD_MH",540940.41,2025-06-23,2025-09-02,Shree Balaji Construction Co.,Sanctioned,1224450.24,7,constituency + work_category,-55.82177271654584,0.0,7,3,0.42857142857142855,42.857142857142854,WS/27677/2024/00471,"Repair and renovation of Govt. School building at Ambedkar Colony, ATTINGAL",0.9488632040160846,94.88632040160846,0.0,12.857142857142856,23.721580100402115,36.57872295754497,Medium,92.21435793731041,True,Text Similarity,Project description has 0.95 semantic similarity with project WS/27677/2024/00471.,4.054228937878335,0
158,WS/24089/2025/00169,Maharashtra,PUNE,VIKRAM SINGH RATHORE,Streetlight Installation,"LED streetlight installation along Subhash Nagar road, PUNE",547052.76,2025-01-29,2025-11-25,Bharat Infra Solutions,Completed,463412.09,6,constituency + work_category,18.048875246219833,6.0162917487399445,6,2,0.3333333333333333,33.33333333333333,WS/49926/2023/00725,"LED streetlight installation along Bazaar Road road, PUNE",0.9540486264672379,95.40486264672379,2.707331286932975,9.999999999999998,23.851215661680946,36.55854694861392,Medium,58.24064711830131,False,Text Similarity,Project description has 0.95 semantic similarity with project WS/49926/2023/00725.,5.10046454357683,0
159,WS/38905/2024/00246,West Bengal,HOWRAH,SANJAY DESHMUKH,Water Supply / Handpump,"Water supply pipeline extension to Nehru Path area, HOWRAH",787924.26,2024-08-13,2025-01-05,Om Sai Infra Pvt Ltd,Completed,714243.84,9,constituency + work_category,10.315863557185184,3.4386211857283944,9,3,0.3333333333333333,33.33333333333333,WS/38760/2025/00049,"Water supply pipeline extension to Nehru Path area, HOWRAH",0.9999999999999998,99.99999999999997,1.5473795335777776,9.999999999999998,24.999999999999993,36.54737953357777,Medium,81.49646107178968,False,Text Similarity,Project description has 1.00 semantic similarity with project WS/38760/2025/00049.,11.50705466103556,0
160,WS/18675/2025/00008,Kerala,KOTTAYAM,ABDUL RASHID SHEIKH,Drainage / Nala,"Covered drain construction from Gandhi Chowk to Bazaar Road, KOTTAYAM",1039622.33,2025-07-03,2026-02-09,Sri Lakshmi Contractors,New Recommendation,747976.075,8,constituency + work_category,38.991388193800184,12.997129397933396,8,2,0.25,25.0,WS/34116/2025/00383,"Covered drain construction from Gandhi Chowk to Bazaar Road, JAMMU",0.9278042286921937,92.78042286921936,5.848708229070028,7.5,23.19510571730484,36.54381394637487,Medium,61.67846309403438,False,Text Similarity,Project description has 0.93 semantic similarity with project WS/34116/2025/00383.,4.33622587264538,0
161,WS/84946/2024/00083,Bihar,PATNA_SAHIB,RAVI SHANKAR PRASAD JI,Solar Light Installation,"Solar street light at Subhash Nagar chowk parisar, PATNA_SAHIB",290200.52,2024-07-10,2025-02-19,Ganesh Engineering Works,Ongoing,179785.09,13,constituency + work_category,61.415231930523284,20.471743976841093,13,1,0.07692307692307693,7.6923076923076925,WS/57622/2024/00636,"Solar street light at Subhash Nagar chowk parisar, PATNA_SAHIB",1.0,100.0,9.212284789578492,2.3076923076923075,25.0,36.5199770972708,Medium,89.48432760364004,False,Text Similarity,Project description has 1.00 semantic similarity with project WS/57622/2024/00636.,72.44020895283667,1
162,WS/89498/2023/00869,Maharashtra,HINGOLI,ABDUL RASHID SHEIKH,Water Supply / Handpump,"Installation of handpump at Ram Nagar village, HINGOLI",721328.29,2023-11-04,2024-05-28,Metro Civil Works Pvt Ltd,New Recommendation,698126.63,5,constituency + work_category,3.3234171284943006,1.1078057094981002,5,2,0.4,40.0,WS/44312/2023/00657,"Installation of handpump at Kisan Nagar village, HINGOLI",0.9601665569747893,96.01665569747892,0.4985125692741451,12.0,24.00416392436973,36.502676493643875,Medium,70.27300303336703,False,Text Similarity,Project description has 0.96 semantic similarity with project WS/44312/2023/00657.,6.108939040842249,0
163,WS/71066/2024/00619,Bihar,PATNA_SAHIB,SANJAY DESHMUKH,Drainage / Nala,"Construction of drainage/nala near Ram Nagar area, PATNA_SAHIB",762825.9,2024-05-22,2024-09-16,New India Construction Co.,Completed,843338.5,5,constituency + work_category,-9.546890127748227,0.0,5,2,0.4,40.0,WS/44053/2024/00438,"Construction of drainage/nala near Shanti Nagar area, PATNA_SAHIB",0.9781069779995972,97.81069779995973,0.0,12.0,24.45267444998993,36.45267444998993,Medium,83.3164812942366,False,Text Similarity,Project description has 0.98 semantic similarity with project WS/44053/2024/00438.,5.184088525100934,0
164,WS/56548/2025/00357,Kerala,KOTTAYAM,MEERA IYER,Road Construction,"CC road construction at Panchayat Bhavan Marg ward, KOTTAYAM",965642.94,2025-02-03,2025-07-26,Shree Balaji Construction Co.,New Recommendation,1037620.92,5,constituency + work_category,-6.936828143364735,0.0,5,2,0.4,40.0,WS/57472/2025/00057,"CC road construction at Panchayat Bhavan Marg ward, AURANGABAD_MH",0.9736862553772885,97.36862553772885,0.0,12.0,24.34215638443221,36.342156384432215,Medium,80.68756319514662,False,Text Similarity,Project description has 0.97 semantic similarity with project WS/57472/2025/00057.,4.903648553087929,0
165,WS/66980/2024/00529,Uttar Pradesh,KANPUR,ADITYA YADAV,Drainage / Nala,"Construction of drainage/nala near Kisan Nagar area, KANPUR",913365.11,2024-02-19,2024-09-19,Jai Hind Infrastructure,New Recommendation,590159.745,14,state + work_category,54.76574228220191,18.255247427400636,14,2,0.14285714285714285,14.285714285714285,WS/49515/2025/00872,"Construction of drainage/nala near Kisan Nagar area, AURANGABAD_MH",0.9535824680294953,95.35824680294954,8.214861342330286,4.285714285714286,23.839561700737384,36.34013732878196,Medium,43.882709807886755,False,Text Similarity,Project description has 0.95 semantic similarity with project WS/49515/2025/00872.,4.692054936904945,0
166,WS/24540/2025/00945,Maharashtra,AURANGABAD_MH,ABU TAHER KHAN,Drainage / Nala,"Construction of drainage/nala near Ambedkar Colony area, AURANGABAD_MH",864694.21,2025-01-13,2026-01-04,Shree Balaji Construction Co.,Completed,864694.21,9,constituency + work_category,0.0,0.0,9,4,0.4444444444444444,44.44444444444444,WS/66087/2024/00817,"Construction of drainage/nala near Ambedkar Colony area, KOTTAYAM",0.9192828135844596,91.92828135844596,0.0,13.333333333333332,22.98207033961149,36.315403672944825,Medium,85.9453993933266,False,Text Similarity,Project description has 0.92 semantic similarity with project WS/66087/2024/00817.,5.63770747544807,0
167,WS/25362/2025/00949,Maharashtra,AURANGABAD_MH,ABU TAHER KHAN,Drainage / Nala,"Covered drain construction from Vivekanand Marg to Vivekanand Marg, AURANGABAD_MH",893699.75,2025-01-06,2026-01-11,Shree Balaji Construction Co.,Completed,864694.21,9,constituency + work_category,3.3544274570775765,1.1181424856925255,9,4,0.4444444444444444,44.44444444444444,WS/95720/2024/00788,"Covered drain construction from Vivekanand Marg to Andouli, TAMLUK",0.8982351755883586,89.82351755883586,0.5031641185616365,13.333333333333332,22.455879389708965,36.29237684160393,Medium,91.6076845298281,True,Text Similarity,Project description has 0.90 semantic similarity with project WS/95720/2024/00788.,5.845145393463167,0
168,WS/89194/2024/00355,Kerala,ATTINGAL,ABHIJIT GANGOPADHYAY,School Building Repair,"Construction of additional classroom at Bazaar Road school, ATTINGAL",977273.97,2024-10-22,2025-09-28,Shree Balaji Construction Co.,Completed,977273.97,7,constituency + work_category,0.0,0.0,7,3,0.42857142857142855,42.857142857142854,WS/19556/2024/00742,"Construction of additional classroom at Bazaar Road school, AURANGABAD_BR",0.936947326936823,93.6947326936823,0.0,12.857142857142856,23.423683173420574,36.28082603056343,Medium,75.32861476238625,False,Text Similarity,Project description has 0.94 semantic similarity with project WS/19556/2024/00742.,5.369798194785878,0
169,WS/14898/2024/00467,Kerala,ATTINGAL,ADV K FRANCIS GEORGE,Solar Light Installation,"Solar street light at Kisan Nagar chowk parisar, ATTINGAL",268886.61,2024-08-12,2025-08-02,Om Sai Infra Pvt Ltd,New Recommendation,268886.61,5,constituency + work_category,0.0,0.0,5,2,0.4,40.0,WS/75323/2024/00080,"Solar street light at Kisan Nagar chowk parisar, TAMLUK",0.9709861669272997,97.09861669272996,0.0,12.0,24.27465417318249,36.27465417318249,Medium,74.21638018200201,False,Text Similarity,Project description has 0.97 semantic similarity with project WS/75323/2024/00080.,4.546595394169484,0
170,WS/91877/2024/00787,Maharashtra,NAGPUR,ANITA JOSHI,Road Construction,"Widening and strengthening of road near Gandhi Chowk village, NAGPUR",2186561.37,2024-02-25,2025-02-06,Progressive Engineers & Contractors,Ongoing,1608217.0,8,constituency + work_category,35.961836617819614,11.987278872606538,8,2,0.25,25.0,WS/18523/2025/00743,"Widening and strengthening of road near Shanti Nagar village, NAGPUR",0.9346165839325343,93.46165839325343,5.394275492672942,7.5,23.365414598313357,36.2596900909863,Medium,53.892821031344795,False,Text Similarity,Project description has 0.93 semantic similarity with project WS/18523/2025/00743.,5.695742767037381,0
171,WS/49062/2024/00722,Bihar,PATNA_SAHIB,ADHIKARI SOUMENDU,Road Construction,"Widening and strengthening of road near Subhash Nagar village, PATNA_SAHIB",1844608.23,2024-02-28,2024-07-29,Shree Balaji Construction Co.,Completed,1339439.56,7,constituency + work_category,37.714928324201495,12.571642774733832,7,2,0.2857142857142857,28.57142857142857,WS/68034/2025/00416,"Widening and strengthening of road near Subhash Nagar village, VARANASI",0.8809906317137801,88.099063171378,5.6572392486302245,8.571428571428571,22.0247657928445,36.253433612903294,Medium,89.98988877654196,False,Text Similarity,Project description has 0.88 semantic similarity with project WS/68034/2025/00416.,4.8427462189086725,0
172,WS/32939/2024/00512,West Bengal,MURSHIDABAD,RAJESH KUMAR SHARMA,School Building Repair,"Repair and renovation of Govt. School building at Ram Nagar, MURSHIDABAD",1561240.46,2024-02-04,2024-07-23,United Rural Builders,New Recommendation,1021864.43,9,constituency + work_category,52.78352139138456,17.59450713046152,9,1,0.1111111111111111,11.11111111111111,WS/51800/2023/00237,"Repair and renovation of Govt. School building at Ram Nagar, MURSHIDABAD",1.0,100.0,7.917528208707684,3.333333333333333,25.0,36.250861542041015,Medium,82.6086956521739,False,Text Similarity,Project description has 1.00 semantic similarity with project WS/51800/2023/00237.,72.89798590968071,1
173,WS/16889/2025/00827,Kerala,ERNAKULAM,ABDUL RASHID SHEIKH,Solar Light Installation,"Solar street light at Shanti Nagar chowk parisar, ERNAKULAM",216600.59,2025-07-26,2026-01-09,Deep Construction Co.,Ongoing,264186.325,8,constituency + work_category,-18.012187042610936,0.0,8,3,0.375,37.5,WS/54657/2024/00066,"Solar street light at Shanti Nagar chowk parisar, ERNAKULAM",1.0,100.0,0.0,11.25,25.0,36.25,Medium,89.18099089989889,False,Text Similarity,Project description has 1.00 semantic similarity with project WS/54657/2024/00066.,73.6960648418734,1
174,WS/46002/2025/00961,Bihar,GAYA,AASHTIKAR PATIL NAGESH BAPURAO,Community Hall,"Construction of community hall at Shanti Nagar, TAMLUK",1598818.7,2025-07-28,2026-04-26,Deep Construction Co.,New Recommendation,2567870.525,8,constituency + work_category,-37.737565643034124,0.0,8,3,0.375,37.5,WS/67105/2023/00963,"Construction of community hall at Shanti Nagar, TAMLUK",1.0000000000000002,100.0,0.0,11.25,25.0,36.25,Medium,93.42770475227502,True,Text Similarity,Project description has 1.00 semantic similarity with project WS/67105/2023/00963.,20.517749773272563,0
175,WS/71216/2024/00952,Bihar,PATNA_SAHIB,VIKRAM SINGH RATHORE,Community Hall,"Construction of community hall at Shanti Nagar, BARAMULLAH",1157906.42,2024-03-22,2025-02-27,Progressive Engineers & Contractors,New Recommendation,2633655.8600000003,8,constituency + work_category,-56.03425498424841,0.0,8,3,0.375,37.5,WS/86499/2025/00953,"Construction of community hall at Shanti Nagar, BARAMULLAH",1.0000000000000004,100.0,0.0,11.25,25.0,36.25,Medium,96.35995955510617,True,Text Similarity,Project description has 1.00 semantic similarity with project WS/86499/2025/00953.,19.90478772750268,0
176,WS/67870/2024/00697,Jammu And Kashmir,JAMMU,ABHIJIT GANGOPADHYAY,Solar Light Installation,"Solar light installation near Station Road hanuman mandir, JAMMU",171885.18,2024-04-05,2024-08-23,Deep Construction Co.,New Recommendation,261967.02,5,constituency + work_category,-34.38671020497161,0.0,5,2,0.4,40.0,WS/29441/2024/00284,"Solar light installation near Ram Nagar hanuman mandir, JAMMU",0.9687790964382897,96.87790964382897,0.0,12.0,24.219477410957243,36.21947741095724,Medium,88.67542972699697,False,Text Similarity,Project description has 0.97 semantic similarity with project WS/29441/2024/00284.,4.129327344685162,0
177,WS/83724/2025/00696,Kerala,ATTINGAL,MEERA IYER,Solar Light Installation,"Solar light installation near Andouli hanuman mandir, ATTINGAL",259997.47,2025-08-09,2025-12-03,Om Sai Infra Pvt Ltd,Completed,268886.61,5,constituency + work_category,-3.305906530637574,0.0,5,2,0.4,40.0,WS/35369/2024/00505,"Solar light installation near Andouli hanuman mandir, KANPUR",0.9686206440062382,96.86206440062381,0.0,12.0,24.215516100155952,36.21551610015595,Medium,75.12639029322547,False,Text Similarity,Project description has 0.97 semantic similarity with project WS/35369/2024/00505.,4.278842836639615,0
178,WS/80968/2025/00310,Jammu And Kashmir,SRINAGAR,ABDUL RASHID SHEIKH,Drainage / Nala,"Construction of drainage/nala near Subhash Nagar area, SRINAGAR",977011.63,2025-02-12,2025-06-01,Om Sai Infra Pvt Ltd,New Recommendation,641075.81,7,constituency + work_category,52.40188675969538,17.467295586565125,7,1,0.14285714285714285,14.285714285714285,WS/18569/2024/00756,"Construction of drainage/nala near Ram Nagar area, SRINAGAR",0.9616880948932462,96.16880948932463,7.860283013954307,4.285714285714286,24.042202372331158,36.188199671999755,Medium,48.33164812942366,False,Text Similarity,Project description has 0.96 semantic similarity with project WS/18569/2024/00756.,4.220013240961136,0
179,WS/42483/2023/00578,Jammu And Kashmir,JAMMU,VIKRAM SINGH RATHORE,Solar Light Installation,"Solar light installation near Vivekanand Marg hanuman mandir, JAMMU",261967.02,2023-04-15,2024-01-19,Deep Construction Co.,Ongoing,261967.02,5,constituency + work_category,0.0,0.0,5,2,0.4,40.0,WS/31319/2024/00006,"Solar light installation near Vivekanand Marg hanuman mandir, AURANGABAD_BR",0.9669582552643543,96.69582552643543,0.0,12.0,24.173956381608857,36.17395638160886,Medium,71.99191102123356,False,Text Similarity,Project description has 0.97 semantic similarity with project WS/31319/2024/00006.,4.747364360128187,0
180,WS/71918/2023/00183,Jammu And Kashmir,BARAMULLAH,ANITA JOSHI,Drainage / Nala,"Construction of drainage/nala near Ram Nagar area, BARAMULLAH",874150.12,2023-05-24,2023-09-12,Sri Lakshmi Contractors,New Recommendation,711341.41,7,constituency + work_category,22.88756252781628,7.629187509272092,7,2,0.2857142857142857,28.57142857142857,WS/24125/2025/00359,"Construction of drainage/nala near Subhash Nagar area, BARAMULLAH",0.965890905815658,96.5890905815658,3.4331343791724414,8.571428571428571,24.14727264539145,36.151835595992466,Medium,56.01617795753286,False,Text Similarity,Project description has 0.97 semantic similarity with project WS/24125/2025/00359.,5.769213041123926,0
181,WS/23970/2023/00406,Uttar Pradesh,BADAUN,ANITA JOSHI,Road Construction,"CC road construction at Shanti Nagar ward, BADAUN",1437550.8,2023-10-28,2024-06-05,Sri Lakshmi Contractors,New Recommendation,1251443.99,6,constituency + work_category,14.871365517525085,4.957121839175028,6,2,0.3333333333333333,33.33333333333333,WS/84991/2025/00163,"CC road construction at Subhash Nagar ward, BADAUN",0.9565302583926415,95.65302583926415,2.2307048276287627,9.999999999999998,23.913256459816036,36.143961287444796,Medium,57.128412537917086,False,Text Similarity,Project description has 0.96 semantic similarity with project WS/84991/2025/00163.,5.295201385682094,0
182,WS/75612/2024/00012,Kerala,KOTTAYAM,ABHIJIT GANGOPADHYAY,Community Hall,"Construction of community hall at Shanti Nagar, KOTTAYAM",2586913.13,2024-07-08,2024-09-07,Deep Construction Co.,New Recommendation,2408036.685,6,constituency + work_category,7.4283106280833024,2.476103542694434,6,2,0.3333333333333333,33.33333333333333,WS/92317/2025/00608,"Construction of community hall at Shanti Nagar, KOTTAYAM",1.0000000000000002,100.0,1.1142465942124953,9.999999999999998,25.0,36.114246594212496,Medium,79.92922143579374,False,Text Similarity,Project description has 1.00 semantic similarity with project WS/92317/2025/00608.,20.569943474552545,0
183,WS/75841/2023/00865,Maharashtra,PUNE,ADV ADOOR PRAKASH,Water Supply / Handpump,"Installation of handpump at Bazaar Road village, PUNE",774426.59,2023-10-21,2024-08-18,Deep Construction Co.,Completed,774426.59,7,constituency + work_category,0.0,0.0,7,3,0.42857142857142855,42.857142857142854,WS/85842/2025/00394,"Installation of handpump at Station Road village, PUNE",0.9294968655578444,92.94968655578444,0.0,12.857142857142856,23.23742163894611,36.094564496088964,Medium,79.57532861476238,False,Text Similarity,Project description has 0.93 semantic similarity with project WS/85842/2025/00394.,6.835972441377917,0
184,WS/28423/2025/00645,Uttar Pradesh,VARANASI,ABHAY KUMAR SINHA,School Building Repair,"Repair and renovation of Govt. School building at Gandhi Chowk, VARANASI",1655482.54,2025-02-16,2026-03-19,Om Sai Infra Pvt Ltd,Sanctioned,1112755.5899999999,8,constituency + work_category,48.77323959343131,16.25774653114377,8,1,0.125,12.5,WS/96870/2025/00102,"Repair and renovation of Govt. School building at Gandhi Chowk, VARANASI",1.0,100.0,7.315985939014697,3.75,25.0,36.065985939014695,Medium,77.14863498483317,False,Text Similarity,Project description has 1.00 semantic similarity with project WS/96870/2025/00102.,74.7034013935248,1
185,WS/49507/2024/00119,Uttar Pradesh,VARANASI,ABDUL RASHID SHEIKH,Drainage / Nala,"Covered drain construction from Gandhi Chowk to Shanti Nagar, VARANASI",655737.06,2024-12-04,2025-03-02,Shree Balaji Construction Co.,Ongoing,655737.06,5,constituency + work_category,0.0,0.0,5,2,0.4,40.0,WS/96652/2024/00397,"Covered drain construction from Gandhi Chowk to Subhash Nagar, VARANASI",0.9623557120623554,96.23557120623553,0.0,12.0,24.058892801558883,36.05889280155888,Medium,68.85743174924166,False,Text Similarity,Project description has 0.96 semantic similarity with project WS/96652/2024/00397.,5.066226922800564,0
186,WS/96410/2023/00944,Maharashtra,AURANGABAD_MH,ABU TAHER KHAN,Drainage / Nala,"Construction of drainage/nala near Andouli area, AURANGABAD_MH",781875.5,2023-12-08,2024-08-17,Shree Balaji Construction Co.,New Recommendation,864694.21,9,constituency + work_category,-9.577803232890847,0.0,9,4,0.4444444444444444,44.44444444444444,WS/50737/2025/00823,"Construction of drainage/nala near Andouli area, ATTINGAL",0.9069369452560803,90.69369452560802,0.0,13.333333333333332,22.673423631402006,36.00675696473534,Medium,91.50657229524772,True,Text Similarity,Project description has 0.91 semantic similarity with project WS/50737/2025/00823.,3.4573604244936407,0
187,WS/34101/2024/00204,Kerala,ERNAKULAM,ANITA JOSHI,Community Hall,"Construction of community hall at Station Road, ERNAKULAM",3240771.02,2024-05-23,2024-10-06,Bharat Infra Solutions,Sanctioned,2323014.515,12,constituency + work_category,39.50713605420584,13.169045351401945,12,3,0.25,25.0,WS/45358/2023/00224,"Construction of community hall at Ram Nagar, ERNAKULAM",0.9031782258368819,90.31782258368818,5.926070408130875,7.5,22.579455645922046,36.00552605405292,Medium,77.95753286147624,False,Text Similarity,Project description has 0.90 semantic similarity with project WS/45358/2023/00224.,4.541248147702776,0
188,WS/44312/2023/00657,Maharashtra,HINGOLI,RAVI SHANKAR PRASAD JI,Water Supply / Handpump,"Installation of handpump at Kisan Nagar village, HINGOLI",628402.21,2023-11-21,2024-03-05,Metro Civil Works Pvt Ltd,Ongoing,698126.63,5,constituency + work_category,-9.98736002951213,0.0,5,2,0.4,40.0,WS/89498/2023/00869,"Installation of handpump at Ram Nagar village, HINGOLI",0.9601665569747893,96.01665569747892,0.0,12.0,24.00416392436973,36.004163924369735,Medium,74.62082912032356,False,Text Similarity,Project description has 0.96 semantic similarity with project WS/89498/2023/00869.,4.820215087765954,0
189,WS/96200/2024/00077,Uttar Pradesh,BADAUN,MEERA IYER,Road Construction,"Widening and strengthening of road near Station Road village, BADAUN",1334679.17,2024-02-26,2024-06-24,Sri Lakshmi Contractors,Completed,1251443.99,6,constituency + work_category,6.651131066600906,2.2170436888669687,6,2,0.3333333333333333,33.33333333333333,WS/84743/2024/00718,"Widening and strengthening of road near Station Road village, BADAUN",1.0000000000000004,100.0,0.9976696599901359,9.999999999999998,25.0,35.99766965999014,Medium,79.27199191102123,False,Text Similarity,Project description has 1.00 semantic similarity with project WS/84743/2024/00718.,20.74891543716937,0
190,WS/45665/2025/00117,Kerala,KOTTAYAM,ABHAY KUMAR SINHA,Road Construction,"Widening and strengthening of road near Ambedkar Colony village, KOTTAYAM",1064485.84,2025-05-12,2026-05-23,Shree Balaji Construction Co.,Completed,1037620.92,5,constituency + work_category,2.589088122857049,0.863029374285683,5,2,0.4,40.0,WS/62436/2023/00842,"Widening and strengthening of road near Ambedkar Colony village, AURANGABAD_BR",0.9434127071295477,94.34127071295477,0.38836321842855737,12.0,23.58531767823869,35.97368089666725,Medium,65.82406471183013,False,Text Similarity,Project description has 0.94 semantic similarity with project WS/62436/2023/00842.,6.785682438590096,0
191,WS/94498/2025/00384,Jammu And Kashmir,BARAMULLAH,ADHIKARI SOUMENDU,Water Supply / Handpump,"Water supply pipeline extension to Station Road area, BARAMULLAH",759762.04,2025-08-20,2025-11-15,United Rural Builders,Sanctioned,503772.11,9,constituency + work_category,50.81462925766177,16.938209752553924,9,1,0.1111111111111111,11.11111111111111,WS/53369/2023/00047,"Water supply pipeline extension to Station Road area, BARAMULLAH",0.9999999999999999,99.99999999999999,7.622194388649266,3.333333333333333,24.999999999999996,35.95552772198259,Medium,81.59757330637008,False,Text Similarity,Project description has 1.00 semantic similarity with project WS/53369/2023/00047.,39.41065109344658,0
192,WS/55252/2024/00703,Kerala,ERNAKULAM,MEERA IYER,Water Supply / Handpump,"Installation of handpump at Panchayat Bhavan Marg village, ERNAKULAM",343593.5,2024-10-09,2025-10-23,Jai Hind Infrastructure,Sanctioned,373343.33,5,constituency + work_category,-7.968491093707236,0.0,5,2,0.4,40.0,WS/27102/2024/00871,"Installation of handpump at Panchayat Bhavan Marg village, KOTTAYAM",0.9579124554067145,95.79124554067145,0.0,12.0,23.947811385167864,35.94781138516787,Medium,72.19413549039434,False,Text Similarity,Project description has 0.96 semantic similarity with project WS/27102/2024/00871.,6.14683158720854,0
193,WS/70036/2023/00595,Uttar Pradesh,LUCKNOW,RAVI SHANKAR PRASAD JI,Community Hall,"Construction of community hall at Vivekanand Marg, LUCKNOW",1803725.06,2023-04-26,2024-01-18,Metro Civil Works Pvt Ltd,Ongoing,2098141.56,7,constituency + work_category,-14.03225147496721,0.0,7,3,0.42857142857142855,42.857142857142854,WS/42370/2024/00868,"Construction of community hall at Vivekanand Marg, KANPUR",0.9230311184640807,92.30311184640807,0.0,12.857142857142856,23.075777961602018,35.932920818744876,Medium,87.36097067745197,False,Text Similarity,Project description has 0.92 semantic similarity with project WS/42370/2024/00868.,4.470323255658146,0
194,WS/40122/2025/00401,Uttar Pradesh,LUCKNOW,ANITA JOSHI,Community Hall,"Construction of community hall at Subhash Nagar, LUCKNOW",1919304.25,2025-03-03,2025-10-24,Metro Civil Works Pvt Ltd,Completed,2098141.56,7,constituency + work_category,-8.523605528313354,0.0,7,3,0.42857142857142855,42.857142857142854,WS/75004/2025/00542,"Construction of community hall at Subhash Nagar, JAMMU",0.9224927359772279,92.24927359772279,0.0,12.857142857142856,23.062318399430698,35.919461256573555,Medium,85.74317492416583,False,Text Similarity,Project description has 0.92 semantic similarity with project WS/75004/2025/00542.,4.516651425480292,0
195,WS/12758/2025/00883,West Bengal,MURSHIDABAD,ADHIKARI SOUMENDU,Drainage / Nala,"Construction of drainage/nala near Nehru Path area, MURSHIDABAD",812692.19,2025-11-21,2026-04-22,Progressive Engineers & Contractors,New Recommendation,628719.8,7,constituency + work_category,29.261427745714368,9.753809248571455,7,2,0.2857142857142857,28.57142857142857,WS/23137/2023/00884,"Construction of drainage/nala near Kisan Nagar area, MURSHIDABAD",0.9181763328500924,91.81763328500924,4.389214161857155,8.571428571428571,22.95440832125231,35.91505105453804,Medium,71.28412537917089,False,Text Similarity,Project description has 0.92 semantic similarity with project WS/23137/2023/00884.,5.8273271880039115,0
196,WS/40490/2024/00295,Uttar Pradesh,LUCKNOW,VIKRAM SINGH RATHORE,Streetlight Installation,"Installation of streetlights at Bazaar Road chowk, LUCKNOW",289073.88,2024-08-15,2024-11-02,Om Sai Infra Pvt Ltd,Completed,186892.53,7,constituency + work_category,54.67385454089578,18.224618180298595,7,1,0.14285714285714285,14.285714285714285,WS/24326/2023/00503,"Installation of streetlights at Bazaar Road chowk, KOTTAYAM",0.9356864561463485,93.56864561463485,8.201078181134369,4.285714285714286,23.39216140365871,35.87895387050737,Medium,49.848331648129424,False,Text Similarity,Project description has 0.94 semantic similarity with project WS/24326/2023/00503.,4.438742000470416,0
197,WS/61060/2023/00847,Bihar,GAYA,ADV GOWAAL KAGADA PADAVI,Streetlight Installation,"LED streetlight installation along Shanti Nagar road, GAYA",271974.29,2023-07-11,2023-10-03,National Builders & Contractors,New Recommendation,462529.35,5,constituency + work_category,-41.198479620806765,0.0,5,2,0.4,40.0,WS/82667/2024/00039,"LED streetlight installation along Shanti Nagar road, ATTINGAL",0.9530972636637115,95.30972636637115,0.0,12.0,23.827431591592788,35.827431591592784,Medium,86.85540950455005,False,Text Similarity,Project description has 0.95 semantic similarity with project WS/82667/2024/00039.,5.439996771990491,0
198,WS/15144/2023/00491,Uttar Pradesh,BADAUN,MEERA IYER,School Building Repair,"Repair and renovation of Govt. School building at Station Road, BADAUN",1557814.14,2023-05-14,2023-11-15,United Rural Builders,Sanctioned,1283055.99,8,constituency + work_category,21.414353866194094,7.138117955398031,8,2,0.25,25.0,WS/69245/2024/00106,"Repair and renovation of Govt. School building at Station Road, BADAUN",1.0,100.0,3.2121530799291143,7.5,25.0,35.71215307992912,Medium,68.5540950455005,False,Text Similarity,Project description has 1.00 semantic similarity with project WS/69245/2024/00106.,76.74860385119462,1
199,WS/82465/2024/00274,Maharashtra,HINGOLI,ADV ADOOR PRAKASH,Road Construction,"CC road construction at Kisan Nagar ward, HINGOLI",1601999.8,2024-04-27,2024-09-10,National Builders & Contractors,Completed,1601999.8,5,constituency + work_category,0.0,0.0,5,2,0.4,40.0,WS/78657/2024/00495,"CC road construction at Kisan Nagar ward, IDUKKI",0.9472584720790649,94.72584720790648,0.0,12.0,23.68146180197662,35.681461801976624,Medium,60.16177957532861,False,Text Similarity,Project description has 0.95 semantic similarity with project WS/78657/2024/00495.,5.899093960902655,0
200,WS/96321/2024/00837,Uttar Pradesh,KANPUR,ABHAY KUMAR SINHA,Streetlight Installation,"Installation of streetlights at Ram Nagar chowk, KANPUR",526714.77,2024-10-03,2025-10-31,Om Sai Infra Pvt Ltd,Ongoing,383496.405,10,constituency + work_category,37.3454257022305,12.448475234076833,10,2,0.2,20.0,WS/57124/2025/00233,"Installation of streetlights at Kisan Nagar chowk, KANPUR",0.9611168165501072,96.11168165501071,5.601813855334575,6.0,24.02792041375268,35.62973426908725,Medium,35.38928210313448,False,Text Similarity,Project description has 0.96 semantic similarity with project WS/57124/2025/00233.,4.981301795836064,0
201,WS/91381/2024/00093,Uttar Pradesh,KANPUR,ADV GOWAAL KAGADA PADAVI,Solar Light Installation,"Solar light installation near Nehru Path hanuman mandir, KANPUR",379601.04,2024-12-12,2025-08-09,Ganesh Engineering Works,Ongoing,262181.08,6,constituency + work_category,44.785825125138686,14.92860837504623,6,1,0.16666666666666666,16.666666666666664,WS/73324/2025/00855,"Solar light installation near Nehru Path hanuman mandir, GAYA",0.9562789057545399,95.62789057545399,6.7178737687708034,4.999999999999999,23.906972643863497,35.6248464126343,Medium,24.974721941354904,False,Text Similarity,Project description has 0.96 semantic similarity with project WS/73324/2025/00855.,4.830421325156914,0
202,WS/29884/2025/00482,Kerala,KOTTAYAM,PRIYA VERMA,Solar Light Installation,"Solar light installation near Vivekanand Marg hanuman mandir, KOTTAYAM",446626.56,2025-11-22,2026-11-01,Bharat Infra Solutions,Ongoing,293516.93,9,constituency + work_category,52.16381555912295,17.38793851970765,9,1,0.1111111111111111,11.11111111111111,WS/31319/2024/00006,"Solar light installation near Vivekanand Marg hanuman mandir, AURANGABAD_BR",0.9758995254394647,97.58995254394647,7.824572333868442,3.333333333333333,24.397488135986617,35.555393803188394,Medium,68.25075834175935,False,Text Similarity,Project description has 0.98 semantic similarity with project WS/31319/2024/00006.,4.975892210035639,0
203,WS/65058/2023/00739,Kerala,ERNAKULAM,VIKRAM SINGH RATHORE,Community Hall,"Multipurpose community centre building at Station Road panchayat, ERNAKULAM",2793142.28,2023-05-15,2023-11-05,Shree Balaji Construction Co.,New Recommendation,2323014.515,12,constituency + work_category,20.237831574633947,6.745943858211316,12,3,0.25,25.0,WS/50642/2025/00147,"Multipurpose community centre building at Station Road panchayat, ERNAKULAM",1.0,100.0,3.035674736195092,7.5,25.0,35.53567473619509,Medium,67.44186046511628,False,Text Similarity,Project description has 1.00 semantic similarity with project WS/50642/2025/00147.,76.74860385119462,1
204,WS/66168/2023/00922,West Bengal,HOWRAH,ABHIJIT GANGOPADHYAY,Water Supply / Handpump,"Installation of handpump at Vivekanand Marg village, HOWRAH",825151.37,2023-10-06,2024-01-01,Om Sai Infra Pvt Ltd,Completed,714243.84,9,constituency + work_category,15.52796451139152,5.175988170463841,9,3,0.3333333333333333,33.33333333333333,WS/27157/2025/00829,"Installation of handpump at Vivekanand Marg village, VARANASI",0.9271070951403092,92.71070951403092,2.3291946767087284,9.999999999999998,23.17767737850773,35.50687205521646,Medium,67.3407482305359,False,Text Similarity,Project description has 0.93 semantic similarity with project WS/27157/2025/00829.,5.273744591909646,0
205,WS/50838/2024/00444,Kerala,ATTINGAL,ADV ADOOR PRAKASH,Road Construction,"Widening and strengthening of road near Ambedkar Colony village, ATTINGAL",1056162.28,2024-08-18,2025-02-05,New India Construction Co.,Sanctioned,1135609.91,5,constituency + work_category,-6.996031762350498,0.0,5,2,0.4,40.0,WS/62436/2023/00842,"Widening and strengthening of road near Ambedkar Colony village, AURANGABAD_BR",0.9401575350665298,94.01575350665297,0.0,12.0,23.503938376663243,35.50393837666324,Medium,71.38523761375126,False,Text Similarity,Project description has 0.94 semantic similarity with project WS/62436/2023/00842.,5.915697897667146,0
206,WS/21593/2024/00602,Jammu And Kashmir,BARAMULLAH,ADV GOWAAL KAGADA PADAVI,School Building Repair,"Construction of additional classroom at Andouli school, BARAMULLAH",1783735.4,2024-09-19,2025-05-08,Om Sai Infra Pvt Ltd,Sanctioned,1372095.45,5,constituency + work_category,30.000824651083857,10.000274883694619,5,1,0.2,20.0,WS/74868/2025/00668,"Construction of additional classroom at Andouli school, BARAMULLAH",1.0,100.0,4.500123697662579,6.0,25.0,35.50012369766258,Medium,60.66734074823054,False,Text Similarity,Project description has 1.00 semantic similarity with project WS/74868/2025/00668.,76.78518490012668,1
207,WS/14851/2024/00688,Kerala,ERNAKULAM,SANJAY DESHMUKH,Solar Light Installation,"Solar street light at Ambedkar Colony chowk parisar, ERNAKULAM",273496.12,2024-11-13,2025-11-13,Deep Construction Co.,New Recommendation,264186.325,8,constituency + work_category,3.523950378582231,1.174650126194077,8,3,0.375,37.5,WS/31694/2023/00875,"Solar street light at Ambedkar Colony chowk parisar, AURANGABAD_BR",0.948825948953566,94.8825948953566,0.5285925567873346,11.25,23.72064872383915,35.499241280626485,Medium,54.4994944388271,False,Text Similarity,Project description has 0.95 semantic similarity with project WS/31694/2023/00875.,5.611593117088201,0
208,WS/72020/2024/00988,Kerala,IDUKKI,SANJAY DESHMUKH,Streetlight Installation,"LED streetlight installation along Vivekanand Marg road, IDUKKI",563216.93,2024-01-23,2024-01-27,Shree Balaji Construction Co.,Completed,366428.14,26,state + work_category,53.70460631107644,17.90153543702548,26,4,0.15384615384615385,15.384615384615385,WS/96944/2023/00372,"LED streetlight installation along Vivekanand Marg road, LUCKNOW",0.9126117832038825,91.26117832038825,8.055690946661466,4.615384615384615,22.815294580097063,35.486370142143144,Medium,63.59959555106168,False,Text Similarity,Project description has 0.91 semantic similarity with project WS/96944/2023/00372.,5.646595490034914,0
209,WS/79806/2024/00120,Bihar,PATNA_SAHIB,ABHIJIT GANGOPADHYAY,Road Construction,"CC road construction at Kisan Nagar ward, PATNA_SAHIB",1645555.06,2024-06-14,2024-11-10,National Builders & Contractors,Sanctioned,1339439.56,7,constituency + work_category,22.853998727646957,7.617999575882319,7,2,0.2857142857142857,28.57142857142857,WS/69270/2023/00285,"CC road construction at Station Road ward, PATNA_SAHIB",0.9387252492907341,93.8725249290734,3.4280998091470436,8.571428571428571,23.46813123226835,35.46765961284397,Medium,49.94944388270981,False,Text Similarity,Project description has 0.94 semantic similarity with project WS/69270/2023/00285.,5.861072027677252,0
210,WS/35919/2025/00287,Bihar,GAYA,ABHAY KUMAR SINHA,Streetlight Installation,"Installation of streetlights at Panchayat Bhavan Marg chowk, GAYA",413753.44,2025-10-26,2026-02-01,Shree Balaji Construction Co.,Completed,462529.35,5,constituency + work_category,-10.545473492655109,0.0,5,2,0.4,40.0,WS/67627/2024/00618,"Installation of streetlights at Panchayat Bhavan Marg chowk, ATTINGAL",0.9376252597797599,93.76252597797598,0.0,12.0,23.440631494493996,35.440631494494,Medium,74.72194135490395,False,Text Similarity,Project description has 0.94 semantic similarity with project WS/67627/2024/00618.,5.003939869233751,0
211,WS/61508/2025/00650,Kerala,KOTTAYAM,ABHIJIT GANGOPADHYAY,Streetlight Installation,"Installation of streetlights at Nehru Path chowk, KOTTAYAM",540128.82,2025-08-26,2026-06-08,Sri Lakshmi Contractors,Completed,366689.81,9,constituency + work_category,47.29856278253272,15.766187594177575,9,1,0.1111111111111111,11.11111111111111,WS/85197/2024/00419,"Installation of streetlights at Nehru Path chowk, KOTTAYAM",1.0000000000000002,100.0,7.094784417379909,3.333333333333333,25.0,35.42811775071324,Medium,79.77755308392315,False,Text Similarity,Project description has 1.00 semantic similarity with project WS/85197/2024/00419.,16.77083243486294,0
212,WS/31798/2025/00021,Uttar Pradesh,BADAUN,ABDUL RASHID SHEIKH,Water Supply / Handpump,"Water supply pipeline extension to Subhash Nagar area, BADAUN",899497.73,2025-08-04,2025-10-10,Om Sai Infra Pvt Ltd,Ongoing,719185.46,9,constituency + work_category,25.07173462600315,8.357244875334384,9,2,0.2222222222222222,22.22222222222222,WS/20917/2023/00681,"Water supply pipeline extension to Subhash Nagar area, BADAUN",1.0000000000000002,100.0,3.760760193900473,6.666666666666666,25.0,35.42742686056714,Medium,63.29625884732053,False,Text Similarity,Project description has 1.00 semantic similarity with project WS/20917/2023/00681.,16.914103947282225,0
213,WS/18232/2023/00142,Maharashtra,PUNE,ADV ADOOR PRAKASH,Community Hall,"Construction of community hall at Ram Nagar, PUNE",1804620.86,2023-12-01,2024-08-31,Progressive Engineers & Contractors,Sanctioned,2859576.19,8,constituency + work_category,-36.892016855127046,0.0,8,3,0.375,37.5,WS/92802/2023/00146,"Construction of community hall at Shanti Nagar, PUNE",0.9657666711369393,96.57666711369393,0.0,11.25,24.144166778423482,35.39416677842348,Medium,86.24873609706775,False,Text Similarity,Project description has 0.97 semantic similarity with project WS/92802/2023/00146.,4.118472451348063,0
214,WS/99664/2025/00564,Maharashtra,NANDURBAR(ST),SANJAY DESHMUKH,Community Hall,"Construction of community hall at Bazaar Road, NANDURBAR(ST)",3528802.57,2025-12-31,2026-09-22,New India Construction Co.,Completed,2827636.605,6,constituency + work_category,24.79689093570777,8.26563031190259,6,2,0.3333333333333333,33.33333333333333,WS/22046/2023/00466,"Construction of community hall at Bazaar Road, BARAMULLAH",0.8667761240935358,86.67761240935357,3.719533640356166,9.999999999999998,21.669403102338393,35.388936742694554,Medium,93.32659251769464,True,Text Similarity,Project description has 0.87 semantic similarity with project WS/22046/2023/00466.,4.82609039806123,0
215,WS/64040/2025/00033,Bihar,GAYA,SANJAY DESHMUKH,Streetlight Installation,"LED streetlight installation along Andouli road, GAYA",487264.93,2025-11-03,2026-05-03,National Builders & Contractors,Ongoing,462529.35,5,constituency + work_category,5.347894139042207,1.7826313796807356,5,2,0.4,40.0,WS/96266/2025/00839,"LED streetlight installation along Andouli road, HINGOLI",0.9029644795927374,90.29644795927373,0.8021841208563311,12.0,22.574111989818434,35.376296110674765,Medium,87.05763397371082,False,Text Similarity,Project description has 0.90 semantic similarity with project WS/96266/2025/00839.,6.941665770229885,0
216,WS/76074/2023/00361,Uttar Pradesh,LUCKNOW,ADHIKARI SOUMENDU,Water Supply / Handpump,"Installation of handpump at Subhash Nagar village, LUCKNOW",770670.91,2023-07-16,2024-03-30,Progressive Engineers & Contractors,New Recommendation,590699.13,9,constituency + work_category,30.46758846589126,10.155862821963753,9,2,0.2222222222222222,22.22222222222222,WS/76005/2023/00907,"Installation of handpump at Ram Nagar village, LUCKNOW",0.9655021914155757,96.55021914155756,4.570138269883689,6.666666666666666,24.13755478538939,35.37435972193975,Medium,41.05156723963599,False,Text Similarity,Project description has 0.97 semantic similarity with project WS/76005/2023/00907.,5.2640068182673945,0
217,WS/35265/2025/00320,Kerala,ERNAKULAM,ABU TAHER KHAN,Solar Light Installation,"Solar light installation near Gandhi Chowk hanuman mandir, ERNAKULAM",397953.37,2025-09-17,2026-09-03,Shree Balaji Construction Co.,Ongoing,264186.325,8,constituency + work_category,50.6335992220642,16.877866407354734,8,1,0.125,12.5,WS/31157/2024/00728,"Solar light installation near Kisan Nagar hanuman mandir, ERNAKULAM",0.9596683025062707,95.96683025062707,7.595039883309631,3.75,23.991707562656767,35.336747445966395,Medium,50.55611729019211,False,Text Similarity,Project description has 0.96 semantic similarity with project WS/31157/2024/00728.,5.770884761485317,0
218,WS/15210/2024/00480,West Bengal,TAMLUK,ADHIKARI SOUMENDU,Drainage / Nala,"Covered drain construction from Gandhi Chowk to Station Road, TAMLUK",750585.74,2024-07-12,2025-06-24,Deep Construction Co.,Completed,750585.74,5,constituency + work_category,0.0,0.0,5,2,0.4,40.0,WS/88924/2023/00841,"Covered drain construction from Station Road to Gandhi Chowk, ATTINGAL",0.9332363743476293,93.32363743476293,0.0,12.0,23.330909358690732,35.33090935869073,Medium,70.57633973710819,False,Text Similarity,Project description has 0.93 semantic similarity with project WS/88924/2023/00841.,6.103293724566528,0
219,WS/75860/2025/00775,Bihar,PATNA_SAHIB,VIKRAM SINGH RATHORE,Drainage / Nala,"Covered drain construction from Kisan Nagar to Panchayat Bhavan Marg, PATNA_SAHIB",843338.5,2025-11-17,2026-06-23,Jai Hind Infrastructure,Ongoing,843338.5,5,constituency + work_category,0.0,0.0,5,2,0.4,40.0,WS/49066/2024/00381,"Covered drain construction from Panchayat Bhavan Marg to Kisan Nagar, MURSHIDABAD",0.9316720951586779,93.16720951586778,0.0,12.0,23.291802378966945,35.29180237896695,Medium,71.48634984833164,False,Text Similarity,Project description has 0.93 semantic similarity with project WS/49066/2024/00381.,5.930681630038718,0
220,WS/28293/2023/00601,Kerala,ERNAKULAM,SANJAY DESHMUKH,Solar Light Installation,"Solar light installation near Bazaar Road hanuman mandir, ERNAKULAM",254876.53,2023-09-15,2024-06-18,Deep Construction Co.,Sanctioned,264186.325,8,constituency + work_category,-3.523950378582242,0.0,8,3,0.375,37.5,WS/12671/2023/00053,"Solar light installation near Bazaar Road hanuman mandir, AURANGABAD_BR",0.9616324830241135,96.16324830241135,0.0,11.25,24.040812075602837,35.29081207560284,Medium,64.00404448938322,False,Text Similarity,Project description has 0.96 semantic similarity with project WS/12671/2023/00053.,4.156692904363328,0
221,WS/70931/2025/00058,Jammu And Kashmir,SRINAGAR,ADHIKARI SOUMENDU,Water Supply / Handpump,"Water supply pipeline extension to Subhash Nagar area, SRINAGAR",565222.72,2025-01-26,2025-08-12,Jai Hind Infrastructure,Sanctioned,565222.72,5,constituency + work_category,0.0,0.0,5,2,0.4,40.0,WS/78271/2023/00794,"Water supply pipeline extension to Subhash Nagar area, JAMMU",0.9316082577764087,93.16082577764087,0.0,12.0,23.290206444410217,35.29020644441022,Medium,71.58746208291204,False,Text Similarity,Project description has 0.93 semantic similarity with project WS/78271/2023/00794.,5.930681630038718,0
222,WS/64702/2024/00611,Uttar Pradesh,LUCKNOW,ADITYA YADAV,Solar Light Installation,"Solar light installation near Ambedkar Colony hanuman mandir, LUCKNOW",413969.86,2024-12-19,2025-11-13,United Rural Builders,Completed,290270.605,6,constituency + work_category,42.615150438674284,14.205050146224762,6,1,0.16666666666666666,16.666666666666664,WS/76287/2023/00213,"Solar light installation near Ambedkar Colony hanuman mandir, NAGPUR",0.955775863898503,95.5775863898503,6.392272565801143,4.999999999999999,23.894396597462574,35.28666916326372,Medium,22.143579373104146,False,Text Similarity,Project description has 0.96 semantic similarity with project WS/76287/2023/00213.,4.4867476480758715,0
223,WS/26805/2024/00385,Kerala,ATTINGAL,ADV DEAN KURIAKOSE,Road Construction,Construction of concrete road from Panchayat Bhavan Marg to Panchayat Bhavan Marg in ATTINGAL,1135609.91,2024-11-15,2025-09-20,New India Construction Co.,New Recommendation,1135609.91,5,constituency + work_category,0.0,0.0,5,2,0.4,40.0,WS/74788/2025/00527,Construction of concrete road from Panchayat Bhavan Marg to Panchayat Bhavan Marg in SRINAGAR,0.9308561346309481,93.0856134630948,0.0,12.0,23.2714033657737,35.2714033657737,Medium,71.7896865520728,False,Text Similarity,Project description has 0.93 semantic similarity with project WS/74788/2025/00527.,5.930681630038718,0
224,WS/25937/2023/00950,Maharashtra,AURANGABAD_MH,ABU TAHER KHAN,Streetlight Installation,"Installation of streetlights at Gandhi Chowk chowk, AURANGABAD_MH",419996.79,2023-04-06,2023-08-25,Shree Balaji Construction Co.,New Recommendation,374641.63,7,constituency + work_category,12.10627873896448,4.035426246321493,7,2,0.2857142857142857,28.57142857142857,WS/34832/2025/00460,"Installation of streetlights at Gandhi Chowk chowk, AURANGABAD_BR",0.995256107636991,99.5256107636991,1.8159418108446719,8.571428571428571,24.881402690924777,35.26877307319802,Medium,68.14964610717897,False,Text Similarity,Project description has 1.00 semantic similarity with project WS/34832/2025/00460.,5.375250926071412,0
225,WS/75031/2023/00272,Maharashtra,PUNE,SANJAY DESHMUKH,Community Hall,"Multipurpose community centre building at Ambedkar Colony panchayat, PUNE",2809635.53,2023-12-26,2024-12-15,Progressive Engineers & Contractors,Completed,2859576.19,8,constituency + work_category,-1.746435719203556,0.0,8,3,0.375,37.5,WS/33209/2023/00489,"Multipurpose community centre building at Ambedkar Colony panchayat, NAGPUR",0.9567319959968573,95.67319959968573,0.0,11.25,23.918299899921433,35.168299899921436,Medium,58.84732052578362,False,Text Similarity,Project description has 0.96 semantic similarity with project WS/33209/2023/00489.,4.909876080372591,0
226,WS/15726/2024/00135,Jammu And Kashmir,BARAMULLAH,ADHIKARI SOUMENDU,Solar Light Installation,"Solar light installation near Subhash Nagar hanuman mandir, BARAMULLAH",342495.97,2024-12-30,2025-05-23,Deep Construction Co.,Sanctioned,280850.19999999995,12,constituency + work_category,21.949697739221843,7.316565913073949,12,3,0.25,25.0,WS/59688/2024/00854,"Solar light installation near Shanti Nagar hanuman mandir, BARAMULLAH",0.9749825665062543,97.49825665062542,3.2924546608832768,7.5,24.374564162656355,35.167018823539635,Medium,50.05055611729019,False,Text Similarity,Project description has 0.97 semantic similarity with project WS/59688/2024/00854.,4.583598582148778,0
227,WS/87178/2023/00846,West Bengal,MURSHIDABAD,PRIYA VERMA,Road Construction,"CC road construction at Ambedkar Colony ward, MURSHIDABAD",2130647.15,2023-08-05,2024-01-01,United Rural Builders,New Recommendation,1708633.99,7,constituency + work_category,24.69886251063049,8.232954170210164,7,2,0.2857142857142857,28.57142857142857,WS/28700/2025/00848,"CC road construction at Subhash Nagar ward, MURSHIDABAD",0.9146571447983457,91.46571447983457,3.704829376594574,8.571428571428571,22.866428619958644,35.14268656798179,Medium,70.17189079878665,False,Text Similarity,Project description has 0.91 semantic similarity with project WS/28700/2025/00848.,6.688959355413246,0
228,WS/57124/2025/00233,Uttar Pradesh,KANPUR,RAVI SHANKAR PRASAD JI,Streetlight Installation,"Installation of streetlights at Kisan Nagar chowk, KANPUR",565573.09,2025-09-07,2026-06-08,United Rural Builders,Completed,383496.405,10,constituency + work_category,47.47806827550311,15.826022758501038,10,1,0.1,10.0,WS/98288/2024/00242,"Installation of streetlights at Kisan Nagar chowk, KANPUR",1.0000000000000004,100.0,7.121710241325467,3.0,25.0,35.12171024132547,Medium,82.10313447927199,False,Text Similarity,Project description has 1.00 semantic similarity with project WS/98288/2024/00242.,16.9411849989655,0
229,WS/27627/2024/00629,Maharashtra,NANDURBAR(ST),RAVI SHANKAR PRASAD JI,Water Supply / Handpump,"Water supply pipeline extension to Nehru Path area, NANDURBAR(ST)",802252.49,2024-02-05,2024-06-28,Metro Civil Works Pvt Ltd,Sanctioned,635482.84,7,constituency + work_category,26.242982422625293,8.747660807541765,7,2,0.2857142857142857,28.57142857142857,WS/48745/2023/00328,"Water supply pipeline extension to Nehru Path area, AURANGABAD_MH",0.9045390815423098,90.45390815423097,3.9364473633937944,8.571428571428571,22.613477038557743,35.12135297338011,Medium,76.74418604651163,False,Text Similarity,Project description has 0.90 semantic similarity with project WS/48745/2023/00328.,5.121820798506685,0
230,WS/10887/2024/00228,Bihar,AURANGABAD_BR,VIKRAM SINGH RATHORE,Streetlight Installation,"LED streetlight installation along Subhash Nagar road, AURANGABAD_BR",427500.96,2024-07-12,2024-11-03,National Builders & Contractors,New Recommendation,364011.39,8,constituency + work_category,17.441643790322058,5.813881263440686,8,2,0.25,25.0,WS/93032/2024/00335,"LED streetlight installation along Subhash Nagar road, AURANGABAD_BR",1.0000000000000002,100.0,2.6162465685483087,7.5,25.0,35.116246568548306,Medium,65.92517694641052,False,Text Similarity,Project description has 1.00 semantic similarity with project WS/93032/2024/00335.,19.034292914432754,0
231,WS/87777/2023/00832,Maharashtra,HINGOLI,RAJESH KUMAR SHARMA,School Building Repair,"Construction of additional classroom at Subhash Nagar school, HINGOLI",651486.03,2023-05-24,2023-09-21,United Rural Builders,New Recommendation,1134959.65,5,constituency + work_category,-42.598309111693965,0.0,5,2,0.4,40.0,WS/33659/2024/00720,"Construction of additional classroom at Subhash Nagar school, AURANGABAD_MH",0.9242110567095049,92.42110567095048,0.0,12.0,23.10527641773762,35.10527641773762,Medium,91.70879676440849,True,Text Similarity,Project description has 0.92 semantic similarity with project WS/33659/2024/00720.,4.852431478760344,0
232,WS/39591/2024/00845,Kerala,ERNAKULAM,ABHAY KUMAR SINHA,Community Hall,"Construction of community hall at Nehru Path, ERNAKULAM",3100443.72,2024-04-06,2024-11-22,Bharat Infra Solutions,Ongoing,2323014.515,12,constituency + work_category,33.46639463421519,11.15546487807173,12,3,0.25,25.0,WS/45358/2023/00224,"Construction of community hall at Ram Nagar, ERNAKULAM",0.9030530415349847,90.30530415349847,5.019959195132278,7.5,22.576326038374617,35.0962852335069,Medium,74.01415571284126,False,Text Similarity,Project description has 0.90 semantic similarity with project WS/45358/2023/00224.,5.673601329658364,0
233,WS/18300/2025/00254,Uttar Pradesh,BADAUN,ABHAY KUMAR SINHA,Water Supply / Handpump,"Installation of handpump at Station Road village, BADAUN",880505.2,2025-01-10,2026-02-14,Deep Construction Co.,New Recommendation,719185.46,9,constituency + work_category,22.430895641299532,7.476965213766511,9,3,0.3333333333333333,33.33333333333333,WS/27984/2025/00270,"Installation of handpump at Kisan Nagar village, BADAUN",0.8689963042443314,86.89963042443314,3.36463434619493,9.999999999999998,21.724907606108285,35.089541952303215,Medium,92.61880687563195,True,Text Similarity,Project description has 0.87 semantic similarity with project WS/27984/2025/00270.,4.82609039806123,0
234,WS/29441/2024/00284,Jammu And Kashmir,JAMMU,ADV GOWAAL KAGADA PADAVI,Solar Light Installation,"Solar light installation near Ram Nagar hanuman mandir, JAMMU",346646.68,2024-12-08,2025-02-26,Ganesh Engineering Works,New Recommendation,261967.02,5,constituency + work_category,32.32454986127644,10.774849953758812,5,1,0.2,20.0,WS/67870/2024/00697,"Solar light installation near Station Road hanuman mandir, JAMMU",0.9687790964382897,96.87790964382897,4.848682479191465,6.0,24.219477410957243,35.068159890148706,Medium,37.8159757330637,False,Text Similarity,Project description has 0.97 semantic similarity with project WS/67870/2024/00697.,4.497118007581545,0
235,WS/57948/2024/00390,Uttar Pradesh,KANPUR,ADITYA YADAV,Road Construction,"CC road construction at Subhash Nagar ward, KANPUR",1737709.8,2024-10-08,2025-09-09,Metro Civil Works Pvt Ltd,Ongoing,1592765.25,6,constituency + work_category,9.100182842386852,3.0333942807956173,6,2,0.3333333333333333,33.33333333333333,WS/79391/2024/00214,"CC road construction at Kisan Nagar ward, KANPUR",0.9471321011176338,94.71321011176337,1.3650274263580278,9.999999999999998,23.678302527940843,35.04332995429887,Medium,47.01718907987866,False,Text Similarity,Project description has 0.95 semantic similarity with project WS/79391/2024/00214.,5.323666576351771,0
236,WS/93948/2024/00239,Bihar,GAYA,SANJAY DESHMUKH,School Building Repair,"Construction of additional classroom at Panchayat Bhavan Marg school, GAYA",724597.77,2024-05-19,2025-06-05,National Builders & Contractors,Ongoing,874572.41,5,constituency + work_category,-17.14833880936171,0.0,5,2,0.4,40.0,WS/41420/2025/00943,"Construction of additional classroom at Panchayat Bhavan Marg school, AURANGABAD_MH",0.9217005149320023,92.17005149320023,0.0,12.0,23.04251287330006,35.042512873300055,Medium,85.43983822042466,False,Text Similarity,Project description has 0.92 semantic similarity with project WS/41420/2025/00943.,5.18737159514114,0
237,WS/12441/2025/00389,Bihar,AURANGABAD_BR,RAVI SHANKAR PRASAD JI,Drainage / Nala,"Construction of drainage/nala near Station Road area, AURANGABAD_BR",536911.19,2025-09-24,2026-10-09,Om Sai Infra Pvt Ltd,Completed,644435.71,6,constituency + work_category,-16.685065450516394,0.0,6,2,0.3333333333333333,33.33333333333333,WS/54540/2023/00754,"Construction of drainage/nala near Station Road area, AURANGABAD_BR",1.0000000000000004,100.0,0.0,9.999999999999998,25.0,35.0,Medium,84.22649140546005,False,Text Similarity,Project description has 1.00 semantic similarity with project WS/54540/2023/00754.,20.498682457392004,0
238,WS/57663/2024/00969,Bihar,GAYA,MEERA IYER,Road Construction,Construction of concrete road from Nehru Path to Nehru Path in GAYA,307799.25,2024-08-29,2024-12-21,National Builders & Contractors,Ongoing,1252226.57,9,constituency + work_category,-75.41984355115544,0.0,9,3,0.3333333333333333,33.33333333333333,WS/19849/2025/00967,Construction of concrete road from Nehru Path to Nehru Path in GAYA,1.0,100.0,0.0,9.999999999999998,25.0,35.0,Medium,96.66329625884732,True,Text Similarity,Project description has 1.00 semantic similarity with project WS/19849/2025/00967.,73.02679130490604,1
239,WS/41051/2025/00202,Maharashtra,NANDURBAR(ST),ANITA JOSHI,Community Hall,"Construction of community hall at Nehru Path, NANDURBAR(ST)",2085403.79,2025-10-25,2026-10-14,New India Construction Co.,New Recommendation,2827636.605,6,constituency + work_category,-26.24922925695397,0.0,6,2,0.3333333333333333,33.33333333333333,WS/36680/2024/00078,"Construction of community hall at Nehru Path, NANDURBAR(ST)",1.0,100.0,0.0,9.999999999999998,25.0,35.0,Medium,87.25985844287159,False,Text Similarity,Project description has 1.00 semantic similarity with project WS/36680/2024/00078.,77.41969098512182,1
240,WS/92317/2025/00608,Kerala,KOTTAYAM,ABDUL RASHID SHEIKH,Community Hall,"Construction of community hall at Shanti Nagar, KOTTAYAM",2229160.24,2025-01-14,2025-04-23,United Rural Builders,Ongoing,2408036.685,6,constituency + work_category,-7.4283106280833024,0.0,6,2,0.3333333333333333,33.33333333333333,WS/10841/2025/00808,"Construction of community hall at Shanti Nagar, KOTTAYAM",1.0000000000000002,100.0,0.0,9.999999999999998,25.0,35.0,Medium,79.92922143579374,False,Text Similarity,Project description has 1.00 semantic similarity with project WS/10841/2025/00808.,23.60579332038522,0
241,WS/58717/2025/00331,Kerala,ATTINGAL,ADV ADOOR PRAKASH,Community Hall,"Multipurpose community centre building at Nehru Path panchayat, ATTINGAL",2058319.81,2025-09-09,2026-04-14,Sri Lakshmi Contractors,New Recommendation,2172665.62,6,constituency + work_category,-5.262927205521853,0.0,6,2,0.3333333333333333,33.33333333333333,WS/21813/2023/00094,"Multipurpose community centre building at Nehru Path panchayat, ATTINGAL",0.9999999999999999,99.99999999999999,0.0,9.999999999999998,24.999999999999996,34.99999999999999,Medium,78.56420626895854,False,Text Similarity,Project description has 1.00 semantic similarity with project WS/21813/2023/00094.,43.704437497527636,0
242,WS/39607/2023/00637,Kerala,ATTINGAL,RAVI SHANKAR PRASAD JI,Drainage / Nala,"Construction of drainage/nala near Bazaar Road area, ATTINGAL",558620.0,2023-05-19,2023-12-17,Jai Hind Infrastructure,Sanctioned,507526.095,12,constituency + work_category,10.067246887078788,3.3557489623595957,12,4,0.3333333333333333,33.33333333333333,WS/70693/2025/00856,"Construction of drainage/nala near Bazaar Road area, AURANGABAD_MH",0.939286623802221,93.92866238022211,1.5100870330618181,9.999999999999998,23.482165595055527,34.99225262811734,Medium,54.19615773508595,False,Text Similarity,Project description has 0.94 semantic similarity with project WS/70693/2025/00856.,5.711400606264664,0
243,WS/16054/2024/00757,Jammu And Kashmir,BARAMULLAH,RAVI SHANKAR PRASAD JI,School Building Repair,"Repair and renovation of Govt. School building at Bazaar Road, BARAMULLAH",1372095.45,2024-02-20,2025-02-20,Sri Lakshmi Contractors,Ongoing,1372095.45,5,constituency + work_category,0.0,0.0,5,2,0.4,40.0,WS/61583/2025/00778,"Repair and renovation of Govt. School building at Kisan Nagar, BARAMULLAH",0.9184384689427088,91.84384689427088,0.0,12.0,22.96096172356772,34.96096172356772,Medium,78.96865520728008,False,Text Similarity,Project description has 0.92 semantic similarity with project WS/61583/2025/00778.,6.612076162316757,0
244,WS/25806/2023/00259,Maharashtra,NANDURBAR(ST),ADV ADOOR PRAKASH,Streetlight Installation,"Installation of streetlights at Subhash Nagar chowk, NANDURBAR(ST)",455992.23,2023-04-10,2023-06-13,Deep Construction Co.,New Recommendation,433442.515,6,constituency + work_category,5.202469582385098,1.7341565274616995,6,2,0.3333333333333333,33.33333333333333,WS/40154/2024/00573,"Installation of streetlights at Ram Nagar chowk, NANDURBAR(ST)",0.9647545699534773,96.47545699534773,0.7803704373577648,9.999999999999998,24.118864248836932,34.899234686194696,Medium,54.80283114256825,False,Text Similarity,Project description has 0.96 semantic similarity with project WS/40154/2024/00573.,5.490736047549023,0
245,WS/39154/2023/00034,West Bengal,MURSHIDABAD,ADV DEAN KURIAKOSE,Drainage / Nala,"Covered drain construction from Gandhi Chowk to Ambedkar Colony, MURSHIDABAD",1008637.06,2023-07-20,2024-03-31,Shree Balaji Construction Co.,Sanctioned,628719.8,7,constituency + work_category,60.42711872602071,20.14237290867357,7,1,0.14285714285714285,14.285714285714285,WS/86858/2023/00103,"Covered drain construction from Gandhi Chowk to Gandhi Chowk, PUNE",0.861895976830968,86.18959768309679,9.064067808903106,4.285714285714286,21.547399420774198,34.897181515391594,Medium,90.89989888776542,True,Text Similarity,Project description has 0.86 semantic similarity with project WS/86858/2023/00103.,4.40233562759226,0
246,WS/93202/2024/00075,Jammu And Kashmir,SRINAGAR,ANITA JOSHI,Water Supply / Handpump,"Water supply pipeline extension to Ambedkar Colony area, SRINAGAR",509560.58,2024-01-10,2024-06-10,Jai Hind Infrastructure,Sanctioned,565222.72,5,constituency + work_category,-9.847824234666284,0.0,5,2,0.4,40.0,WS/33999/2025/00849,"Water supply pipeline extension to Ambedkar Colony area, AURANGABAD_BR",0.9153490790124519,91.53490790124519,0.0,12.0,22.883726975311298,34.8837269753113,Medium,84.83316481294236,False,Text Similarity,Project description has 0.92 semantic similarity with project WS/33999/2025/00849.,5.089122646101198,0
247,WS/57352/2024/00708,Kerala,ERNAKULAM,ANITA JOSHI,Water Supply / Handpump,"Installation of handpump at Ambedkar Colony village, ERNAKULAM",373343.33,2024-03-01,2025-01-19,Jai Hind Infrastructure,Ongoing,373343.33,5,constituency + work_category,0.0,0.0,5,2,0.4,40.0,WS/14965/2023/00377,"Installation of handpump at Ram Nagar village, ERNAKULAM",0.9147594896811405,91.47594896811405,0.0,12.0,22.868987242028513,34.86898724202851,Medium,81.09201213346815,False,Text Similarity,Project description has 0.91 semantic similarity with project WS/14965/2023/00377.,6.440078879656057,0
248,WS/51359/2023/00063,Bihar,GAYA,MEERA IYER,Community Hall,"Construction of community hall at Ram Nagar, GAYA",2266557.48,2023-11-23,2024-03-23,Deep Construction Co.,Ongoing,2567870.525,8,constituency + work_category,-11.733965636760441,0.0,8,3,0.375,37.5,WS/67367/2024/00380,"Construction of community hall at Subhash Nagar, GAYA",0.9445252766391066,94.45252766391066,0.0,11.25,23.613131915977664,34.86313191597766,Medium,64.91405460060668,False,Text Similarity,Project description has 0.94 semantic similarity with project WS/67367/2024/00380.,4.563178872316253,0
249,WS/46073/2024/00540,Maharashtra,NANDURBAR(ST),ANITA JOSHI,Road Construction,"CC road construction at Nehru Path ward, NANDURBAR(ST)",2247456.94,2024-01-10,2024-07-17,National Builders & Contractors,New Recommendation,1587568.025,26,state + work_category,41.56602454877485,13.855341516258282,26,5,0.19230769230769232,19.230769230769234,WS/87994/2025/00313,"CC road construction at Nehru Path ward, BARAMULLAH",0.9138350956650808,91.38350956650808,6.234903682316227,5.76923076923077,22.84587739162702,34.850011843174016,Medium,56.62285136501517,False,Text Similarity,Project description has 0.91 semantic similarity with project WS/87994/2025/00313.,6.230132607615679,0
250,WS/20460/2024/00811,Jammu And Kashmir,SRINAGAR,SANJAY DESHMUKH,School Building Repair,"Construction of additional classroom at Nehru Path school, SRINAGAR",1277572.33,2024-12-30,2025-04-24,Progressive Engineers & Contractors,Ongoing,1638156.61,5,constituency + work_category,-22.011587768766503,0.0,5,2,0.4,40.0,WS/30188/2024/00604,"Construction of additional classroom at Nehru Path school, PUNE",0.9139009582999925,91.39009582999925,0.0,12.0,22.847523957499813,34.84752395749982,Medium,88.87765419615774,False,Text Similarity,Project description has 0.91 semantic similarity with project WS/30188/2024/00604.,4.915054024664156,0
251,WS/74923/2024/00084,Maharashtra,PUNE,VIKRAM SINGH RATHORE,Water Supply / Handpump,"Water supply pipeline extension to Andouli area, PUNE",839401.12,2024-04-25,2025-01-07,Progressive Engineers & Contractors,Ongoing,774426.59,7,constituency + work_category,8.390017961547528,2.7966726538491757,7,2,0.2857142857142857,28.57142857142857,WS/12609/2025/00644,"Water supply pipeline extension to Andouli area, PUNE",1.0,100.0,1.2585026942321291,8.571428571428571,25.0,34.829931265660704,Medium,68.35187057633973,False,Text Similarity,Project description has 1.00 semantic similarity with project WS/12609/2025/00644.,77.5891902264387,1
252,WS/16975/2024/00667,Bihar,GAYA,VIKRAM SINGH RATHORE,Solar Light Installation,"Solar light installation near Gandhi Chowk hanuman mandir, GAYA",432517.74,2024-10-21,2025-11-21,Progressive Engineers & Contractors,Sanctioned,288691.87,9,constituency + work_category,49.81985464294509,16.60661821431503,9,1,0.1111111111111111,11.11111111111111,WS/32427/2025/00877,"Solar light installation near Gandhi Chowk hanuman mandir, VARANASI",0.9588684309049889,95.88684309049889,7.472978196441764,3.333333333333333,23.97171077262472,34.77802230239982,Medium,53.99393326592518,False,Text Similarity,Project description has 0.96 semantic similarity with project WS/32427/2025/00877.,5.649446560314184,0
253,WS/94023/2024/00802,West Bengal,HOWRAH,SANJAY DESHMUKH,School Building Repair,"Construction of additional classroom at Bazaar Road school, HOWRAH",1758689.69,2024-04-17,2024-12-29,Metro Civil Works Pvt Ltd,New Recommendation,1443853.62,7,constituency + work_category,21.805262364477073,7.268420788159025,7,2,0.2857142857142857,28.57142857142857,WS/19556/2024/00742,"Construction of additional classroom at Bazaar Road school, AURANGABAD_BR",0.9173453440574368,91.73453440574369,3.270789354671561,8.571428571428571,22.933633601435922,34.775851527536055,Medium,66.22851365015167,False,Text Similarity,Project description has 0.92 semantic similarity with project WS/19556/2024/00742.,6.846119589661582,0
254,WS/53412/2023/00870,Bihar,PATNA_SAHIB,RAJESH KUMAR SHARMA,Community Hall,"Multipurpose community centre building at Vivekanand Marg panchayat, PATNA_SAHIB",2260891.74,2023-07-09,2023-09-13,Progressive Engineers & Contractors,Ongoing,2633655.8600000003,8,constituency + work_category,-14.153865949668917,0.0,8,3,0.375,37.5,WS/62354/2023/00413,"Multipurpose community centre building at Vivekanand Marg panchayat, LUCKNOW",0.9398508295404676,93.98508295404676,0.0,11.25,23.49627073851169,34.74627073851169,Medium,69.9696663296259,False,Text Similarity,Project description has 0.94 semantic similarity with project WS/62354/2023/00413.,4.338052610223619,0
255,WS/86810/2024/00297,Uttar Pradesh,LUCKNOW,ABHIJIT GANGOPADHYAY,Solar Light Installation,"Solar street light at Ram Nagar chowk parisar, LUCKNOW",284203.21,2024-04-08,2024-07-14,New India Construction Co.,Sanctioned,290270.605,6,constituency + work_category,-2.090254712494901,0.0,6,2,0.3333333333333333,33.33333333333333,WS/24769/2023/00570,"Solar street light at Shanti Nagar chowk parisar, LUCKNOW",0.9896933444050898,98.96933444050899,0.0,9.999999999999998,24.742333610127247,34.74233361012725,Medium,70.37411526794742,False,Text Similarity,Project description has 0.99 semantic similarity with project WS/24769/2023/00570.,3.9095210334489887,0
256,WS/53601/2024/00551,Kerala,KOTTAYAM,ADV DEAN KURIAKOSE,Drainage / Nala,"Covered drain construction from Andouli to Nehru Path, KOTTAYAM",1002658.17,2024-01-09,2024-04-09,Sri Lakshmi Contractors,Sanctioned,747976.075,8,constituency + work_category,34.049497505652184,11.34983250188406,8,2,0.25,25.0,WS/81884/2023/00434,"Covered drain construction from Andouli to Andouli, KOTTAYAM",0.8837582792154486,88.37582792154485,5.107424625847828,7.5,22.093956980386213,34.70138160623404,Medium,83.72093023255815,False,Text Similarity,Project description has 0.88 semantic similarity with project WS/81884/2023/00434.,5.265051704587654,0
257,WS/92840/2023/00575,Jammu And Kashmir,BARAMULLAH,MEERA IYER,Drainage / Nala,"Construction of drainage/nala near Vivekanand Marg area, BARAMULLAH",648597.27,2023-08-18,2024-06-07,Deep Construction Co.,Ongoing,711341.41,7,constituency + work_category,-8.820538087329965,0.0,7,3,0.42857142857142855,42.857142857142854,WS/73373/2025/00392,"Construction of drainage/nala near Vivekanand Marg area, LUCKNOW",0.8726078604327785,87.26078604327785,0.0,12.857142857142856,21.81519651081946,34.672339367962316,Medium,95.24772497472193,True,Text Similarity,Project description has 0.87 semantic similarity with project WS/73373/2025/00392.,5.434760409986877,0
258,WS/97382/2025/00624,Bihar,GAYA,ADV DEAN KURIAKOSE,Solar Light Installation,"Solar street light at Bazaar Road chowk parisar, GAYA",376322.46,2025-01-19,2025-10-10,New India Construction Co.,Sanctioned,288691.87,9,constituency + work_category,30.354367097348472,10.118122365782824,9,2,0.2222222222222222,22.22222222222222,WS/15504/2023/00449,"Solar street light at Bazaar Road chowk parisar, AURANGABAD_BR",0.9376315042171603,93.76315042171603,4.553155064602271,6.666666666666666,23.44078760542901,34.660609336697945,Medium,35.79373104145602,False,Text Similarity,Project description has 0.94 semantic similarity with project WS/15504/2023/00449.,5.502837175594663,0
259,WS/97537/2025/00750,Bihar,AURANGABAD_BR,ADITYA YADAV,Water Supply / Handpump,"Water supply pipeline extension to Ambedkar Colony area, AURANGABAD_BR",835950.15,2025-06-13,2025-09-16,New India Construction Co.,Ongoing,589581.39,9,constituency + work_category,41.787065226058104,13.929021742019367,9,1,0.1111111111111111,11.11111111111111,WS/33999/2025/00849,"Water supply pipeline extension to Ambedkar Colony area, AURANGABAD_BR",1.0000000000000002,100.0,6.268059783908716,3.333333333333333,25.0,34.60139311724205,Medium,75.93528816986856,False,Text Similarity,Project description has 1.00 semantic similarity with project WS/33999/2025/00849.,17.699002239840972,0
260,WS/29142/2025/00140,West Bengal,TAMLUK,RAJESH KUMAR SHARMA,Drainage / Nala,"Covered drain construction from Shanti Nagar to Andouli, TAMLUK",325368.79,2025-11-09,2026-02-27,Deep Construction Co.,New Recommendation,750585.74,5,constituency + work_category,-56.65134938481512,0.0,5,2,0.4,40.0,WS/17816/2025/00072,"Covered drain construction from Shanti Nagar to Nehru Path, TAMLUK",0.9027139243467535,90.27139243467535,0.0,12.0,22.567848108668837,34.56784810866884,Medium,96.7644084934277,True,Text Similarity,Project description has 0.90 semantic similarity with project WS/17816/2025/00072.,5.223543392505956,0
261,WS/25264/2023/00686,West Bengal,MURSHIDABAD,ABHAY KUMAR SINHA,Community Hall,"Multipurpose community centre building at Shanti Nagar panchayat, MURSHIDABAD",3424302.87,2023-08-30,2024-06-27,Sri Lakshmi Contractors,Completed,2411628.79,7,constituency + work_category,41.99129170289927,13.997097234299757,7,1,0.14285714285714285,14.285714285714285,WS/29073/2024/00485,"Multipurpose community centre building at Kisan Nagar panchayat, MURSHIDABAD",0.9583097539391608,95.83097539391609,6.298693755434891,4.285714285714286,23.957743848479023,34.5421518896282,Medium,34.07482305358948,False,Text Similarity,Project description has 0.96 semantic similarity with project WS/29073/2024/00485.,4.112731528019641,0
262,WS/95561/2024/00468,Maharashtra,HINGOLI,ADV K FRANCIS GEORGE,Community Hall,"Multipurpose community centre building at Bazaar Road panchayat, HINGOLI",3699481.26,2024-06-18,2025-03-18,Om Sai Infra Pvt Ltd,Ongoing,2558946.56,7,constituency + work_category,44.57047747022899,14.856825823409661,7,1,0.14285714285714285,14.285714285714285,WS/25389/2025/00191,"Multipurpose community centre building at Panchayat Bhavan Marg panchayat, HINGOLI",0.9423888451222531,94.23888451222531,6.685571620534348,4.285714285714286,23.559721128056328,34.53100703430496,Medium,34.17593528816987,False,Text Similarity,Project description has 0.94 semantic similarity with project WS/25389/2025/00191.,4.272246944739679,0
263,WS/57395/2024/00424,Bihar,GAYA,AASHTIKAR PATIL NAGESH BAPURAO,Road Construction,Construction of concrete road from Bazaar Road to Nehru Path in GAYA,1945975.2,2024-04-23,2025-04-15,Om Sai Infra Pvt Ltd,New Recommendation,1252226.57,9,constituency + work_category,55.40120666821499,18.467068889404995,9,1,0.1111111111111111,11.11111111111111,WS/19849/2025/00967,Construction of concrete road from Nehru Path to Nehru Path in GAYA,0.9146516189391974,91.46516189391974,8.310181000232248,3.333333333333333,22.866290473479935,34.50980480704551,Medium,75.42972699696662,False,Text Similarity,Project description has 0.91 semantic similarity with project WS/19849/2025/00967.,6.161228085033245,0
264,WS/12729/2023/00977,Jammu And Kashmir,BARAMULLAH,ADV K FRANCIS GEORGE,Water Supply / Handpump,"Installation of handpump at Bazaar Road village, GAYA",598567.12,2023-04-14,2024-02-10,Sri Lakshmi Contractors,New Recommendation,503772.11,9,constituency + work_category,18.817042094688414,6.272347364896137,9,2,0.2222222222222222,22.22222222222222,WS/32312/2025/00976,"Installation of handpump at Bazaar Road village, GAYA",0.9999999999999999,99.99999999999999,2.8225563142032617,6.666666666666666,24.999999999999996,34.489222980869926,Medium,58.442871587462086,False,Text Similarity,Project description has 1.00 semantic similarity with project WS/32312/2025/00976.,42.40559307576349,0
265,WS/43386/2024/00037,Bihar,GAYA,ADV K FRANCIS GEORGE,School Building Repair,"Construction of additional classroom at Andouli school, GAYA",1248692.39,2024-09-05,2025-01-02,Sri Lakshmi Contractors,Ongoing,874572.41,5,constituency + work_category,42.77747339411266,14.259157798037553,5,1,0.2,20.0,WS/81943/2025/00530,"Construction of additional classroom at Andouli school, BADAUN",0.8824265059918146,88.24265059918146,6.4166210091168985,6.0,22.060662649795365,34.47728365891226,Medium,80.38422649140546,False,Text Similarity,Project description has 0.88 semantic similarity with project WS/81943/2025/00530.,4.676443796281774,0
266,WS/48985/2024/00164,Maharashtra,NAGPUR,RAVI SHANKAR PRASAD JI,Community Hall,"Construction of community hall at Ambedkar Colony, NAGPUR",3104768.22,2024-02-04,2024-12-07,Ganesh Engineering Works,Sanctioned,3104768.22,5,constituency + work_category,0.0,0.0,5,2,0.4,40.0,WS/41850/2023/00018,"Construction of community hall at Ambedkar Colony, AURANGABAD_MH",0.8979846345625773,89.79846345625772,0.0,12.0,22.44961586406443,34.44961586406443,Medium,86.5520728008089,False,Text Similarity,Project description has 0.90 semantic similarity with project WS/41850/2023/00018.,5.62120074484189,0
267,WS/68429/2024/00235,Maharashtra,PUNE,ADV ADOOR PRAKASH,Streetlight Installation,"LED streetlight installation along Vivekanand Marg road, PUNE",486083.86,2024-10-23,2025-10-15,Deep Construction Co.,Ongoing,463412.09,6,constituency + work_category,4.892356174824865,1.6307853916082884,6,2,0.3333333333333333,33.33333333333333,WS/24089/2025/00169,"LED streetlight installation along Subhash Nagar road, PUNE",0.9478350736022245,94.78350736022246,0.7338534262237298,9.999999999999998,23.695876840055615,34.42973026627934,Medium,42.366026289180994,False,Text Similarity,Project description has 0.95 semantic similarity with project WS/24089/2025/00169.,5.668290174987048,0
268,WS/12588/2025/00836,Bihar,GAYA,ABU TAHER KHAN,Road Construction,"CC road construction at Subhash Nagar ward, GAYA",1352889.26,2025-03-31,2026-03-01,National Builders & Contractors,Sanctioned,1252226.57,9,constituency + work_category,8.038696224118606,2.6795654080395357,9,3,0.3333333333333333,33.33333333333333,WS/57948/2024/00390,"CC road construction at Subhash Nagar ward, KANPUR",0.9261226463595864,92.61226463595864,1.205804433617791,9.999999999999998,23.15306615898966,34.358870592607445,Medium,62.588473205257834,False,Text Similarity,Project description has 0.93 semantic similarity with project WS/57948/2024/00390.,6.04037784195684,0
269,WS/73068/2025/00798,Uttar Pradesh,LUCKNOW,ADV GOWAAL KAGADA PADAVI,Community Hall,"Multipurpose community centre building at Ram Nagar panchayat, LUCKNOW",2941054.58,2025-12-16,2027-01-05,Ganesh Engineering Works,New Recommendation,2098141.56,7,constituency + work_category,40.174268317720184,13.391422772573394,7,1,0.14285714285714285,14.285714285714285,WS/45811/2025/00148,"Multipurpose community centre building at Ram Nagar panchayat, AURANGABAD_BR",0.9613700652000439,96.13700652000439,6.026140247658027,4.285714285714286,24.034251630001098,34.346106163373406,Medium,34.883720930232556,False,Text Similarity,Project description has 0.96 semantic similarity with project WS/45811/2025/00148.,3.895997826029311,0
270,WS/80455/2024/00726,Maharashtra,AURANGABAD_MH,ADITYA YADAV,Solar Light Installation,"Solar street light at Subhash Nagar chowk parisar, AURANGABAD_MH",438769.03,2024-04-17,2025-03-19,National Builders & Contractors,Ongoing,358807.4,9,constituency + work_category,22.285390435091358,7.428463478363787,9,2,0.2222222222222222,22.22222222222222,WS/58467/2024/00972,"Solar street light at Subhash Nagar chowk parisar, BARAMULLAH",0.9731463899080304,97.31463899080303,3.342808565263704,6.666666666666666,24.32865974770076,34.33813497963113,Medium,39.635995955510616,False,Text Similarity,Project description has 0.97 semantic similarity with project WS/58467/2024/00972.,5.389711093774877,0
271,WS/74942/2025/00076,Bihar,PATNA_SAHIB,ADV K FRANCIS GEORGE,Community Hall,"Multipurpose community centre building at Nehru Path panchayat, PATNA_SAHIB",3175333.77,2025-08-26,2026-01-15,New India Construction Co.,Sanctioned,2633655.8600000003,8,constituency + work_category,20.56752813558563,6.855842711861876,8,2,0.25,25.0,WS/72530/2024/00439,"Multipurpose community centre building at Nehru Path panchayat, AURANGABAD_MH",0.9498113431911821,94.98113431911821,3.085129220337844,7.5,23.745283579779553,34.3304128001174,Medium,25.075834175935285,False,Text Similarity,Project description has 0.95 semantic similarity with project WS/72530/2024/00439.,5.221952394791709,0
272,WS/21297/2023/00692,West Bengal,KANTHI,VIKRAM SINGH RATHORE,Solar Light Installation,"Solar light installation near Panchayat Bhavan Marg hanuman mandir, KANTHI",439829.57,2023-09-13,2024-09-25,Ganesh Engineering Works,New Recommendation,301057.32,20,state + work_category,46.09495959108385,15.364986530361282,20,2,0.1,10.0,WS/79501/2024/00545,"Solar light installation near Panchayat Bhavan Marg hanuman mandir, AURANGABAD_BR",0.9754137183103775,97.54137183103775,6.914243938662577,3.0,24.385342957759438,34.299586896422014,Medium,66.83518705763397,False,Text Similarity,Project description has 0.98 semantic similarity with project WS/79501/2024/00545.,4.7207551768841896,0
273,WS/73373/2025/00392,Uttar Pradesh,LUCKNOW,MEERA IYER,Drainage / Nala,"Construction of drainage/nala near Vivekanand Marg area, LUCKNOW",461230.67,2025-11-27,2026-11-11,Progressive Engineers & Contractors,Ongoing,472536.05,5,constituency + work_category,-2.3924904777106435,0.0,5,2,0.4,40.0,WS/81989/2024/00192,"Construction of drainage/nala near Ambedkar Colony area, LUCKNOW",0.8919255905168615,89.19255905168615,0.0,12.0,22.298139762921537,34.29813976292154,Medium,88.77654196157735,False,Text Similarity,Project description has 0.89 semantic similarity with project WS/81989/2024/00192.,6.266132018103336,0
274,WS/93695/2025/00097,Maharashtra,PUNE,RAVI SHANKAR PRASAD JI,Road Construction,"CC road construction at Vivekanand Marg ward, PUNE",1573136.25,2025-02-17,2025-08-30,Jai Hind Infrastructure,Sanctioned,1490771.79,6,constituency + work_category,5.524954292299826,1.841651430766609,6,2,0.3333333333333333,33.33333333333333,WS/67725/2024/00753,"CC road construction at Gandhi Chowk ward, PUNE",0.9358423928955758,93.58423928955759,0.828743143844974,9.999999999999998,23.396059822389397,34.22480296623437,Medium,52.27502527805864,False,Text Similarity,Project description has 0.94 semantic similarity with project WS/67725/2024/00753.,5.068197791257537,0
275,WS/86563/2023/00965,Bihar,GAYA,ADHIKARI SOUMENDU,Drainage / Nala,"Construction of drainage/nala near Kisan Nagar area, GAYA",825107.88,2023-08-01,2023-12-03,New India Construction Co.,Ongoing,762825.9,15,state + work_category,8.16463887762594,2.7215462925419804,15,4,0.26666666666666666,26.666666666666668,WS/53165/2023/00964,"Construction of drainage/nala near Kisan Nagar area, GAYA",1.0000000000000004,100.0,1.2246958316438912,8.0,25.0,34.22469583164389,Medium,62.99292214357938,False,Text Similarity,Project description has 1.00 semantic similarity with project WS/53165/2023/00964.,18.939878364079217,0
276,WS/35369/2024/00505,Uttar Pradesh,KANPUR,VIKRAM SINGH RATHORE,Solar Light Installation,"Solar light installation near Andouli hanuman mandir, KANPUR",162967.53,2024-12-15,2025-06-12,Deep Construction Co.,New Recommendation,262181.08,6,constituency + work_category,-37.84161313241978,0.0,6,2,0.3333333333333333,33.33333333333333,WS/83724/2025/00696,"Solar light installation near Andouli hanuman mandir, ATTINGAL",0.9686206440062382,96.86206440062381,0.0,9.999999999999998,24.215516100155952,34.21551610015595,Medium,81.69868554095045,False,Text Similarity,Project description has 0.97 semantic similarity with project WS/83724/2025/00696.,3.2925741687737644,0
277,WS/83284/2023/00414,West Bengal,MURSHIDABAD,ANITA JOSHI,Road Construction,"Widening and strengthening of road near Bazaar Road village, MURSHIDABAD",2052773.42,2023-06-10,2023-09-24,United Rural Builders,New Recommendation,1708633.99,7,constituency + work_category,20.14120238823061,6.713734129410202,7,2,0.2857142857142857,28.57142857142857,WS/62642/2024/00597,"Widening and strengthening of road near Bazaar Road village, ATTINGAL",0.9049090965649569,90.49090965649569,3.021180358234591,8.571428571428571,22.622727414123922,34.21533634378709,Medium,72.4974721941355,False,Text Similarity,Project description has 0.90 semantic similarity with project WS/62642/2024/00597.,5.120069046754934,0
278,WS/78657/2024/00495,Kerala,IDUKKI,ABHIJIT GANGOPADHYAY,Road Construction,"CC road construction at Kisan Nagar ward, IDUKKI",994080.4,2024-07-04,2025-07-23,New India Construction Co.,Completed,1266207.67,6,constituency + work_category,-21.491519633584268,0.0,6,2,0.3333333333333333,33.33333333333333,WS/60956/2025/00559,"CC road construction at Ram Nagar ward, IDUKKI",0.9685101565129046,96.85101565129047,0.0,9.999999999999998,24.212753912822617,34.21275391282261,Medium,70.98078867542974,False,Text Similarity,Project description has 0.97 semantic similarity with project WS/60956/2025/00559.,3.704892389475219,0
279,WS/24442/2025/00984,Maharashtra,NAGPUR,MEERA IYER,Streetlight Installation,"Installation of streetlights at Andouli chowk, NAGPUR",585668.87,2025-06-20,2025-06-24,Bharat Infra Solutions,Completed,408970.885,30,state + work_category,43.20551694040518,14.401838980135059,30,5,0.16666666666666666,16.666666666666664,WS/25765/2024/00312,"Installation of streetlights at Ambedkar Colony chowk, NAGPUR",0.9092423198601428,90.92423198601428,6.480827541060776,4.999999999999999,22.73105799650357,34.21188553756434,Medium,52.78058645096056,False,Text Similarity,Project description has 0.91 semantic similarity with project WS/25765/2024/00312.,4.971951456236002,0
280,WS/93914/2025/00918,West Bengal,HOWRAH,ABHIJIT GANGOPADHYAY,Road Construction,"CC road construction at Gandhi Chowk ward, HOWRAH",1726638.08,2025-11-27,2026-09-23,Om Sai Infra Pvt Ltd,Ongoing,1703447.29,10,constituency + work_category,1.3614034397272154,0.45380114657573845,10,3,0.3,30.0,WS/79603/2025/00336,"CC road construction at Gandhi Chowk ward, HOWRAH",1.0000000000000004,100.0,0.2042105159590823,9.0,25.0,34.20421051595908,Medium,66.93629929221436,False,Text Similarity,Project description has 1.00 semantic similarity with project WS/79603/2025/00336.,21.875167713533656,0
281,WS/42406/2025/00045,West Bengal,HOWRAH,RAVI SHANKAR PRASAD JI,School Building Repair,"Construction of additional classroom at Panchayat Bhavan Marg school, HOWRAH",1656091.34,2025-05-01,2026-02-28,Metro Civil Works Pvt Ltd,New Recommendation,1443853.62,7,constituency + work_category,14.699393142083196,4.899797714027732,7,2,0.2857142857142857,28.57142857142857,WS/41420/2025/00943,"Construction of additional classroom at Panchayat Bhavan Marg school, AURANGABAD_MH",0.9356592380155605,93.56592380155605,2.2049089713124794,8.571428571428571,23.391480950389013,34.16781849313006,Medium,45.80384226491405,False,Text Similarity,Project description has 0.94 semantic similarity with project WS/41420/2025/00943.,5.1962767976646305,0
282,WS/15737/2023/00456,Uttar Pradesh,VARANASI,ADV K FRANCIS GEORGE,School Building Repair,"Repair and renovation of Govt. School building at Shanti Nagar, VARANASI",1297265.5,2023-07-23,2023-11-09,United Rural Builders,Completed,1112755.5899999999,8,constituency + work_category,16.581350986518085,5.527116995506029,8,2,0.25,25.0,WS/11699/2025/00367,"Repair and renovation of Govt. School building at Kisan Nagar, VARANASI",0.9662202247298437,96.62202247298437,2.487202647977713,7.5,24.155505618246092,34.142708266223806,Medium,38.01820020222447,False,Text Similarity,Project description has 0.97 semantic similarity with project WS/11699/2025/00367.,5.2428215455543485,0
283,WS/15504/2023/00449,Bihar,AURANGABAD_BR,ADHIKARI SOUMENDU,Solar Light Installation,"Solar street light at Bazaar Road chowk parisar, AURANGABAD_BR",196635.02,2023-08-01,2024-04-19,Ganesh Engineering Works,Completed,298203.85,12,constituency + work_category,-34.06020076534894,0.0,12,4,0.3333333333333333,33.33333333333333,WS/70811/2023/00125,"Solar street light at Bazaar Road chowk parisar, BARAMULLAH",0.9655799113766935,96.55799113766935,0.0,9.999999999999998,24.139497784417337,34.13949778441734,Medium,77.85642062689585,False,Text Similarity,Project description has 0.97 semantic similarity with project WS/70811/2023/00125.,3.7703508180043768,0
284,WS/40154/2024/00573,Maharashtra,NANDURBAR(ST),MEERA IYER,Streetlight Installation,"Installation of streetlights at Ram Nagar chowk, NANDURBAR(ST)",410892.8,2024-06-03,2024-11-11,Deep Construction Co.,New Recommendation,433442.515,6,constituency + work_category,-5.2024695823851115,0.0,6,2,0.3333333333333333,33.33333333333333,WS/25806/2023/00259,"Installation of streetlights at Subhash Nagar chowk, NANDURBAR(ST)",0.9647545699534773,96.47545699534773,0.0,9.999999999999998,24.118864248836932,34.11886424883693,Medium,54.903943377148636,False,Text Similarity,Project description has 0.96 semantic similarity with project WS/25806/2023/00259.,3.9674853575778775,0
285,WS/32833/2025/00298,Bihar,AURANGABAD_BR,ADHIKARI SOUMENDU,Water Supply / Handpump,"Water supply pipeline extension to Kisan Nagar area, AURANGABAD_BR",864085.47,2025-06-19,2026-07-11,Metro Civil Works Pvt Ltd,New Recommendation,589581.39,9,constituency + work_category,46.55914936528101,15.519716455093672,9,1,0.1111111111111111,11.11111111111111,WS/21086/2023/00851,"Water supply pipeline extension to Kisan Nagar area, ATTINGAL",0.9517176370697826,95.17176370697827,6.9838724047921525,3.333333333333333,23.792940926744567,34.11014666487005,Medium,45.39939332659252,False,Text Similarity,Project description has 0.95 semantic similarity with project WS/21086/2023/00851.,6.486266053554311,0
286,WS/39333/2025/00521,Maharashtra,NAGPUR,ADV GOWAAL KAGADA PADAVI,Water Supply / Handpump,"Water supply pipeline extension to Shanti Nagar area, NAGPUR",651093.03,2025-05-24,2026-03-18,Metro Civil Works Pvt Ltd,Ongoing,628713.88,7,constituency + work_category,3.5595126355409907,1.1865042118469968,7,2,0.2857142857142857,28.57142857142857,WS/85090/2024/00483,"Water supply pipeline extension to Shanti Nagar area, NAGPUR",0.9999999999999998,99.99999999999997,0.5339268953311486,8.571428571428571,24.999999999999993,34.10535546675971,Medium,65.11627906976744,False,Text Similarity,Project description has 1.00 semantic similarity with project WS/85090/2024/00483.,11.750918688267504,0
287,WS/76954/2023/00243,Kerala,IDUKKI,ADV K FRANCIS GEORGE,Road Construction,"CC road construction at Subhash Nagar ward, IDUKKI",1205573.63,2023-07-29,2023-12-29,New India Construction Co.,Ongoing,1266207.67,6,constituency + work_category,-4.788633131562063,0.0,6,2,0.3333333333333333,33.33333333333333,WS/60956/2025/00559,"CC road construction at Ram Nagar ward, IDUKKI",0.9633062248459112,96.33062248459112,0.0,9.999999999999998,24.08265562114778,34.08265562114778,Medium,52.98281092012134,False,Text Similarity,Project description has 0.96 semantic similarity with project WS/60956/2025/00559.,4.064014816819201,0
288,WS/39110/2025/00422,West Bengal,KANTHI,VIKRAM SINGH RATHORE,Drainage / Nala,"Construction of drainage/nala near Bazaar Road area, KANTHI",1185955.21,2025-10-24,2026-09-10,Bharat Infra Solutions,Sanctioned,899584.34,7,constituency + work_category,31.833687767397105,10.611229255799035,7,1,0.14285714285714285,14.285714285714285,WS/48729/2024/00679,"Construction of drainage/nala near Bazaar Road area, KANTHI",1.0000000000000004,100.0,4.775053165109566,4.285714285714286,25.0,34.06076745082385,Medium,59.656218402426695,False,Text Similarity,Project description has 1.00 semantic similarity with project WS/48729/2024/00679.,17.510538753847747,0
289,WS/52432/2023/00924,Bihar,GAYA,PRIYA VERMA,Solar Light Installation,"Solar street light at Panchayat Bhavan Marg chowk parisar, GAYA",412822.75,2023-10-21,2024-01-28,Shree Balaji Construction Co.,Ongoing,288691.87,9,constituency + work_category,42.99770547746981,14.332568492489935,9,1,0.1111111111111111,11.11111111111111,WS/99300/2023/00671,"Solar street light at Panchayat Bhavan Marg chowk parisar, TAMLUK",0.9695346812066634,96.95346812066634,6.449655821620471,3.333333333333333,24.238367030166586,34.02135618512039,Medium,56.31951466127402,False,Text Similarity,Project description has 0.97 semantic similarity with project WS/99300/2023/00671.,5.681767112400924,0
290,WS/95964/2025/00892,Kerala,KOTTAYAM,ADV DEAN KURIAKOSE,Solar Light Installation,"Solar light installation near Shanti Nagar hanuman mandir, KOTTAYAM",417444.63,2025-06-26,2025-10-03,Shree Balaji Construction Co.,Ongoing,293516.93,9,constituency + work_category,42.2216531087321,14.073884369577366,9,1,0.1111111111111111,11.11111111111111,WS/78732/2024/00215,"Solar light installation near Shanti Nagar hanuman mandir, AURANGABAD_BR",0.9739607516099325,97.39607516099325,6.3332479663098145,3.333333333333333,24.349018790248312,34.015600089891464,Medium,58.948432760364,False,Text Similarity,Project description has 0.97 semantic similarity with project WS/78732/2024/00215.,5.002773178363099,0
291,WS/98288/2024/00242,Uttar Pradesh,KANPUR,PRIYA VERMA,Streetlight Installation,"Installation of streetlights at Kisan Nagar chowk, KANPUR",201404.43,2024-03-26,2025-01-14,Jai Hind Infrastructure,Ongoing,383496.405,10,constituency + work_category,-47.482055275068355,0.0,10,3,0.3,30.0,WS/57124/2025/00233,"Installation of streetlights at Kisan Nagar chowk, KANPUR",1.0000000000000004,100.0,0.0,9.0,25.0,34.0,Medium,90.19211324570273,True,Text Similarity,Project description has 1.00 semantic similarity with project WS/57124/2025/00233.,20.718386403101352,0
292,WS/23621/2023/00376,Jammu And Kashmir,JAMMU,RAVI SHANKAR PRASAD JI,Road Construction,"CC road construction at Gandhi Chowk ward, JAMMU",1865786.23,2023-11-02,2024-11-18,Ganesh Engineering Works,Sanctioned,1597751.75,8,constituency + work_category,16.775727518370733,5.591909172790245,8,2,0.25,25.0,WS/83563/2023/00002,"CC road construction at Gandhi Chowk ward, KANPUR",0.959045210722492,95.90452107224921,2.51635912775561,7.5,23.976130268062303,33.99248939581791,Medium,31.14256825075834,False,Text Similarity,Project description has 0.96 semantic similarity with project WS/83563/2023/00002.,5.161806009720752,0
293,WS/31299/2023/00173,West Bengal,HOWRAH,ABU TAHER KHAN,Streetlight Installation,"LED streetlight installation along Subhash Nagar road, HOWRAH",551909.26,2023-08-22,2024-04-05,Jai Hind Infrastructure,New Recommendation,427198.58,5,constituency + work_category,29.192671941933884,9.730890647311295,5,1,0.2,20.0,WS/93422/2025/00710,"LED streetlight installation along Subhash Nagar road, KANPUR",0.9445252790665951,94.45252790665951,4.378900791290083,6.0,23.613131976664878,33.99203276795496,Medium,19.009100101112235,False,Text Similarity,Project description has 0.94 semantic similarity with project WS/93422/2025/00710.,5.78329293767927,0
294,WS/66881/2024/00087,Uttar Pradesh,BADAUN,ADV ADOOR PRAKASH,Water Supply / Handpump,"Installation of handpump at Ram Nagar village, BADAUN",679079.7,2024-01-20,2024-07-14,Deep Construction Co.,Completed,719185.46,9,constituency + work_category,-5.576553230094503,0.0,9,3,0.3333333333333333,33.33333333333333,WS/44099/2025/00051,"Installation of handpump at Subhash Nagar village, BADAUN",0.9591069393119362,95.91069393119362,0.0,9.999999999999998,23.977673482798405,33.9776734827984,Medium,50.15166835187057,False,Text Similarity,Project description has 0.96 semantic similarity with project WS/44099/2025/00051.,4.1031364884109465,0
295,WS/83695/2024/00630,West Bengal,TAMLUK,VIKRAM SINGH RATHORE,Water Supply / Handpump,"Installation of handpump at Shanti Nagar village, TAMLUK",587648.73,2024-10-04,2025-09-21,Metro Civil Works Pvt Ltd,Sanctioned,412863.83,27,state + work_category,42.33475720069737,14.11158573356579,27,3,0.1111111111111111,11.11111111111111,WS/67377/2024/00073,"Installation of handpump at Ram Nagar village, TAMLUK",0.9710348105445665,97.10348105445665,6.350213580104605,3.333333333333333,24.275870263614163,33.9594171770521,Medium,57.0273003033367,False,Text Similarity,Project description has 0.97 semantic similarity with project WS/67377/2024/00073.,4.97499540058532,0
296,WS/84991/2025/00163,Uttar Pradesh,BADAUN,AASHTIKAR PATIL NAGESH BAPURAO,Road Construction,"CC road construction at Subhash Nagar ward, BADAUN",877285.07,2025-01-16,2026-01-06,Bharat Infra Solutions,Ongoing,1251443.99,6,constituency + work_category,-29.898175466886062,0.0,6,2,0.3333333333333333,33.33333333333333,WS/23970/2023/00406,"CC road construction at Shanti Nagar ward, BADAUN",0.9565302583926415,95.65302583926415,0.0,9.999999999999998,23.913256459816036,33.91325645981603,Medium,69.16076845298281,False,Text Similarity,Project description has 0.96 semantic similarity with project WS/23970/2023/00406.,3.9060019488374462,0
297,WS/88231/2023/00250,Uttar Pradesh,LUCKNOW,ADITYA YADAV,Solar Light Installation,"Solar street light at Station Road chowk parisar, LUCKNOW",172429.95,2023-05-31,2024-05-16,New India Construction Co.,New Recommendation,290270.605,6,constituency + work_category,-40.59682688159209,0.0,6,2,0.3333333333333333,33.33333333333333,WS/24769/2023/00570,"Solar street light at Shanti Nagar chowk parisar, LUCKNOW",0.9558024430852116,95.58024430852116,0.0,9.999999999999998,23.89506107713029,33.895061077130286,Medium,76.33973710819009,False,Text Similarity,Project description has 0.96 semantic similarity with project WS/24769/2023/00570.,3.606001948837446,0
298,WS/30892/2023/00349,West Bengal,HOWRAH,SANJAY DESHMUKH,Water Supply / Handpump,"Water supply pipeline extension to Ram Nagar area, HOWRAH",820286.72,2023-09-18,2024-01-13,National Builders & Contractors,Completed,714243.84,9,constituency + work_category,14.846873583116938,4.94895786103898,9,2,0.2222222222222222,22.22222222222222,WS/59412/2023/00232,"Water supply pipeline extension to Ram Nagar area, HOWRAH",0.9999999999999998,99.99999999999997,2.227031037467541,6.666666666666666,24.999999999999993,33.8936977041342,Medium,54.70171890798786,False,Text Similarity,Project description has 1.00 semantic similarity with project WS/59412/2023/00232.,10.463808163797102,0
299,WS/44782/2024/00105,Jammu And Kashmir,BARAMULLAH,RAJESH KUMAR SHARMA,Solar Light Installation,"Solar street light at Andouli chowk parisar, BARAMULLAH",375951.04,2024-11-23,2025-07-06,Shree Balaji Construction Co.,Ongoing,280850.19999999995,12,constituency + work_category,33.86176687785875,11.287255625952914,12,2,0.16666666666666666,16.666666666666664,WS/22358/2025/00465,"Solar street light at Andouli chowk parisar, AURANGABAD_BR",0.9524759645412554,95.24759645412554,5.079265031678812,4.999999999999999,23.811899113531386,33.8911641452102,Medium,12.841253791708795,False,Text Similarity,Project description has 0.95 semantic similarity with project WS/22358/2025/00465.,4.876427737714801,0
300,WS/86986/2025/00266,Uttar Pradesh,KANPUR,RAJESH KUMAR SHARMA,Streetlight Installation,"LED streetlight installation along Ram Nagar road, KANPUR",457323.92,2025-05-21,2026-03-18,Om Sai Infra Pvt Ltd,Completed,383496.405,10,constituency + work_category,19.251162211025147,6.417054070341716,10,2,0.2,20.0,WS/69925/2024/00423,"LED streetlight installation along Ram Nagar road, KANPUR",1.0000000000000002,100.0,2.887674331653772,6.0,25.0,33.88767433165377,Medium,51.162790697674424,False,Text Similarity,Project description has 1.00 semantic similarity with project WS/69925/2024/00423.,16.657090389743804,0
301,WS/27157/2025/00829,Uttar Pradesh,VARANASI,ADV GOWAAL KAGADA PADAVI,Water Supply / Handpump,"Installation of handpump at Vivekanand Marg village, VARANASI",846144.65,2025-03-18,2026-02-21,Sri Lakshmi Contractors,Completed,668568.4450000001,28,state + work_category,26.560662012697883,8.853554004232628,28,6,0.21428571428571427,21.428571428571427,WS/78506/2023/00840,"Installation of handpump at Vivekanand Marg village, AURANGABAD_MH",0.9386109181823032,93.86109181823032,3.9840993019046826,6.428571428571428,23.46527295455758,33.87794368503369,Medium,27.603640040444894,False,Text Similarity,Project description has 0.94 semantic similarity with project WS/78506/2023/00840.,6.198089036911454,0
302,WS/49926/2023/00725,Maharashtra,PUNE,RAVI SHANKAR PRASAD JI,Streetlight Installation,"LED streetlight installation along Bazaar Road road, PUNE",453793.84,2023-12-09,2024-11-17,Progressive Engineers & Contractors,Ongoing,463412.09,6,constituency + work_category,-2.0755284999146224,0.0,6,2,0.3333333333333333,33.33333333333333,WS/24089/2025/00169,"LED streetlight installation along Subhash Nagar road, PUNE",0.9540486264672379,95.40486264672379,0.0,9.999999999999998,23.851215661680946,33.851215661680946,Medium,43.27603640040445,False,Text Similarity,Project description has 0.95 semantic similarity with project WS/24089/2025/00169.,4.12713906241352,0
303,WS/43791/2025/00405,West Bengal,MURSHIDABAD,ADV DEAN KURIAKOSE,School Building Repair,"Repair and renovation of Govt. School building at Gandhi Chowk, MURSHIDABAD",1472202.45,2025-10-18,2026-01-28,Bharat Infra Solutions,Sanctioned,1021864.43,9,constituency + work_category,44.070231508107184,14.690077169369061,9,1,0.1111111111111111,11.11111111111111,WS/37621/2025/00897,"Repair and renovation of Govt. School building at Gandhi Chowk, AURANGABAD_BR",0.955800222680104,95.5800222680104,6.610534726216078,3.333333333333333,23.8950055670026,33.83887362655201,Medium,46.61274014155713,False,Text Similarity,Project description has 0.96 semantic similarity with project WS/37621/2025/00897.,5.242134304544514,0
304,WS/42512/2023/00189,West Bengal,KANTHI,ABHAY KUMAR SINHA,School Building Repair,"Construction of additional classroom at Andouli school, KANTHI",1336958.19,2023-10-07,2024-02-15,Metro Civil Works Pvt Ltd,New Recommendation,1336958.19,5,constituency + work_category,0.0,0.0,5,2,0.4,40.0,WS/70577/2023/00780,"Construction of additional classroom at Andouli school, AURANGABAD_MH",0.8723473246752493,87.23473246752494,0.0,12.0,21.808683116881234,33.808683116881234,Medium,92.3154701718908,True,Text Similarity,Project description has 0.87 semantic similarity with project WS/70577/2023/00780.,5.552462926871726,0
305,WS/89609/2024/00853,Kerala,ATTINGAL,SANJAY DESHMUKH,Water Supply / Handpump,"Installation of handpump at Ambedkar Colony village, ATTINGAL",574027.38,2024-03-19,2024-09-20,Deep Construction Co.,Completed,472150.405,8,constituency + work_category,21.57722918822869,7.192409729409563,8,2,0.25,25.0,WS/48103/2025/00678,"Installation of handpump at Ambedkar Colony village, VARANASI",0.9226067246650114,92.26067246650113,3.236584378234303,7.5,23.065168116625284,33.801752494859585,Medium,49.54499494438827,False,Text Similarity,Project description has 0.92 semantic similarity with project WS/48103/2025/00678.,5.16961919299684,0
306,WS/41544/2023/00200,Jammu And Kashmir,SRINAGAR,ADITYA YADAV,Water Supply / Handpump,"Installation of handpump at Gandhi Chowk village, SRINAGAR",735842.95,2023-05-03,2024-06-04,Sri Lakshmi Contractors,Completed,565222.72,5,constituency + work_category,30.18637148910079,10.062123829700264,5,1,0.2,20.0,WS/43792/2024/00417,"Installation of handpump at Ram Nagar village, SRINAGAR",0.9300597807422187,93.00597807422187,4.527955723365118,6.0,23.251494518555468,33.779450241920586,Medium,33.872598584428715,False,Text Similarity,Project description has 0.93 semantic similarity with project WS/43792/2024/00417.,5.623415067033874,0
307,WS/19171/2025/00038,Maharashtra,AURANGABAD_MH,RAVI SHANKAR PRASAD JI,Water Supply / Handpump,"Water supply pipeline extension to Panchayat Bhavan Marg area, AURANGABAD_MH",703601.0,2025-04-29,2025-10-06,New India Construction Co.,Sanctioned,580570.74,5,constituency + work_category,21.19126086168242,7.063753620560807,5,1,0.2,20.0,WS/78610/2024/00437,"Water supply pipeline extension to Panchayat Bhavan Marg area, KANPUR",0.9813016021506045,98.13016021506044,3.1786891292523634,6.0,24.53254005376511,33.71122918301747,Medium,37.31041456016178,False,Text Similarity,Project description has 0.98 semantic similarity with project WS/78610/2024/00437.,3.99894947418489,0
308,WS/25644/2025/00605,Maharashtra,PUNE,SANJAY DESHMUKH,Drainage / Nala,"Construction of drainage/nala near Nehru Path area, PUNE",742697.85,2025-03-05,2026-03-30,Ganesh Engineering Works,Completed,715620.8999999999,6,constituency + work_category,3.7837002804138438,1.2612334268046146,6,2,0.3333333333333333,33.33333333333333,WS/73699/2025/00014,"Construction of drainage/nala near Ram Nagar area, PUNE",0.9252648681578467,92.52648681578466,0.5675550420620766,9.999999999999998,23.131621703946166,33.69917674600824,Medium,59.555106167846304,False,Text Similarity,Project description has 0.93 semantic similarity with project WS/73699/2025/00014.,4.976241386842142,0
309,WS/70811/2023/00125,Jammu And Kashmir,BARAMULLAH,ABU TAHER KHAN,Solar Light Installation,"Solar street light at Bazaar Road chowk parisar, BARAMULLAH",365703.33,2023-06-17,2023-11-14,Progressive Engineers & Contractors,Sanctioned,280850.19999999995,12,constituency + work_category,30.21294982164872,10.070983273882907,12,2,0.16666666666666666,16.666666666666664,WS/15504/2023/00449,"Solar street light at Bazaar Road chowk parisar, AURANGABAD_BR",0.9655799113766935,96.55799113766935,4.531942473247309,4.999999999999999,24.139497784417337,33.67144025766464,Medium,18.70576339737108,False,Text Similarity,Project description has 0.97 semantic similarity with project WS/15504/2023/00449.,3.980176685268799,0
310,WS/86735/2023/00493,Kerala,IDUKKI,MEERA IYER,Solar Light Installation,"Solar light installation near Kisan Nagar hanuman mandir, IDUKKI",326135.53,2023-07-02,2024-05-13,Om Sai Infra Pvt Ltd,Ongoing,324384.58,7,constituency + work_category,0.5397759659229213,0.1799253219743071,7,2,0.2857142857142857,28.57142857142857,WS/67503/2024/00451,"Solar light installation near Kisan Nagar hanuman mandir, IDUKKI",1.0,100.0,0.0809663948884382,8.571428571428571,25.0,33.65239496631701,Medium,62.48736097067745,False,Text Similarity,Project description has 1.00 semantic similarity with project WS/67503/2024/00451.,77.8888157042775,1
311,WS/60868/2023/00393,West Bengal,MURSHIDABAD,ABHAY KUMAR SINHA,Community Hall,"Construction of community hall at Ambedkar Colony, MURSHIDABAD",2423587.96,2023-05-14,2023-10-26,United Rural Builders,New Recommendation,2411628.79,7,constituency + work_category,0.49589597078909997,0.1652986569297,7,2,0.2857142857142857,28.57142857142857,WS/84205/2024/00255,"Construction of community hall at Ambedkar Colony, MURSHIDABAD",1.0000000000000004,100.0,0.074384395618365,8.571428571428571,25.0,33.645812967046936,Medium,62.28513650151668,False,Text Similarity,Project description has 1.00 semantic similarity with project WS/84205/2024/00255.,21.17320978524963,0
312,WS/84972/2023/00717,Uttar Pradesh,BADAUN,MEERA IYER,Water Supply / Handpump,"Water supply pipeline extension to Panchayat Bhavan Marg area, BADAUN",394162.57,2023-06-30,2023-11-21,Deep Construction Co.,Completed,719185.46,9,constituency + work_category,-45.1931953685493,0.0,9,3,0.3333333333333333,33.33333333333333,WS/19171/2025/00038,"Water supply pipeline extension to Panchayat Bhavan Marg area, AURANGABAD_MH",0.9457036852999559,94.57036852999559,0.0,9.999999999999998,23.642592132498898,33.6425921324989,Medium,77.35085945399393,False,Text Similarity,Project description has 0.95 semantic similarity with project WS/19171/2025/00038.,3.7084166739487694,0
313,WS/54359/2023/00409,Kerala,IDUKKI,MEERA IYER,Solar Light Installation,"Solar light installation near Station Road hanuman mandir, IDUKKI",344759.0,2023-09-13,2024-01-02,Ganesh Engineering Works,Sanctioned,324384.58,7,constituency + work_category,6.280945906861534,2.0936486356205113,7,2,0.2857142857142857,28.57142857142857,WS/51120/2023/00654,"Solar light installation near Bazaar Road hanuman mandir, IDUKKI",0.9627523991971059,96.27523991971059,0.9421418860292301,8.571428571428571,24.068809979927646,33.582380437385446,Medium,37.41152679474216,False,Text Similarity,Project description has 0.96 semantic similarity with project WS/51120/2023/00654.,6.767541929549862,0
314,WS/27510/2025/00896,Kerala,ATTINGAL,ADV ADOOR PRAKASH,Community Hall,"Multipurpose community centre building at Ram Nagar panchayat, ATTINGAL",1507165.26,2025-08-19,2025-10-26,New India Construction Co.,Sanctioned,2172665.62,6,constituency + work_category,-30.630592847508677,0.0,6,2,0.3333333333333333,33.33333333333333,WS/73068/2025/00798,"Multipurpose community centre building at Ram Nagar panchayat, LUCKNOW",0.9432508600418961,94.3250860041896,0.0,9.999999999999998,23.5812715010474,33.5812715010474,Medium,68.45298281092013,False,Text Similarity,Project description has 0.94 semantic similarity with project WS/73068/2025/00798.,3.6988076532354466,0
315,WS/33777/2025/00115,Maharashtra,NANDURBAR(ST),ADV DEAN KURIAKOSE,Water Supply / Handpump,"Water supply pipeline extension to Shanti Nagar area, NANDURBAR(ST)",733686.66,2025-10-30,2026-06-20,New India Construction Co.,Completed,635482.84,7,constituency + work_category,15.453418065545257,5.151139355181752,7,2,0.2857142857142857,28.57142857142857,WS/43483/2023/00477,"Water supply pipeline extension to Shanti Nagar area, KANPUR",0.9073923771178779,90.7392377117878,2.3180127098317884,8.571428571428571,22.68480942794695,33.574250709207305,Medium,67.23963599595551,False,Text Similarity,Project description has 0.91 semantic similarity with project WS/43483/2023/00477.,5.373248412356968,0
316,WS/84205/2024/00255,West Bengal,MURSHIDABAD,VIKRAM SINGH RATHORE,Community Hall,"Construction of community hall at Ambedkar Colony, MURSHIDABAD",2307162.87,2024-01-16,2024-09-04,United Rural Builders,Ongoing,2411628.79,7,constituency + work_category,-4.331757873897331,0.0,7,2,0.2857142857142857,28.57142857142857,WS/60868/2023/00393,"Construction of community hall at Ambedkar Colony, MURSHIDABAD",1.0000000000000004,100.0,0.0,8.571428571428571,25.0,33.57142857142857,Medium,65.72295247724975,False,Text Similarity,Project description has 1.00 semantic similarity with project WS/60868/2023/00393.,21.245418747112037,0
317,WS/98501/2023/00024,Uttar Pradesh,LUCKNOW,ABDUL RASHID SHEIKH,Streetlight Installation,"Installation of streetlights at Gandhi Chowk chowk, LUCKNOW",186050.16,2023-10-08,2024-01-11,Jai Hind Infrastructure,Completed,186892.53,7,constituency + work_category,-0.4507242745336025,0.0,7,2,0.2857142857142857,28.57142857142857,WS/35891/2025/00797,"Installation of streetlights at Gandhi Chowk chowk, LUCKNOW",1.0,100.0,0.0,8.571428571428571,25.0,33.57142857142857,Medium,62.08291203235592,False,Text Similarity,Project description has 1.00 semantic similarity with project WS/35891/2025/00797.,76.95805432820715,1
318,WS/34470/2023/00772,Maharashtra,NANDURBAR(ST),ABHIJIT GANGOPADHYAY,Water Supply / Handpump,"Water supply pipeline extension to Gandhi Chowk area, NANDURBAR(ST)",587034.74,2023-05-03,2024-05-05,Metro Civil Works Pvt Ltd,Completed,635482.84,7,constituency + work_category,-7.623825058753747,0.0,7,2,0.2857142857142857,28.57142857142857,WS/61987/2025/00208,"Water supply pipeline extension to Gandhi Chowk area, NANDURBAR(ST)",1.0000000000000002,100.0,0.0,8.571428571428571,25.0,33.57142857142857,Medium,67.64408493427705,False,Text Similarity,Project description has 1.00 semantic similarity with project WS/61987/2025/00208.,21.55179833243899,0
319,WS/55829/2024/00506,West Bengal,TAMLUK,ADITYA YADAV,Solar Light Installation,"Solar light installation near Station Road hanuman mandir, TAMLUK",315357.8,2024-05-29,2025-02-24,Shree Balaji Construction Co.,New Recommendation,315357.8,7,constituency + work_category,0.0,0.0,7,2,0.2857142857142857,28.57142857142857,WS/61964/2024/00139,"Solar light installation near Station Road hanuman mandir, TAMLUK",1.0000000000000002,100.0,0.0,8.571428571428571,25.0,33.57142857142857,Medium,61.77957532861477,False,Text Similarity,Project description has 1.00 semantic similarity with project WS/61964/2024/00139.,21.35166375523675,0
320,WS/86869/2025/00111,Maharashtra,HINGOLI,ABHAY KUMAR SINHA,Road Construction,"Widening and strengthening of road near Station Road village, HINGOLI",1534190.08,2025-05-02,2026-01-07,National Builders & Contractors,Completed,1601999.8,5,constituency + work_category,-4.232817007842321,0.0,5,2,0.4,40.0,WS/98740/2024/00220,"Widening and strengthening of road near Station Road village, LUCKNOW",0.862215132234838,86.2215132234838,0.0,12.0,21.55537830587095,33.555378305870946,Medium,94.23660262891809,True,Text Similarity,Project description has 0.86 semantic similarity with project WS/98740/2024/00220.,4.845391810749857,0
321,WS/13418/2023/00487,Jammu And Kashmir,BARAMULLAH,ADV DEAN KURIAKOSE,Streetlight Installation,"LED streetlight installation along Vivekanand Marg road, BARAMULLAH",405169.39,2023-11-23,2024-11-22,Ganesh Engineering Works,Ongoing,293101.97,7,constituency + work_category,38.23495966267305,12.744986554224349,7,1,0.14285714285714285,14.285714285714285,WS/54579/2024/00513,"LED streetlight installation along Ambedkar Colony road, BARAMULLAH",0.9411559813256394,94.11559813256393,5.7352439494009575,4.285714285714286,23.528899533140983,33.549857768256224,Medium,28.91809908998989,False,Text Similarity,Project description has 0.94 semantic similarity with project WS/54579/2024/00513.,4.212218591328926,0
322,WS/33149/2023/00557,Maharashtra,PUNE,RAVI SHANKAR PRASAD JI,Solar Light Installation,"Solar street light at Station Road chowk parisar, PUNE",436323.93,2023-06-22,2024-04-12,Bharat Infra Solutions,Ongoing,320745.58,15,state + work_category,36.03427676228616,12.01142558742872,15,2,0.13333333333333333,13.333333333333334,WS/34881/2023/00167,"Solar street light at Shanti Nagar chowk parisar, PUNE",0.9650150273598512,96.50150273598513,5.405141514342924,4.0,24.125375683996282,33.530517198339204,Medium,38.42264914054601,False,Text Similarity,Project description has 0.97 semantic similarity with project WS/34881/2023/00167.,4.011600838415816,0
323,WS/32417/2025/00975,West Bengal,HOWRAH,ABHIJIT GANGOPADHYAY,Water Supply / Handpump,"Installation of handpump at Subhash Nagar village, SRINAGAR",960531.94,2025-09-17,2026-04-02,Metro Civil Works Pvt Ltd,Ongoing,714243.84,9,constituency + work_category,34.48235549360846,11.494118497869486,9,1,0.1111111111111111,11.11111111111111,WS/94717/2024/00973,"Installation of handpump at Subhash Nagar village, SRINAGAR",1.0000000000000004,100.0,5.172353324041269,3.333333333333333,25.0,33.5056866573746,Medium,71.18301314459049,False,Text Similarity,Project description has 1.00 semantic similarity with project WS/94717/2024/00973.,18.31995847658668,0
324,WS/56179/2024/00462,Maharashtra,NANDURBAR(ST),ADHIKARI SOUMENDU,Streetlight Installation,"LED streetlight installation along Vivekanand Marg road, NANDURBAR(ST)",330700.73,2024-03-11,2025-04-11,National Builders & Contractors,Sanctioned,433442.515,6,constituency + work_category,-23.703670370221996,0.0,6,2,0.3333333333333333,33.33333333333333,WS/69372/2025/00528,"LED streetlight installation along Station Road road, NANDURBAR(ST)",0.9397340544235198,93.97340544235198,0.0,9.999999999999998,23.493351360587994,33.493351360587994,Medium,66.0262891809909,False,Text Similarity,Project description has 0.94 semantic similarity with project WS/69372/2025/00528.,4.376147554713278,0
325,WS/20480/2023/00458,Maharashtra,PUNE,ADV ADOOR PRAKASH,Streetlight Installation,"Installation of streetlights at Ambedkar Colony chowk, PUNE",473030.34,2023-04-14,2023-09-27,Progressive Engineers & Contractors,Sanctioned,463412.09,6,constituency + work_category,2.0755284999146224,0.6918428333048742,6,2,0.3333333333333333,33.33333333333333,WS/25765/2024/00312,"Installation of streetlights at Ambedkar Colony chowk, NAGPUR",0.9271062845132338,92.71062845132339,0.31132927498719337,9.999999999999998,23.177657112830847,33.48898638781804,Medium,56.72396359959555,False,Text Similarity,Project description has 0.93 semantic similarity with project WS/25765/2024/00312.,5.000110688088883,0
326,WS/85936/2024/00561,West Bengal,TAMLUK,ADITYA YADAV,Solar Light Installation,"Solar light installation near Gandhi Chowk hanuman mandir, TAMLUK",328847.48,2024-09-17,2025-07-08,Progressive Engineers & Contractors,Ongoing,315357.8,7,constituency + work_category,4.277579308328506,1.4258597694428352,7,2,0.2857142857142857,28.57142857142857,WS/32427/2025/00877,"Solar light installation near Gandhi Chowk hanuman mandir, VARANASI",0.9696428425351638,96.96428425351638,0.6416368962492759,8.571428571428571,24.241071063379096,33.454136531056946,Medium,41.354903943377145,False,Text Similarity,Project description has 0.97 semantic similarity with project WS/32427/2025/00877.,5.458318027392412,0
327,WS/99592/2023/00765,Maharashtra,PUNE,ABDUL RASHID SHEIKH,Streetlight Installation,"Installation of streetlights at Nehru Path chowk, PUNE",240137.97,2023-10-19,2024-06-03,Bharat Infra Solutions,New Recommendation,463412.09,6,constituency + work_category,-48.180469352882014,0.0,6,2,0.3333333333333333,33.33333333333333,WS/98181/2024/00195,"Installation of streetlights at Nehru Path chowk, NAGPUR",0.9370569488848637,93.70569488848636,0.0,9.999999999999998,23.42642372212159,33.42642372212159,Medium,83.21536905965623,False,Text Similarity,Project description has 0.94 semantic similarity with project WS/98181/2024/00195.,4.080471557456254,0
328,WS/48737/2024/00264,Kerala,ATTINGAL,ADV GOWAAL KAGADA PADAVI,Drainage / Nala,"Construction of drainage/nala near Panchayat Bhavan Marg area, ATTINGAL",765974.22,2024-09-03,2025-02-06,Deep Construction Co.,Sanctioned,507526.095,12,constituency + work_category,50.92312051462103,16.97437350487368,12,1,0.08333333333333333,8.333333333333332,WS/16259/2023/00784,"Construction of drainage/nala near Panchayat Bhavan Marg area, SRINAGAR",0.9301886027772983,93.01886027772983,7.6384680771931555,2.4999999999999996,23.254715069432457,33.39318314662561,Medium,69.8685540950455,False,Text Similarity,Project description has 0.93 semantic similarity with project WS/16259/2023/00784.,5.117446161749558,0
329,WS/31694/2023/00875,Bihar,AURANGABAD_BR,ABDUL RASHID SHEIKH,Solar Light Installation,"Solar street light at Ambedkar Colony chowk parisar, AURANGABAD_BR",440365.9,2023-10-12,2024-07-01,Metro Civil Works Pvt Ltd,Completed,298203.85,12,constituency + work_category,47.67277484848035,15.89092494949345,12,1,0.08333333333333333,8.333333333333332,WS/14851/2024/00688,"Solar street light at Ambedkar Colony chowk parisar, ERNAKULAM",0.948825948953566,94.8825948953566,7.150916227272052,2.4999999999999996,23.72064872383915,33.3715649511112,Medium,53.38725985844287,False,Text Similarity,Project description has 0.95 semantic similarity with project WS/14851/2024/00688.,5.983556421594949,0
330,WS/71457/2025/00661,Uttar Pradesh,KANPUR,ADV ADOOR PRAKASH,Community Hall,"Multipurpose community centre building at Shanti Nagar panchayat, KANPUR",2957257.69,2025-01-22,2025-11-12,Om Sai Infra Pvt Ltd,Completed,2130894.795,8,constituency + work_category,38.78008885933761,12.926696286445871,8,1,0.125,12.5,WS/25264/2023/00686,"Multipurpose community centre building at Shanti Nagar panchayat, MURSHIDABAD",0.950652784245458,95.0652784245458,5.817013328900642,3.75,23.76631960613645,33.33333293503709,Medium,30.738119312436808,False,Text Similarity,Project description has 0.95 semantic similarity with project WS/25264/2023/00686.,4.29677473758167,0
331,WS/61546/2025/00701,Kerala,ATTINGAL,ABHAY KUMAR SINHA,Community Hall,"Construction of community hall at Andouli, ATTINGAL",2287011.43,2025-12-31,2026-05-24,Sri Lakshmi Contractors,Completed,2172665.62,6,constituency + work_category,5.262927205521853,1.7543090685072846,6,2,0.3333333333333333,33.33333333333333,WS/55109/2025/00702,"Construction of community hall at Andouli, BADAUN",0.90040016100863,90.040016100863,0.7894390808282781,9.999999999999998,22.51000402521575,33.29944310604402,Medium,76.64307381193125,False,Text Similarity,Project description has 0.90 semantic similarity with project WS/55109/2025/00702.,5.385934442295548,0
332,WS/26632/2024/00567,Maharashtra,HINGOLI,ADHIKARI SOUMENDU,Road Construction,"CC road construction at Gandhi Chowk ward, HINGOLI",2001460.12,2024-11-28,2025-06-21,Sri Lakshmi Contractors,Sanctioned,1601999.8,5,constituency + work_category,24.93510423659229,8.311701412197431,5,1,0.2,20.0,WS/98826/2024/00323,"CC road construction at Gandhi Chowk ward, AURANGABAD_BR",0.9422668709370612,94.22668709370612,3.740265635488844,6.0,23.55667177342653,33.296937408915376,Medium,16.98685540950455,False,Text Similarity,Project description has 0.94 semantic similarity with project WS/98826/2024/00323.,5.645012132587566,0
333,WS/83273/2024/00330,Jammu And Kashmir,JAMMU,RAVI SHANKAR PRASAD JI,Drainage / Nala,"Covered drain construction from Shanti Nagar to Panchayat Bhavan Marg, JAMMU",564405.65,2024-07-26,2024-11-28,Deep Construction Co.,New Recommendation,837027.615,6,constituency + work_category,-32.57024739858792,0.0,6,2,0.3333333333333333,33.33333333333333,WS/75860/2025/00775,"Covered drain construction from Kisan Nagar to Panchayat Bhavan Marg, PATNA_SAHIB",0.9316687011486203,93.16687011486204,0.0,9.999999999999998,23.29171752871551,33.29171752871551,Medium,76.84529828109201,False,Text Similarity,Project description has 0.93 semantic similarity with project WS/75860/2025/00775.,4.0244453387250365,0
334,WS/10702/2025/00663,Jammu And Kashmir,SRINAGAR,RAJESH KUMAR SHARMA,Streetlight Installation,"LED streetlight installation along Nehru Path road, SRINAGAR",572694.87,2025-12-16,2026-12-17,Deep Construction Co.,Completed,449703.55,11,constituency + work_category,27.349421635653087,9.116473878551028,11,2,0.18181818181818182,18.181818181818183,WS/94889/2024/00098,"LED streetlight installation along Ram Nagar road, SRINAGAR",0.9492082624369769,94.92082624369769,4.102413245347963,5.454545454545455,23.730206560924422,33.287165260817844,Medium,10.212335692618806,False,Text Similarity,Project description has 0.95 semantic similarity with project WS/94889/2024/00098.,5.281183893258776,0
335,WS/11220/2024/00026,Jammu And Kashmir,SRINAGAR,PRIYA VERMA,Drainage / Nala,"Construction of drainage/nala near Ambedkar Colony area, SRINAGAR",904521.2,2024-02-02,2024-11-22,New India Construction Co.,Completed,641075.81,7,constituency + work_category,41.094264654908734,13.698088218302912,7,1,0.14285714285714285,14.285714285714285,WS/37871/2024/00711,"Construction of drainage/nala near Ambedkar Colony area, ERNAKULAM",0.9127569317027748,91.27569317027748,6.16413969823631,4.285714285714286,22.81892329256937,33.26877727651997,Medium,56.21840242669363,False,Text Similarity,Project description has 0.91 semantic similarity with project WS/37871/2024/00711.,5.960920550606457,0
336,WS/36145/2025/00916,West Bengal,HOWRAH,ABHIJIT GANGOPADHYAY,Water Supply / Handpump,"Installation of handpump at Subhash Nagar village, HOWRAH",275843.83,2025-12-08,2026-08-28,Om Sai Infra Pvt Ltd,Sanctioned,714243.84,9,constituency + work_category,-61.379599717653846,0.0,9,3,0.3333333333333333,33.33333333333333,WS/44099/2025/00051,"Installation of handpump at Subhash Nagar village, BADAUN",0.9299413719956974,92.99413719956974,0.0,9.999999999999998,23.248534299892434,33.248534299892434,Medium,89.38321536905966,False,Text Similarity,Project description has 0.93 semantic similarity with project WS/44099/2025/00051.,3.819066896544918,0
337,WS/13966/2024/00522,Bihar,PATNA_SAHIB,ADHIKARI SOUMENDU,Water Supply / Handpump,"Installation of handpump at Ram Nagar village, PATNA_SAHIB",842085.1,2024-03-04,2024-10-16,Metro Civil Works Pvt Ltd,Sanctioned,593823.735,18,state + work_category,41.8072485768862,13.935749525628735,18,2,0.1111111111111111,11.11111111111111,WS/40959/2024/00481,"Installation of handpump at Station Road village, PATNA_SAHIB",0.9450463693183604,94.50463693183605,6.27108728653293,3.333333333333333,23.62615923295901,33.23057985282527,Medium,41.25379170879677,False,Text Similarity,Project description has 0.95 semantic similarity with project WS/40959/2024/00481.,4.16281511162707,0
338,WS/71894/2024/00332,West Bengal,TAMLUK,VIKRAM SINGH RATHORE,Road Construction,Construction of concrete road from Gandhi Chowk to Station Road in TAMLUK,2272868.73,2024-11-18,2025-11-10,Jai Hind Infrastructure,Completed,1708633.99,29,state + work_category,33.02256324656166,11.00752108218722,29,5,0.1724137931034483,17.24137931034483,WS/43016/2024/00548,Construction of concrete road from Gandhi Chowk to Andouli in TAMLUK,0.92239462795016,92.23946279501601,4.953384486984249,5.172413793103448,23.059865698754002,33.1856639788417,Medium,33.46814964610718,False,Text Similarity,Project description has 0.92 semantic similarity with project WS/43016/2024/00548.,5.469607904375089,0
339,WS/49669/2024/00684,Kerala,ERNAKULAM,ADV GOWAAL KAGADA PADAVI,Streetlight Installation,"Installation of streetlights at Ram Nagar chowk, ERNAKULAM",515909.62,2024-12-22,2025-08-23,Deep Construction Co.,Sanctioned,369398.16500000004,8,constituency + work_category,39.66220433174051,13.220734777246838,8,1,0.125,12.5,WS/57826/2024/00951,"Installation of streetlights at Ram Nagar chowk, AURANGABAD_MH",0.9390066253354857,93.90066253354857,5.949330649761077,3.75,23.475165633387142,33.174496283148216,Medium,39.33265925176946,False,Text Similarity,Project description has 0.94 semantic similarity with project WS/57826/2024/00951.,4.7583176613801745,0
340,WS/49378/2025/00229,Bihar,PATNA_SAHIB,ADV K FRANCIS GEORGE,School Building Repair,"Repair and renovation of Govt. School building at Vivekanand Marg, PATNA_SAHIB",1541665.66,2025-08-28,2026-09-25,Jai Hind Infrastructure,Ongoing,1414472.25,7,constituency + work_category,8.992287406133272,2.9974291353777573,7,2,0.2857142857142857,28.57142857142857,WS/77844/2023/00464,"Repair and renovation of Govt. School building at Shanti Nagar, PATNA_SAHIB",0.9285496227535306,92.85496227535306,1.3488431109199908,8.571428571428571,23.213740568838265,33.134012251186824,Medium,45.90495449949444,False,Text Similarity,Project description has 0.93 semantic similarity with project WS/77844/2023/00464.,6.070371665413472,0
341,WS/49121/2025/00326,Uttar Pradesh,BADAUN,AASHTIKAR PATIL NAGESH BAPURAO,Streetlight Installation,"LED streetlight installation along Panchayat Bhavan Marg road, BADAUN",599743.22,2025-12-15,2026-08-23,United Rural Builders,New Recommendation,445472.48,7,constituency + work_category,34.63081265985275,11.543604219950916,7,1,0.14285714285714285,14.285714285714285,WS/70901/2025/00044,"LED streetlight installation along Panchayat Bhavan Marg road, ERNAKULAM",0.9459236614516484,94.59236614516485,5.194621898977912,4.285714285714286,23.64809153629121,33.12842772098341,Medium,19.61577350859454,False,Text Similarity,Project description has 0.95 semantic similarity with project WS/70901/2025/00044.,4.379822347270995,0
342,WS/28301/2025/00009,Jammu And Kashmir,JAMMU,VIKRAM SINGH RATHORE,School Building Repair,"Construction of additional classroom at Gandhi Chowk school, JAMMU",1638556.42,2025-01-18,2025-11-08,National Builders & Contractors,New Recommendation,1324833.8900000001,14,state + work_category,23.680140760891902,7.893380253630634,14,3,0.21428571428571427,21.428571428571427,WS/27324/2023/00885,"Construction of additional classroom at Gandhi Chowk school, ATTINGAL",0.925488357299119,92.5488357299119,3.5520211141337854,6.428571428571428,23.137208932477975,33.117801475183185,Medium,37.108190091001006,False,Text Similarity,Project description has 0.93 semantic similarity with project WS/27324/2023/00885.,5.738352031622229,0
343,WS/55653/2024/00828,Bihar,GAYA,ADHIKARI SOUMENDU,Road Construction,Construction of concrete road from Subhash Nagar to Subhash Nagar in GAYA,1731502.95,2024-03-11,2024-12-12,Progressive Engineers & Contractors,Sanctioned,1252226.57,9,constituency + work_category,38.27393472412903,12.75797824137634,9,1,0.1111111111111111,11.11111111111111,WS/29871/2025/00699,Construction of concrete road from Station Road to Subhash Nagar in GAYA,0.9613064169369141,96.13064169369142,5.741090208619354,3.333333333333333,24.032660423422854,33.10708396537554,Medium,45.5005055611729,False,Text Similarity,Project description has 0.96 semantic similarity with project WS/29871/2025/00699.,4.203176918865973,0
344,WS/28855/2023/00316,Bihar,PATNA_SAHIB,VIKRAM SINGH RATHORE,Streetlight Installation,"LED streetlight installation along Bazaar Road road, PATNA_SAHIB",424032.97,2023-05-09,2023-10-04,Bharat Infra Solutions,Sanctioned,413897.96,7,constituency + work_category,2.4486735812855787,0.8162245270951928,7,2,0.2857142857142857,28.57142857142857,WS/76467/2025/00749,"LED streetlight installation along Station Road road, PATNA_SAHIB",0.9648820740160541,96.48820740160541,0.36730103719283674,8.571428571428571,24.122051850401352,33.06078145902276,Medium,34.580384226491404,False,Text Similarity,Project description has 0.96 semantic similarity with project WS/76467/2025/00749.,6.198949504338022,0
345,WS/44946/2025/00634,Jammu And Kashmir,BARAMULLAH,RAVI SHANKAR PRASAD JI,Community Hall,"Multipurpose community centre building at Andouli panchayat, BARAMULLAH",1593444.05,2025-02-02,2025-11-05,Jai Hind Infrastructure,Sanctioned,3517762.94,6,constituency + work_category,-54.7029155409773,0.0,6,2,0.3333333333333333,33.33333333333333,WS/54092/2023/00059,"Multipurpose community centre building at Andouli panchayat, AURANGABAD_BR",0.9219493428485892,92.19493428485892,0.0,9.999999999999998,23.04873357121473,33.048733571214726,Medium,89.58543983822042,False,Text Similarity,Project description has 0.92 semantic similarity with project WS/54092/2023/00059.,4.011673332878995,0
346,WS/42819/2025/00257,Jammu And Kashmir,JAMMU,ADV GOWAAL KAGADA PADAVI,Drainage / Nala,"Construction of drainage/nala near Ram Nagar area, JAMMU",1086981.03,2025-09-14,2026-04-02,Om Sai Infra Pvt Ltd,New Recommendation,837027.615,6,constituency + work_category,29.862027311966287,9.954009103988763,6,1,0.16666666666666666,16.666666666666664,WS/18569/2024/00756,"Construction of drainage/nala near Ram Nagar area, SRINAGAR",0.9411968035189098,94.11968035189098,4.479304096794944,4.999999999999999,23.529920087972744,33.00922418476769,Medium,12.639029322548028,False,Text Similarity,Project description has 0.94 semantic similarity with project WS/18569/2024/00756.,4.163799153483863,0
347,WS/44242/2025/00541,Maharashtra,AURANGABAD_MH,ADHIKARI SOUMENDU,Streetlight Installation,"LED streetlight installation along Kisan Nagar road, AURANGABAD_MH",482535.26,2025-02-03,2025-11-18,New India Construction Co.,Ongoing,374641.63,7,constituency + work_category,28.799156676741983,9.599718892247328,7,1,0.14285714285714285,14.285714285714285,WS/64415/2023/00565,"LED streetlight installation along Shanti Nagar road, AURANGABAD_BR",0.9747261158844298,97.47261158844299,4.319873501511298,4.285714285714286,24.368152897110747,32.973740684336335,Medium,35.085945399393324,False,Text Similarity,Project description has 0.97 semantic similarity with project WS/64415/2023/00565.,3.6048146056058807,0
348,WS/47606/2024/00040,Kerala,ERNAKULAM,ADHIKARI SOUMENDU,Streetlight Installation,"LED streetlight installation along Gandhi Chowk road, ERNAKULAM",406097.36,2024-05-20,2025-04-25,Shree Balaji Construction Co.,New Recommendation,369398.16500000004,8,constituency + work_category,9.934861208636471,3.311620402878824,8,2,0.25,25.0,WS/48230/2024/00281,"LED streetlight installation along Nehru Path road, ERNAKULAM",0.9591609005738365,95.91609005738366,1.4902291812954709,7.5,23.979022514345914,32.96925169564138,Medium,22.851365015166834,False,Text Similarity,Project description has 0.96 semantic similarity with project WS/48230/2024/00281.,5.341832116910801,0
349,WS/99300/2023/00671,West Bengal,TAMLUK,ADV ADOOR PRAKASH,Solar Light Installation,"Solar street light at Panchayat Bhavan Marg chowk parisar, TAMLUK",274338.77,2023-07-06,2024-02-19,Shree Balaji Construction Co.,New Recommendation,315357.8,7,constituency + work_category,-13.007139826571587,0.0,7,2,0.2857142857142857,28.57142857142857,WS/86015/2025/00766,"Solar street light at Panchayat Bhavan Marg chowk parisar, KOTTAYAM",0.9748440580957247,97.48440580957248,0.0,8.571428571428571,24.37110145239312,32.94253002382169,Medium,54.095045500505556,False,Text Similarity,Project description has 0.97 semantic similarity with project WS/86015/2025/00766.,4.110129610888908,0
350,WS/67595/2023/00129,Maharashtra,PUNE,ABHAY KUMAR SINHA,Streetlight Installation,"Installation of streetlights at Station Road chowk, PUNE",440757.19,2023-05-11,2023-11-13,Deep Construction Co.,Sanctioned,463412.09,6,constituency + work_category,-4.888715786418094,0.0,6,2,0.3333333333333333,33.33333333333333,WS/20480/2023/00458,"Installation of streetlights at Ambedkar Colony chowk, PUNE",0.9175598201270196,91.75598201270196,0.0,9.999999999999998,22.93899550317549,32.93899550317549,Medium,66.43073811931244,False,Text Similarity,Project description has 0.92 semantic similarity with project WS/20480/2023/00458.,4.5939972755411,0
351,WS/62183/2024/00408,Uttar Pradesh,KANPUR,ADHIKARI SOUMENDU,Community Hall,"Construction of community hall at Kisan Nagar, KANPUR",2897734.57,2024-08-08,2025-02-13,Bharat Infra Solutions,New Recommendation,2130894.795,8,constituency + work_category,35.98674964148101,11.995583213827004,8,1,0.125,12.5,WS/31090/2023/00304,"Construction of community hall at Kisan Nagar, AURANGABAD_BR",0.9514581428963536,95.14581428963535,5.398012446222152,3.75,23.78645357240884,32.93446601863099,Medium,28.61476238624874,False,Text Similarity,Project description has 0.95 semantic similarity with project WS/31090/2023/00304.,4.763441404248337,0
352,WS/53864/2024/00429,Maharashtra,NANDURBAR(ST),ABDUL RASHID SHEIKH,Drainage / Nala,"Covered drain construction from Nehru Path to Vivekanand Marg, NANDURBAR(ST)",1032436.26,2024-07-31,2025-08-17,Om Sai Infra Pvt Ltd,Sanctioned,873497.0349999999,22,state + work_category,18.19573720705304,6.065245735684346,22,5,0.22727272727272727,22.727272727272727,WS/16932/2025/00607,"Covered drain construction from Nehru Path to Vivekanand Marg, AURANGABAD_BR",0.9351769809278023,93.51769809278024,2.7293605810579558,6.8181818181818175,23.37942452319506,32.92696692243483,Medium,25.783619817997977,False,Text Similarity,Project description has 0.94 semantic similarity with project WS/16932/2025/00607.,5.390992974664894,0
353,WS/37665/2024/00682,Bihar,GAYA,MEERA IYER,Solar Light Installation,"Solar street light at Shanti Nagar chowk parisar, GAYA",334590.95,2024-12-29,2025-07-12,New India Construction Co.,Ongoing,288691.87,9,constituency + work_category,15.898986001926557,5.2996620006421855,9,2,0.2222222222222222,22.22222222222222,WS/91006/2024/00134,"Solar street light at Shanti Nagar chowk parisar, AURANGABAD_MH",0.9547566565618464,95.47566565618465,2.3848479002889835,6.666666666666666,23.86891641404616,32.920430981001815,Medium,16.076845298281093,False,Text Similarity,Project description has 0.95 semantic similarity with project WS/91006/2024/00134.,5.8052040201844015,0
354,WS/57472/2025/00057,Maharashtra,AURANGABAD_MH,ADV K FRANCIS GEORGE,Road Construction,"CC road construction at Panchayat Bhavan Marg ward, AURANGABAD_MH",2244278.57,2025-07-21,2026-05-27,Om Sai Infra Pvt Ltd,Sanctioned,1587568.025,26,state + work_category,41.36582084411785,13.78860694803928,26,2,0.07692307692307693,7.6923076923076925,WS/56548/2025/00357,"CC road construction at Panchayat Bhavan Marg ward, KOTTAYAM",0.9736862553772885,97.36862553772885,6.204873126617676,2.3076923076923075,24.34215638443221,32.85472181874219,Medium,68.04853387259858,False,Text Similarity,Project description has 0.97 semantic similarity with project WS/56548/2025/00357.,5.299611497603064,0
355,WS/72518/2024/00048,Maharashtra,NANDURBAR(ST),SANJAY DESHMUKH,School Building Repair,"Construction of additional classroom at Andouli school, NANDURBAR(ST)",1666773.87,2024-11-19,2025-01-28,Jai Hind Infrastructure,Sanctioned,1180120.0899999999,18,state + work_category,41.23764895825139,13.745882986083796,18,1,0.05555555555555555,5.555555555555555,WS/68743/2023/00061,"Construction of additional classroom at Andouli school, NANDURBAR(ST)",1.0,100.0,6.185647343737708,1.6666666666666665,25.0,32.85231401040437,Medium,85.64206268958544,False,Text Similarity,Project description has 1.00 semantic similarity with project WS/68743/2023/00061.,76.54184004498923,1
356,WS/59355/2024/00831,Kerala,IDUKKI,AASHTIKAR PATIL NAGESH BAPURAO,Community Hall,"Construction of community hall at Subhash Nagar, IDUKKI",3314893.78,2024-11-10,2025-03-02,Progressive Engineers & Contractors,Ongoing,3059487.83,7,constituency + work_category,8.347996926008355,2.782665642002785,7,2,0.2857142857142857,28.57142857142857,WS/40122/2025/00401,"Construction of community hall at Subhash Nagar, LUCKNOW",0.9207176027372064,92.07176027372064,1.2521995389012532,8.571428571428571,23.01794006843016,32.841568178759985,Medium,51.2639029322548,False,Text Similarity,Project description has 0.92 semantic similarity with project WS/40122/2025/00401.,7.0429200080843035,0
357,WS/84055/2023/00216,Uttar Pradesh,VARANASI,RAJESH KUMAR SHARMA,Community Hall,"Construction of community hall at Gandhi Chowk, VARANASI",3487340.83,2023-06-20,2024-02-26,Sri Lakshmi Contractors,Sanctioned,2368873.495,24,state + work_category,47.21515679755621,15.738385599185403,24,3,0.125,12.5,WS/23176/2025/00064,"Construction of community hall at Gandhi Chowk, BARAMULLAH",0.8799477738462828,87.99477738462828,7.082273519633431,3.75,21.99869434615707,32.8309678657905,Medium,84.42871587462083,False,Text Similarity,Project description has 0.88 semantic similarity with project WS/23176/2025/00064.,5.754891253128606,0
358,WS/86858/2023/00103,Maharashtra,PUNE,ADV ADOOR PRAKASH,Drainage / Nala,"Covered drain construction from Gandhi Chowk to Gandhi Chowk, PUNE",1008280.29,2023-10-28,2024-01-31,United Rural Builders,Ongoing,715620.8999999999,6,constituency + work_category,40.89586958681617,13.631956528938725,6,1,0.16666666666666666,16.666666666666664,WS/49507/2024/00119,"Covered drain construction from Gandhi Chowk to Shanti Nagar, VARANASI",0.8673977912220123,86.73977912220123,6.1343804380224265,4.999999999999999,21.684944780550307,32.81932521857273,Medium,79.474216380182,False,Text Similarity,Project description has 0.87 semantic similarity with project WS/49507/2024/00119.,4.234043375863886,0
359,WS/70731/2025/00283,West Bengal,KANTHI,SANJAY DESHMUKH,Road Construction,Construction of concrete road from Nehru Path to Ram Nagar in KANTHI,1711071.73,2025-12-13,2026-05-28,Metro Civil Works Pvt Ltd,New Recommendation,1526581.795,10,constituency + work_category,12.085165407072083,4.028388469024028,10,2,0.2,20.0,WS/33942/2024/00721,Construction of concrete road from Nehru Path to Ram Nagar in KANTHI,0.9999999999999998,99.99999999999997,1.8127748110608126,6.0,24.999999999999993,32.812774811060805,Medium,44.48938321536906,False,Text Similarity,Project description has 1.00 semantic similarity with project WS/33942/2024/00721.,10.155207688235285,0
360,WS/39135/2023/00286,Jammu And Kashmir,BARAMULLAH,MEERA IYER,Road Construction,"Widening and strengthening of road near Shanti Nagar village, BARAMULLAH",2166624.48,2023-08-22,2023-12-22,Shree Balaji Construction Co.,Completed,1739649.9849999999,18,state + work_category,24.543701243442953,8.181233747814318,18,3,0.16666666666666666,16.666666666666664,WS/52899/2023/00276,"Widening and strengthening of road near Ram Nagar village, BARAMULLAH",0.9647156540172663,96.47156540172664,3.681555186516443,4.999999999999999,24.11789135043166,32.7994465369481,Medium,13.751263902932253,False,Text Similarity,Project description has 0.96 semantic similarity with project WS/52899/2023/00276.,4.1447473816235245,0
361,WS/97394/2024/00599,Uttar Pradesh,KANPUR,ABHAY KUMAR SINHA,Streetlight Installation,"Installation of streetlights at Vivekanand Marg chowk, KANPUR",327490.63,2024-08-15,2025-03-25,Jai Hind Infrastructure,Completed,383496.405,10,constituency + work_category,-14.60398957325298,0.0,10,3,0.3,30.0,WS/88504/2024/00013,"Installation of streetlights at Vivekanand Marg chowk, KOTTAYAM",0.9519030275655694,95.19030275655695,0.0,9.0,23.797575689139236,32.79757568913924,Medium,41.55712841253792,False,Text Similarity,Project description has 0.95 semantic similarity with project WS/88504/2024/00013.,4.493274493398333,0
362,WS/51120/2023/00654,Kerala,IDUKKI,MEERA IYER,Solar Light Installation,"Solar light installation near Bazaar Road hanuman mandir, IDUKKI",324384.58,2023-04-04,2023-12-25,Ganesh Engineering Works,New Recommendation,324384.58,7,constituency + work_category,0.0,0.0,7,2,0.2857142857142857,28.57142857142857,WS/12671/2023/00053,"Solar light installation near Bazaar Road hanuman mandir, AURANGABAD_BR",0.9686122570405129,96.8612257040513,0.0,8.571428571428571,24.215306426012823,32.78673499744139,Medium,35.8948432760364,False,Text Similarity,Project description has 0.97 semantic similarity with project WS/12671/2023/00053.,4.738556961067675,0
363,WS/94889/2024/00098,Jammu And Kashmir,SRINAGAR,AASHTIKAR PATIL NAGESH BAPURAO,Streetlight Installation,"LED streetlight installation along Ram Nagar road, SRINAGAR",547905.68,2024-10-26,2025-06-10,Jai Hind Infrastructure,Ongoing,449703.55,11,constituency + work_category,21.837081339473542,7.279027113157848,11,2,0.18181818181818182,18.181818181818183,WS/56388/2024/00225,"LED streetlight installation along Station Road road, SRINAGAR",0.9616367112525502,96.16367112525502,3.2755622009210317,5.454545454545455,24.040917781313755,32.77102543678024,Medium,13.953488372093023,False,Text Similarity,Project description has 0.96 semantic similarity with project WS/56388/2024/00225.,5.109085628038397,0
364,WS/60079/2023/00659,West Bengal,HOWRAH,ABHIJIT GANGOPADHYAY,Drainage / Nala,"Construction of drainage/nala near Shanti Nagar area, HOWRAH",942207.34,2023-10-13,2024-04-26,Bharat Infra Solutions,Sanctioned,711107.83,7,constituency + work_category,32.49851854394572,10.832839514648573,7,1,0.14285714285714285,14.285714285714285,WS/69168/2024/00921,"Construction of drainage/nala near Subhash Nagar area, HOWRAH",0.9430903821062324,94.30903821062324,4.874777781591858,4.285714285714286,23.57725955265581,32.737751619961955,Medium,20.020222446916076,False,Text Similarity,Project description has 0.94 semantic similarity with project WS/69168/2024/00921.,4.426046157529018,0
365,WS/66694/2025/00738,Kerala,ERNAKULAM,AASHTIKAR PATIL NAGESH BAPURAO,School Building Repair,"Repair and renovation of Govt. School building at Subhash Nagar, ERNAKULAM",1297352.8,2025-11-21,2026-12-18,Shree Balaji Construction Co.,New Recommendation,934267.0,9,constituency + work_category,38.86317294734803,12.954390982449345,9,1,0.1111111111111111,11.11111111111111,WS/22265/2025/00669,"Repair and renovation of Govt. School building at Gandhi Chowk, ERNAKULAM",0.9403632828575246,94.03632828575246,5.8294759421022055,3.333333333333333,23.509082071438115,32.67189134687365,Medium,42.669362992922146,False,Text Similarity,Project description has 0.94 semantic similarity with project WS/22265/2025/00669.,4.025556421905228,0
366,WS/42493/2024/00016,Kerala,KOTTAYAM,PRIYA VERMA,Water Supply / Handpump,"Water supply pipeline extension to Gandhi Chowk area, KOTTAYAM",654914.64,2024-06-22,2025-05-12,Metro Civil Works Pvt Ltd,Completed,502250.28,6,constituency + work_category,30.396072651268604,10.132024217089535,6,1,0.16666666666666666,16.666666666666664,WS/61987/2025/00208,"Water supply pipeline extension to Gandhi Chowk area, NANDURBAR(ST)",0.9239341454935447,92.39341454935447,4.559410897690291,4.999999999999999,23.09835363733862,32.65776453502891,Medium,25.884732052578364,False,Text Similarity,Project description has 0.92 semantic similarity with project WS/61987/2025/00208.,4.864713927218648,0
367,WS/22046/2023/00466,Jammu And Kashmir,BARAMULLAH,ADV DEAN KURIAKOSE,Community Hall,"Construction of community hall at Bazaar Road, BARAMULLAH",3724063.38,2023-12-12,2024-06-08,Bharat Infra Solutions,New Recommendation,3517762.94,6,constituency + work_category,5.864535033165138,1.9548450110550464,6,2,0.3333333333333333,33.33333333333333,WS/86499/2025/00953,"Construction of community hall at Shanti Nagar, BARAMULLAH",0.8700107929849556,87.00107929849557,0.8796802549747709,9.999999999999998,21.750269824623892,32.62995007959866,Medium,88.4732052578362,False,Text Similarity,Project description has 0.87 semantic similarity with project WS/86499/2025/00953.,4.7768354987266495,0
368,WS/67367/2024/00380,Bihar,GAYA,ABHIJIT GANGOPADHYAY,Community Hall,"Construction of community hall at Subhash Nagar, GAYA",3467229.74,2024-02-03,2025-02-07,Om Sai Infra Pvt Ltd,New Recommendation,2567870.525,8,constituency + work_category,35.02354212348772,11.674514041162574,8,1,0.125,12.5,WS/51359/2023/00063,"Construction of community hall at Ram Nagar, GAYA",0.9445252766391066,94.45252766391066,5.253531318523159,3.75,23.613131915977664,32.61666323450082,Medium,29.42366026289181,False,Text Similarity,Project description has 0.94 semantic similarity with project WS/51359/2023/00063.,4.516836521516522,0
369,WS/18569/2024/00756,Jammu And Kashmir,SRINAGAR,MEERA IYER,Drainage / Nala,"Construction of drainage/nala near Ram Nagar area, SRINAGAR",632676.59,2024-04-16,2025-05-19,National Builders & Contractors,Sanctioned,641075.81,7,constituency + work_category,-1.3101757809267656,0.0,7,2,0.2857142857142857,28.57142857142857,WS/80968/2025/00310,"Construction of drainage/nala near Subhash Nagar area, SRINAGAR",0.9616880948932462,96.16880948932463,0.0,8.571428571428571,24.042202372331158,32.61363094375973,Medium,31.04145601617796,False,Text Similarity,Project description has 0.96 semantic similarity with project WS/80968/2025/00310.,4.51819092954441,0
370,WS/85132/2024/00746,West Bengal,KANTHI,ADITYA YADAV,Road Construction,"CC road construction at Shanti Nagar ward, KANTHI",974572.41,2024-11-30,2025-03-04,Jai Hind Infrastructure,Ongoing,1526581.795,10,constituency + work_category,-36.15983020418502,0.0,10,3,0.3,30.0,WS/13667/2024/00713,"CC road construction at Shanti Nagar ward, AURANGABAD_MH",0.9444368257466417,94.44368257466417,0.0,9.0,23.61092064366604,32.61092064366604,Medium,62.7906976744186,False,Text Similarity,Project description has 0.94 semantic similarity with project WS/13667/2024/00713.,3.9312521139820014,0
371,WS/14959/2023/00554,Uttar Pradesh,VARANASI,MEERA IYER,Road Construction,"Widening and strengthening of road near Panchayat Bhavan Marg village, VARANASI",2324071.07,2023-08-31,2024-09-28,Progressive Engineers & Contractors,Completed,2050184.63,8,constituency + work_category,13.3591109791902,4.4530369930634,8,2,0.25,25.0,WS/31964/2024/00431,"Widening and strengthening of road near Panchayat Bhavan Marg village, KANPUR",0.9238679029323632,92.38679029323632,2.0038666468785302,7.5,23.09669757330908,32.60056422018761,Medium,41.15267947421638,False,Text Similarity,Project description has 0.92 semantic similarity with project WS/31964/2024/00431.,5.688159388891212,0
372,WS/75035/2025/00300,Uttar Pradesh,BADAUN,ADHIKARI SOUMENDU,Streetlight Installation,"Installation of streetlights at Shanti Nagar chowk, BADAUN",293197.61,2025-07-07,2026-07-15,Ganesh Engineering Works,Completed,445472.48,7,constituency + work_category,-34.18277824928714,0.0,7,2,0.2857142857142857,28.57142857142857,WS/25725/2025/00549,"Installation of streetlights at Ram Nagar chowk, BADAUN",0.9606693645931893,96.06693645931892,0.0,8.571428571428571,24.01673411482973,32.5881626862583,Medium,61.880687563195146,False,Text Similarity,Project description has 0.96 semantic similarity with project WS/25725/2025/00549.,4.257564326478846,0
373,WS/68385/2024/00676,Kerala,IDUKKI,RAJESH KUMAR SHARMA,Water Supply / Handpump,"Water supply pipeline extension to Subhash Nagar area, IDUKKI",267278.05,2024-04-11,2025-02-27,Ganesh Engineering Works,Sanctioned,473073.31,7,constituency + work_category,-43.50176931351296,0.0,7,2,0.2857142857142857,28.57142857142857,WS/73766/2023/00558,"Water supply pipeline extension to Ram Nagar area, IDUKKI",0.9598643508700757,95.98643508700758,0.0,8.571428571428571,23.996608771751895,32.568037343180464,Medium,68.75631951466129,False,Text Similarity,Project description has 0.96 semantic similarity with project WS/73766/2023/00558.,4.257564326478846,0
374,WS/43039/2023/00920,West Bengal,HOWRAH,ABHIJIT GANGOPADHYAY,Road Construction,Construction of concrete road from Panchayat Bhavan Marg to Shanti Nagar in HOWRAH,1159537.91,2023-04-24,2024-01-25,Om Sai Infra Pvt Ltd,New Recommendation,1703447.29,10,constituency + work_category,-31.929921353774326,0.0,10,3,0.3,30.0,WS/91233/2023/00499,Construction of concrete road from Panchayat Bhavan Marg to Station Road in HOWRAH,0.9412576937742354,94.12576937742354,0.0,9.0,23.531442344355884,32.53144234435588,Medium,61.172901921132464,False,Text Similarity,Project description has 0.94 semantic similarity with project WS/91233/2023/00499.,4.118095421428324,0
375,WS/57826/2024/00951,Maharashtra,AURANGABAD_MH,ABU TAHER KHAN,Streetlight Installation,"Installation of streetlights at Ram Nagar chowk, AURANGABAD_MH",160367.18,2024-09-06,2025-01-22,Shree Balaji Construction Co.,Ongoing,374641.63,7,constituency + work_category,-57.19451145885736,0.0,7,2,0.2857142857142857,28.57142857142857,WS/96321/2024/00837,"Installation of streetlights at Ram Nagar chowk, KANPUR",0.9583404558870001,95.83404558870001,0.0,8.571428571428571,23.958511397175002,32.52993996860357,Medium,77.45197168857432,False,Text Similarity,Project description has 0.96 semantic similarity with project WS/96321/2024/00837.,3.930084435023366,0
376,WS/29073/2024/00485,West Bengal,MURSHIDABAD,ADHIKARI SOUMENDU,Community Hall,"Multipurpose community centre building at Kisan Nagar panchayat, MURSHIDABAD",1669535.1,2024-09-27,2025-01-25,National Builders & Contractors,New Recommendation,2411628.79,7,constituency + work_category,-30.771472503444443,0.0,7,2,0.2857142857142857,28.57142857142857,WS/25264/2023/00686,"Multipurpose community centre building at Shanti Nagar panchayat, MURSHIDABAD",0.9583097539391608,95.83097539391609,0.0,8.571428571428571,23.957743848479023,32.529172419907596,Medium,57.633973710819006,False,Text Similarity,Project description has 0.96 semantic similarity with project WS/25264/2023/00686.,4.335462877203484,0
377,WS/96947/2023/00347,Bihar,PATNA_SAHIB,ADV K FRANCIS GEORGE,School Building Repair,"Construction of additional classroom at Panchayat Bhavan Marg school, PATNA_SAHIB",1433956.27,2023-07-07,2023-09-28,Shree Balaji Construction Co.,Ongoing,1414472.25,7,constituency + work_category,1.3774762990224814,0.45915876634082714,7,2,0.2857142857142857,28.57142857142857,WS/41420/2025/00943,"Construction of additional classroom at Panchayat Bhavan Marg school, AURANGABAD_MH",0.9498056188345358,94.98056188345359,0.20662144485337222,8.571428571428571,23.745140470863397,32.52319048714534,Medium,19.211324570273003,False,Text Similarity,Project description has 0.95 semantic similarity with project WS/41420/2025/00943.,6.088040438610895,0
378,WS/13771/2024/00660,Uttar Pradesh,LUCKNOW,ADV GOWAAL KAGADA PADAVI,Water Supply / Handpump,"Installation of handpump at Nehru Path village, LUCKNOW",674032.06,2024-06-02,2024-11-01,Sri Lakshmi Contractors,Ongoing,590699.13,9,constituency + work_category,14.107508504371769,4.7025028347905895,9,2,0.2222222222222222,22.22222222222222,WS/35362/2025/00368,"Installation of handpump at Nehru Path village, KANPUR",0.9489790983598216,94.89790983598216,2.1161262756557653,6.666666666666666,23.72447745899554,32.50727040131797,Medium,11.324570273003033,False,Text Similarity,Project description has 0.95 semantic similarity with project WS/35362/2025/00368.,6.383717833782468,0
379,WS/23137/2023/00884,West Bengal,MURSHIDABAD,ABHAY KUMAR SINHA,Drainage / Nala,"Construction of drainage/nala near Kisan Nagar area, MURSHIDABAD",364843.82,2023-12-08,2024-09-25,Progressive Engineers & Contractors,Sanctioned,628719.8,7,constituency + work_category,-41.97036263212961,0.0,7,2,0.2857142857142857,28.57142857142857,WS/84603/2023/00899,"Construction of drainage/nala near Subhash Nagar area, MURSHIDABAD",0.9571912176449215,95.71912176449216,0.0,8.571428571428571,23.92978044112304,32.50120901255161,Medium,66.32962588473205,False,Text Similarity,Project description has 0.96 semantic similarity with project WS/84603/2023/00899.,4.335462877203484,0
380,WS/45358/2023/00224,Kerala,ERNAKULAM,ADV K FRANCIS GEORGE,Community Hall,"Construction of community hall at Ram Nagar, ERNAKULAM",1766377.29,2023-04-06,2023-11-09,Metro Civil Works Pvt Ltd,New Recommendation,2323014.515,12,constituency + work_category,-23.961848770454196,0.0,12,3,0.25,25.0,WS/16175/2023/00010,"Construction of community hall at Ram Nagar, ERNAKULAM",1.0000000000000004,100.0,0.0,7.5,25.0,32.5,Medium,70.67745197168858,False,Text Similarity,Project description has 1.00 semantic similarity with project WS/16175/2023/00010.,20.426516610625345,0
381,WS/50642/2025/00147,Kerala,ERNAKULAM,ABDUL RASHID SHEIKH,Community Hall,"Multipurpose community centre building at Station Road panchayat, ERNAKULAM",2003977.48,2025-06-19,2025-11-28,Shree Balaji Construction Co.,New Recommendation,2323014.515,12,constituency + work_category,-13.733751250366172,0.0,12,3,0.25,25.0,WS/65058/2023/00739,"Multipurpose community centre building at Station Road panchayat, ERNAKULAM",1.0,100.0,0.0,7.5,25.0,32.5,Medium,62.689585439838226,False,Text Similarity,Project description has 1.00 semantic similarity with project WS/65058/2023/00739.,74.01185592256176,1
382,WS/80854/2023/00518,Bihar,AURANGABAD_BR,ADV GOWAAL KAGADA PADAVI,Streetlight Installation,"Installation of streetlights at Ambedkar Colony chowk, AURANGABAD_BR",260171.28,2023-06-12,2024-01-17,Jai Hind Infrastructure,New Recommendation,364011.39,8,constituency + work_category,-28.526610115139533,0.0,8,2,0.25,25.0,WS/37479/2023/00231,"Installation of streetlights at Ambedkar Colony chowk, AURANGABAD_BR",1.0000000000000002,100.0,0.0,7.5,25.0,32.5,Medium,73.91304347826086,False,Text Similarity,Project description has 1.00 semantic similarity with project WS/37479/2023/00231.,20.426516610625345,0
383,WS/16175/2023/00010,Kerala,ERNAKULAM,PRIYA VERMA,Community Hall,"Construction of community hall at Ram Nagar, ERNAKULAM",2048301.9,2023-08-20,2024-07-05,Metro Civil Works Pvt Ltd,Completed,2323014.515,12,constituency + work_category,-11.825695157139394,0.0,12,3,0.25,25.0,WS/45358/2023/00224,"Construction of community hall at Ram Nagar, ERNAKULAM",1.0000000000000004,100.0,0.0,7.5,25.0,32.5,Medium,60.56622851365015,False,Text Similarity,Project description has 1.00 semantic similarity with project WS/45358/2023/00224.,18.226321041267063,0
384,WS/41179/2024/00498,Uttar Pradesh,VARANASI,AASHTIKAR PATIL NAGESH BAPURAO,School Building Repair,"Construction of additional classroom at Gandhi Chowk school, VARANASI",1096678.65,2024-08-23,2025-07-27,Shree Balaji Construction Co.,Sanctioned,1112755.5899999999,8,constituency + work_category,-1.4447862715297566,0.0,8,2,0.25,25.0,WS/38019/2025/00957,"Construction of additional classroom at Gandhi Chowk school, VARANASI",1.0000000000000002,100.0,0.0,7.5,25.0,32.5,Medium,51.46612740141558,False,Text Similarity,Project description has 1.00 semantic similarity with project WS/38019/2025/00957.,19.32941393834492,0
385,WS/96870/2025/00102,Uttar Pradesh,VARANASI,ABDUL RASHID SHEIKH,School Building Repair,"Repair and renovation of Govt. School building at Gandhi Chowk, VARANASI",786234.02,2025-12-17,2026-04-18,Metro Civil Works Pvt Ltd,Completed,1112755.5899999999,8,constituency + work_category,-29.343511992602068,0.0,8,2,0.25,25.0,WS/28423/2025/00645,"Repair and renovation of Govt. School building at Gandhi Chowk, VARANASI",1.0,100.0,0.0,7.5,25.0,32.5,Medium,74.31749241658241,False,Text Similarity,Project description has 1.00 semantic similarity with project WS/28423/2025/00645.,76.94219543142239,1
386,WS/45785/2024/00763,Uttar Pradesh,VARANASI,SANJAY DESHMUKH,School Building Repair,"Repair and renovation of Govt. School building at Subhash Nagar, VARANASI",1054571.38,2024-05-23,2025-01-26,Metro Civil Works Pvt Ltd,New Recommendation,1112755.5899999999,8,constituency + work_category,-5.228840054625111,0.0,8,2,0.25,25.0,WS/50063/2025/00850,"Repair and renovation of Govt. School building at Subhash Nagar, VARANASI",0.9999999999999999,99.99999999999999,0.0,7.5,24.999999999999996,32.5,Medium,55.51061678463094,False,Text Similarity,Project description has 1.00 semantic similarity with project WS/50063/2025/00850.,42.12188034846725,0
387,WS/30144/2023/00770,Kerala,ERNAKULAM,RAVI SHANKAR PRASAD JI,Community Hall,"Multipurpose community centre building at Vivekanand Marg panchayat, ERNAKULAM",2315198.79,2023-04-24,2024-04-08,Shree Balaji Construction Co.,Ongoing,2323014.515,12,constituency + work_category,-0.3364475318398987,0.0,12,3,0.25,25.0,WS/18849/2025/00791,"Multipurpose community centre building at Vivekanand Marg panchayat, ERNAKULAM",0.9999999999999996,99.99999999999996,0.0,7.5,24.99999999999999,32.499999999999986,Medium,50.25278058645096,False,Text Similarity,Project description has 1.00 semantic similarity with project WS/18849/2025/00791.,7.973239861338601,0
388,WS/69129/2023/00378,Jammu And Kashmir,SRINAGAR,RAVI SHANKAR PRASAD JI,Road Construction,"Widening and strengthening of road near Panchayat Bhavan Marg village, SRINAGAR",1777435.9,2023-11-20,2024-05-30,Sri Lakshmi Contractors,Sanctioned,1864190.97,7,constituency + work_category,-4.653765166559093,0.0,7,2,0.2857142857142857,28.57142857142857,WS/31964/2024/00431,"Widening and strengthening of road near Panchayat Bhavan Marg village, KANPUR",0.9560376655650059,95.60376655650059,0.0,8.571428571428571,23.900941639125147,32.47237021055372,Medium,29.524772497472195,False,Text Similarity,Project description has 0.96 semantic similarity with project WS/31964/2024/00431.,4.449264083443651,0
389,WS/66087/2024/00817,Kerala,KOTTAYAM,MEERA IYER,Drainage / Nala,"Construction of drainage/nala near Ambedkar Colony area, KOTTAYAM",846086.71,2024-05-14,2025-05-22,Om Sai Infra Pvt Ltd,New Recommendation,747976.075,8,constituency + work_category,13.116814598648762,4.372271532882921,8,2,0.25,25.0,WS/24540/2025/00945,"Construction of drainage/nala near Ambedkar Colony area, AURANGABAD_MH",0.9192828135844596,91.92828135844596,1.9675221897973147,7.5,22.98207033961149,32.449592529408804,Medium,45.29828109201213,False,Text Similarity,Project description has 0.92 semantic similarity with project WS/24540/2025/00945.,6.208214478988563,0
390,WS/26090/2024/00623,Kerala,IDUKKI,ABHAY KUMAR SINHA,Community Hall,"Multipurpose community centre building at Gandhi Chowk panchayat, IDUKKI",3938018.74,2024-03-12,2024-08-21,Jai Hind Infrastructure,Sanctioned,3059487.83,7,constituency + work_category,28.71496664851908,9.57165554950636,7,1,0.14285714285714285,14.285714285714285,WS/73809/2025/00985,"Multipurpose community centre building at Nehru Path panchayat, IDUKKI",0.9542247739042782,95.42247739042782,4.307244997277862,4.285714285714286,23.855619347606954,32.4485786305991,Medium,16.683518705763397,False,Text Similarity,Project description has 0.95 semantic similarity with project WS/73809/2025/00985.,4.050405999711272,0
391,WS/73214/2024/00421,Maharashtra,HINGOLI,ABHAY KUMAR SINHA,Water Supply / Handpump,"Water supply pipeline extension to Vivekanand Marg area, HINGOLI",869045.78,2024-08-17,2025-08-26,Shree Balaji Construction Co.,Completed,698126.63,5,constituency + work_category,24.4825426584859,8.160847552828633,5,1,0.2,20.0,WS/94408/2023/00821,"Water supply pipeline extension to Vivekanand Marg area, IDUKKI",0.9102331029057082,91.02331029057082,3.672381398772885,6.0,22.755827572642705,32.428208971415586,Medium,46.30940343781597,False,Text Similarity,Project description has 0.91 semantic similarity with project WS/94408/2023/00821.,5.191505145719966,0
392,WS/31368/2025/00610,Jammu And Kashmir,BARAMULLAH,ABU TAHER KHAN,Streetlight Installation,"Installation of streetlights at Ram Nagar chowk, BARAMULLAH",276637.99,2025-06-06,2026-04-10,Sri Lakshmi Contractors,New Recommendation,293101.97,7,constituency + work_category,-5.6171509185011566,0.0,7,2,0.2857142857142857,28.57142857142857,WS/57826/2024/00951,"Installation of streetlights at Ram Nagar chowk, AURANGABAD_MH",0.9532570755844376,95.32570755844377,0.0,8.571428571428571,23.831426889610942,32.402855461039515,Medium,27.098078867542974,False,Text Similarity,Project description has 0.95 semantic similarity with project WS/57826/2024/00951.,4.727041861221429,0
393,WS/84912/2025/00275,West Bengal,MURSHIDABAD,ADV K FRANCIS GEORGE,Drainage / Nala,"Construction of drainage/nala near Vivekanand Marg area, MURSHIDABAD",674630.94,2025-04-07,2025-11-16,Bharat Infra Solutions,Completed,628719.8,7,constituency + work_category,7.302321320244709,2.434107106748236,7,2,0.2857142857142857,28.57142857142857,WS/78674/2024/00212,"Construction of drainage/nala near Andouli area, MURSHIDABAD",0.9089924263155253,90.89924263155254,1.0953481980367064,8.571428571428571,22.724810657888135,32.391587427353414,Medium,60.06066734074823,False,Text Similarity,Project description has 0.91 semantic similarity with project WS/78674/2024/00212.,5.730550903073403,0
394,WS/54681/2023/00116,Maharashtra,NANDURBAR(ST),AASHTIKAR PATIL NAGESH BAPURAO,Road Construction,"Widening and strengthening of road near Shanti Nagar village, NANDURBAR(ST)",2068390.0,2023-11-07,2024-07-16,Sri Lakshmi Contractors,Sanctioned,1587568.025,26,state + work_category,30.286700628151042,10.095566876050349,26,4,0.15384615384615385,15.384615384615385,WS/53920/2023/00937,"Widening and strengthening of road near Shanti Nagar village, KOTTAYAM",0.9291032506767587,92.91032506767587,4.543005094222657,4.615384615384615,23.227581266918968,32.38597097652624,Medium,26.08695652173913,False,Text Similarity,Project description has 0.93 semantic similarity with project WS/53920/2023/00937.,5.0751970047717885,0
395,WS/34832/2025/00460,Bihar,AURANGABAD_BR,ADITYA YADAV,Streetlight Installation,"Installation of streetlights at Gandhi Chowk chowk, AURANGABAD_BR",193703.66,2025-04-12,2025-10-07,United Rural Builders,Sanctioned,364011.39,8,constituency + work_category,-46.786373909893314,0.0,8,2,0.25,25.0,WS/25937/2023/00950,"Installation of streetlights at Gandhi Chowk chowk, AURANGABAD_MH",0.995256107636991,99.5256107636991,0.0,7.5,24.881402690924777,32.38140269092477,Medium,82.40647118301314,False,Text Similarity,Project description has 1.00 semantic similarity with project WS/25937/2023/00950.,5.438968693038725,0
396,WS/68540/2025/00301,Jammu And Kashmir,SRINAGAR,ADV K FRANCIS GEORGE,Drainage / Nala,"Construction of drainage/nala near Andouli area, SRINAGAR",872568.09,2025-12-12,2026-03-27,Deep Construction Co.,New Recommendation,641075.81,7,constituency + work_category,36.10996958378447,12.036656527928157,7,1,0.14285714285714285,14.285714285714285,WS/11220/2024/00026,"Construction of drainage/nala near Ambedkar Colony area, SRINAGAR",0.9054183124489472,90.54183124489472,5.41649543756767,4.285714285714286,22.63545781122368,32.33766753450564,Medium,57.83619817997978,False,Text Similarity,Project description has 0.91 semantic similarity with project WS/11220/2024/00026.,4.798294500036671,0
397,WS/10803/2024/00507,Maharashtra,NANDURBAR(ST),ADV GOWAAL KAGADA PADAVI,Community Hall,"Multipurpose community centre building at Ram Nagar panchayat, NANDURBAR(ST)",3475488.76,2024-02-10,2024-09-10,United Rural Builders,New Recommendation,2827636.605,6,constituency + work_category,22.911436139086188,7.637145379695396,6,1,0.16666666666666666,16.666666666666664,WS/39156/2024/00795,"Multipurpose community centre building at Bazaar Road panchayat, NANDURBAR(ST)",0.9555658307838604,95.55658307838604,3.4367154208629285,4.999999999999999,23.88914576959651,32.325861190459435,Medium,7.381193124368049,False,Text Similarity,Project description has 0.96 semantic similarity with project WS/39156/2024/00795.,4.578431225739206,0
398,WS/23176/2025/00064,Jammu And Kashmir,BARAMULLAH,VIKRAM SINGH RATHORE,Community Hall,"Construction of community hall at Gandhi Chowk, BARAMULLAH",3311462.5,2025-12-26,2026-11-19,Jai Hind Infrastructure,New Recommendation,3517762.94,6,constituency + work_category,-5.864535033165138,0.0,6,2,0.3333333333333333,33.33333333333333,WS/99399/2025/00032,"Construction of community hall at Gandhi Chowk, MURSHIDABAD",0.8926171012706222,89.26171012706222,0.0,9.999999999999998,22.315427531765554,32.31542753176555,Medium,81.3953488372093,False,Text Similarity,Project description has 0.89 semantic similarity with project WS/99399/2025/00032.,4.920195637015906,0
399,WS/40062/2023/00435,Uttar Pradesh,BADAUN,ABHIJIT GANGOPADHYAY,Community Hall,"Multipurpose community centre building at Gandhi Chowk panchayat, BADAUN",3045255.43,2023-06-26,2024-07-25,Sri Lakshmi Contractors,New Recommendation,2546964.68,5,constituency + work_category,19.564101297235105,6.521367099078369,5,1,0.2,20.0,WS/79494/2024/00569,"Multipurpose community centre building at Ram Nagar panchayat, BADAUN",0.9348863409636636,93.48863409636637,2.934615194585266,6.0,23.372158524091592,32.30677371867686,Medium,17.89686552072801,False,Text Similarity,Project description has 0.93 semantic similarity with project WS/79494/2024/00569.,5.660553975368571,0
400,WS/98117/2025/00074,West Bengal,KANTHI,ADV DEAN KURIAKOSE,Road Construction,Construction of concrete road from Nehru Path to Bazaar Road in KANTHI,955255.71,2025-12-10,2026-11-29,Jai Hind Infrastructure,Completed,1526581.795,10,constituency + work_category,-37.42518657508293,0.0,10,3,0.3,30.0,WS/70731/2025/00283,Construction of concrete road from Nehru Path to Ram Nagar in KANTHI,0.9316794285313943,93.16794285313944,0.0,9.0,23.29198571328486,32.29198571328486,Medium,72.3963599595551,False,Text Similarity,Project description has 0.93 semantic similarity with project WS/70731/2025/00283.,4.113205802896634,0
401,WS/45986/2025/00151,Jammu And Kashmir,JAMMU,MEERA IYER,Community Hall,"Construction of community hall at Panchayat Bhavan Marg, JAMMU",2617824.15,2025-04-14,2025-12-10,Jai Hind Infrastructure,Sanctioned,2897305.18,7,constituency + work_category,-9.646240649043406,0.0,7,2,0.2857142857142857,28.57142857142857,WS/44675/2025/00071,"Construction of community hall at Panchayat Bhavan Marg, AURANGABAD_BR",0.9484838616268612,94.84838616268611,0.0,8.571428571428571,23.712096540671528,32.2835251121001,Medium,28.311425682507586,False,Text Similarity,Project description has 0.95 semantic similarity with project WS/44675/2025/00071.,4.460259942792749,0
402,WS/34688/2024/00327,Maharashtra,PUNE,ADV DEAN KURIAKOSE,Water Supply / Handpump,"Installation of handpump at Shanti Nagar village, PUNE",427595.95,2024-01-09,2024-07-20,Progressive Engineers & Contractors,New Recommendation,774426.59,7,constituency + work_category,-44.785476697023014,0.0,7,2,0.2857142857142857,28.57142857142857,WS/85842/2025/00394,"Installation of handpump at Station Road village, PUNE",0.9484189387626722,94.84189387626722,0.0,8.571428571428571,23.710473469066805,32.281902040495375,Medium,62.89180990899899,False,Text Similarity,Project description has 0.95 semantic similarity with project WS/85842/2025/00394.,4.088234762384335,0
403,WS/33999/2025/00849,Bihar,AURANGABAD_BR,RAJESH KUMAR SHARMA,Water Supply / Handpump,"Water supply pipeline extension to Ambedkar Colony area, AURANGABAD_BR",744269.71,2025-02-23,2026-03-01,Sri Lakshmi Contractors,Sanctioned,589581.39,9,constituency + work_category,26.236974677915114,8.745658225971704,9,1,0.1111111111111111,11.11111111111111,WS/97537/2025/00750,"Water supply pipeline extension to Ambedkar Colony area, AURANGABAD_BR",1.0000000000000002,100.0,3.935546201687267,3.333333333333333,25.0,32.2688795350206,Medium,64.61071789686552,False,Text Similarity,Project description has 1.00 semantic similarity with project WS/97537/2025/00750.,18.557308670252667,0
404,WS/72277/2023/00042,Maharashtra,NANDURBAR(ST),ADV GOWAAL KAGADA PADAVI,Drainage / Nala,"Covered drain construction from Bazaar Road to Ram Nagar, NANDURBAR(ST)",1025906.61,2023-08-29,2023-11-09,Shree Balaji Construction Co.,Ongoing,873497.0349999999,22,state + work_category,17.44820748017766,5.81606916005922,22,5,0.22727272727272727,22.727272727272727,WS/78920/2024/00457,"Covered drain construction from Bazaar Road to Kisan Nagar, BARAMULLAH",0.9119298861852533,91.19298861852533,2.617231122026649,6.8181818181818175,22.798247154631333,32.2336600948398,Medium,47.82608695652174,False,Text Similarity,Project description has 0.91 semantic similarity with project WS/78920/2024/00457.,6.008612723766793,0
405,WS/78920/2024/00457,Jammu And Kashmir,BARAMULLAH,VIKRAM SINGH RATHORE,Drainage / Nala,"Covered drain construction from Bazaar Road to Kisan Nagar, BARAMULLAH",388878.23,2024-11-05,2025-11-28,Sri Lakshmi Contractors,Sanctioned,711341.41,7,constituency + work_category,-45.33170366111542,0.0,7,2,0.2857142857142857,28.57142857142857,WS/38758/2023/00293,"Covered drain construction from Bazaar Road to Subhash Nagar, BARAMULLAH",0.9463759333099142,94.63759333099142,0.0,8.571428571428571,23.659398332747855,32.230826904176425,Medium,64.40849342770476,False,Text Similarity,Project description has 0.95 semantic similarity with project WS/38758/2023/00293.,4.088234762384335,0
406,WS/91937/2023/00450,Kerala,IDUKKI,RAJESH KUMAR SHARMA,Solar Light Installation,"Solar street light at Andouli chowk parisar, IDUKKI",131317.97,2023-09-09,2024-07-20,Om Sai Infra Pvt Ltd,New Recommendation,324384.58,7,constituency + work_category,-59.51781370125547,0.0,7,2,0.2857142857142857,28.57142857142857,WS/22358/2025/00465,"Solar street light at Andouli chowk parisar, AURANGABAD_BR",0.9462363453790263,94.62363453790263,0.0,8.571428571428571,23.655908634475658,32.22733720590423,Medium,75.0252780586451,False,Text Similarity,Project description has 0.95 semantic similarity with project WS/22358/2025/00465.,3.8828563202042177,0
407,WS/94604/2023/00552,Jammu And Kashmir,SRINAGAR,ABHAY KUMAR SINHA,School Building Repair,"Repair and renovation of Govt. School building at Ambedkar Colony, SRINAGAR",1771190.77,2023-10-23,2024-10-29,Sri Lakshmi Contractors,Ongoing,1638156.61,5,constituency + work_category,8.120967140009887,2.706989046669962,5,1,0.2,20.0,WS/13901/2025/00700,"Repair and renovation of Govt. School building at Ambedkar Colony, SRINAGAR",0.9999999999999999,99.99999999999999,1.218145071001483,6.0,24.999999999999996,32.21814507100148,Medium,40.54600606673407,False,Text Similarity,Project description has 1.00 semantic similarity with project WS/13901/2025/00700.,41.249510730478406,0
408,WS/30019/2025/00626,Maharashtra,HINGOLI,ABHAY KUMAR SINHA,School Building Repair,"Repair and renovation of Govt. School building at Nehru Path, HINGOLI",1349350.42,2025-12-21,2026-05-21,Sri Lakshmi Contractors,New Recommendation,1134959.65,5,constituency + work_category,18.889726167798127,6.296575389266041,5,1,0.2,20.0,WS/36972/2024/00240,"Repair and renovation of Govt. School building at Nehru Path, AURANGABAD_MH",0.9345235980987796,93.45235980987796,2.833458925169719,6.0,23.36308995246949,32.19654887763921,Medium,17.391304347826086,False,Text Similarity,Project description has 0.93 semantic similarity with project WS/36972/2024/00240.,5.728800085693888,0
409,WS/29917/2025/00486,West Bengal,HOWRAH,ADV GOWAAL KAGADA PADAVI,School Building Repair,"Repair and renovation of Govt. School building at Gandhi Chowk, HOWRAH",1443853.62,2025-07-20,2026-08-10,Deep Construction Co.,New Recommendation,1443853.62,7,constituency + work_category,0.0,0.0,7,2,0.2857142857142857,28.57142857142857,WS/37621/2025/00897,"Repair and renovation of Govt. School building at Gandhi Chowk, AURANGABAD_BR",0.9444676328751773,94.44676328751773,0.0,8.571428571428571,23.61169082187943,32.183119393308004,Medium,20.626895854398384,False,Text Similarity,Project description has 0.94 semantic similarity with project WS/37621/2025/00897.,5.3399147413805945,0
410,WS/69596/2024/00494,West Bengal,HOWRAH,ADV K FRANCIS GEORGE,School Building Repair,"Construction of additional classroom at Ram Nagar school, HOWRAH",434876.96,2024-07-08,2025-07-05,Deep Construction Co.,Ongoing,1443853.62,7,constituency + work_category,-69.8808138182318,0.0,7,2,0.2857142857142857,28.57142857142857,WS/99589/2025/00544,"Construction of additional classroom at Kisan Nagar school, HOWRAH",0.9443693066840795,94.43693066840795,0.0,8.571428571428571,23.60923266710199,32.18066123853056,Medium,82.30535894843275,False,Text Similarity,Project description has 0.94 semantic similarity with project WS/99589/2025/00544.,3.927460973389185,0
411,WS/40427/2024/00221,Kerala,IDUKKI,ABHAY KUMAR SINHA,Streetlight Installation,"LED streetlight installation along Ram Nagar road, IDUKKI",485455.45,2024-03-20,2024-06-15,Om Sai Infra Pvt Ltd,Sanctioned,366428.14,26,state + work_category,32.48312479494615,10.82770826498205,26,2,0.07692307692307693,7.6923076923076925,WS/28351/2025/00262,"LED streetlight installation along Ram Nagar road, IDUKKI",1.0000000000000002,100.0,4.8724687192419225,2.3076923076923075,25.0,32.18016102693423,Medium,78.05864509605662,False,Text Similarity,Project description has 1.00 semantic similarity with project WS/28351/2025/00262.,19.6237057335399,0
412,WS/69168/2024/00921,West Bengal,HOWRAH,ABHIJIT GANGOPADHYAY,Drainage / Nala,"Construction of drainage/nala near Subhash Nagar area, HOWRAH",362333.14,2024-05-19,2024-08-28,Om Sai Infra Pvt Ltd,New Recommendation,711107.83,7,constituency + work_category,-49.046667085637345,0.0,7,2,0.2857142857142857,28.57142857142857,WS/60079/2023/00659,"Construction of drainage/nala near Shanti Nagar area, HOWRAH",0.9430903821062324,94.30903821062324,0.0,8.571428571428571,23.57725955265581,32.14868812408438,Medium,69.56521739130434,False,Text Similarity,Project description has 0.94 semantic similarity with project WS/60079/2023/00659.,4.882285111316337,0
413,WS/22475/2023/00258,Maharashtra,NAGPUR,ADV GOWAAL KAGADA PADAVI,Water Supply / Handpump,"Water supply pipeline extension to Andouli area, NAGPUR",689608.96,2023-11-26,2024-08-31,Progressive Engineers & Contractors,Completed,628713.88,7,constituency + work_category,9.685658601970097,3.2285528673233657,7,2,0.2857142857142857,28.57142857142857,WS/91560/2024/00050,"Water supply pipeline extension to Station Road area, NAGPUR",0.8835181670457241,88.3518167045724,1.4528487902955145,8.571428571428571,22.0879541761431,32.11223153786719,Medium,78.159757330637,False,Text Similarity,Project description has 0.88 semantic similarity with project WS/91560/2024/00050.,5.826807192889966,0
414,WS/89233/2023/00890,Maharashtra,PUNE,RAJESH KUMAR SHARMA,Road Construction,"Widening and strengthening of road near Shanti Nagar village, PUNE",1846684.51,2023-07-31,2024-03-31,Om Sai Infra Pvt Ltd,Completed,1490771.79,6,constituency + work_category,23.87439327651887,7.958131092172955,6,1,0.16666666666666666,16.666666666666664,WS/18523/2025/00743,"Widening and strengthening of road near Shanti Nagar village, NAGPUR",0.940274785574092,94.02747855740921,3.58115899147783,4.999999999999999,23.506869639352303,32.08802863083013,Medium,8.897876643073811,False,Text Similarity,Project description has 0.94 semantic similarity with project WS/18523/2025/00743.,4.701301468441576,0
415,WS/44179/2025/00025,Uttar Pradesh,LUCKNOW,ABDUL RASHID SHEIKH,Streetlight Installation,"LED streetlight installation along Gandhi Chowk road, LUCKNOW",186892.53,2025-02-02,2026-01-26,Jai Hind Infrastructure,New Recommendation,186892.53,7,constituency + work_category,0.0,0.0,7,2,0.2857142857142857,28.57142857142857,WS/50481/2023/00792,"LED streetlight installation along Gandhi Chowk road, MURSHIDABAD",0.9403741029442998,94.03741029442998,0.0,8.571428571428571,23.509352573607494,32.08078114503606,Medium,23.86248736097068,False,Text Similarity,Project description has 0.94 semantic similarity with project WS/50481/2023/00792.,5.435495549995032,0
416,WS/38014/2025/00704,Bihar,AURANGABAD_BR,ABDUL RASHID SHEIKH,Streetlight Installation,"LED streetlight installation along Ram Nagar road, AURANGABAD_BR",300521.82,2025-04-12,2025-08-14,United Rural Builders,New Recommendation,364011.39,8,constituency + work_category,-17.441643790322058,0.0,8,2,0.25,25.0,WS/64415/2023/00565,"LED streetlight installation along Shanti Nagar road, AURANGABAD_BR",0.9829762998844609,98.29762998844609,0.0,7.5,24.574407497111523,32.07440749711152,Medium,52.37613751263903,False,Text Similarity,Project description has 0.98 semantic similarity with project WS/64415/2023/00565.,3.30524462484388,0
417,WS/91560/2024/00050,Maharashtra,NAGPUR,ADV K FRANCIS GEORGE,Water Supply / Handpump,"Water supply pipeline extension to Station Road area, NAGPUR",675399.32,2024-05-19,2024-10-10,Metro Civil Works Pvt Ltd,Ongoing,628713.88,7,constituency + work_category,7.425546259611757,2.4751820865372522,7,2,0.2857142857142857,28.57142857142857,WS/12651/2025/00317,"Water supply pipeline extension to Vivekanand Marg area, NAGPUR",0.8949927317378592,89.49927317378592,1.1138319389417635,8.571428571428571,22.37481829344648,32.060078803816815,Medium,69.76744186046511,False,Text Similarity,Project description has 0.89 semantic similarity with project WS/12651/2025/00317.,6.603428026639653,0
418,WS/57516/2023/00170,Kerala,KOTTAYAM,PRIYA VERMA,Community Hall,"Construction of community hall at Station Road, KOTTAYAM",1613105.99,2023-05-23,2024-05-08,United Rural Builders,Ongoing,2408036.685,6,constituency + work_category,-33.011569132303315,0.0,6,2,0.3333333333333333,33.33333333333333,WS/92245/2023/00887,"Construction of community hall at Station Road, KANPUR",0.8815193348178417,88.15193348178417,0.0,9.999999999999998,22.037983370446042,32.03798337044604,Medium,92.41658240647118,True,Text Similarity,Project description has 0.88 semantic similarity with project WS/92245/2023/00887.,2.9723630988186955,0
419,WS/46325/2023/00586,Kerala,IDUKKI,ADV ADOOR PRAKASH,Community Hall,"Multipurpose community centre building at Andouli panchayat, IDUKKI",2381779.17,2023-12-30,2024-11-11,Progressive Engineers & Contractors,Sanctioned,3059487.83,7,constituency + work_category,-22.151049380052612,0.0,7,2,0.2857142857142857,28.57142857142857,WS/54092/2023/00059,"Multipurpose community centre building at Andouli panchayat, AURANGABAD_BR",0.9386495075982695,93.86495075982695,0.0,8.571428571428571,23.46623768995674,32.03766626138531,Medium,49.3427704752275,False,Text Similarity,Project description has 0.94 semantic similarity with project WS/54092/2023/00059.,4.675856416963613,0
420,WS/46977/2024/00443,Jammu And Kashmir,SRINAGAR,AASHTIKAR PATIL NAGESH BAPURAO,Drainage / Nala,"Covered drain construction from Nehru Path to Shanti Nagar, SRINAGAR",344668.87,2024-09-29,2024-12-09,National Builders & Contractors,Completed,641075.81,7,constituency + work_category,-46.23586405482996,0.0,7,2,0.2857142857142857,28.57142857142857,WS/85066/2024/00247,"Covered drain construction from Ram Nagar to Nehru Path, JAMMU",0.9378719995935105,93.78719995935106,0.0,8.571428571428571,23.446799989837764,32.01822856126633,Medium,71.0819009100101,False,Text Similarity,Project description has 0.94 semantic similarity with project WS/85066/2024/00247.,3.869955795845602,0
421,WS/32871/2023/00104,Jammu And Kashmir,JAMMU,AASHTIKAR PATIL NAGESH BAPURAO,Community Hall,"Construction of community hall at Ram Nagar, JAMMU",3646015.32,2023-08-27,2023-12-31,United Rural Builders,New Recommendation,2897305.18,7,constituency + work_category,25.8416043007247,8.613868100241568,7,1,0.14285714285714285,14.285714285714285,WS/75004/2025/00542,"Construction of community hall at Subhash Nagar, JAMMU",0.9539146123300419,95.3914612330042,3.8762406451087057,4.285714285714286,23.84786530825105,32.00982023907404,Medium,14.762386248736098,False,Text Similarity,Project description has 0.95 semantic similarity with project WS/75004/2025/00542.,4.050405999711272,0
422,WS/40765/2025/00693,Jammu And Kashmir,BARAMULLAH,ADHIKARI SOUMENDU,Streetlight Installation,"Installation of streetlights at Gandhi Chowk chowk, BARAMULLAH",371483.58,2025-06-21,2026-03-20,Metro Civil Works Pvt Ltd,New Recommendation,293101.97,7,constituency + work_category,26.74209593337092,8.914031977790305,7,1,0.14285714285714285,14.285714285714285,WS/25937/2023/00950,"Installation of streetlights at Gandhi Chowk chowk, AURANGABAD_MH",0.9467768954266161,94.67768954266161,4.011314390005637,4.285714285714286,23.669422385665403,31.966451061385325,Medium,13.043478260869565,False,Text Similarity,Project description has 0.95 semantic similarity with project WS/25937/2023/00950.,4.344319388423008,0
423,WS/83048/2023/00096,Kerala,KOTTAYAM,ABHIJIT GANGOPADHYAY,School Building Repair,"Construction of additional classroom at Vivekanand Marg school, KOTTAYAM",1748050.61,2023-08-23,2024-02-14,Progressive Engineers & Contractors,Sanctioned,1614055.3199999998,8,constituency + work_category,8.301778033233724,2.7672593444112414,8,2,0.25,25.0,WS/20205/2023/00121,"Construction of additional classroom at Vivekanand Marg school, VARANASI",0.928523106628872,92.8523106628872,1.2452667049850588,7.5,23.2130776657218,31.95834437070686,Medium,31.648129423660265,False,Text Similarity,Project description has 0.93 semantic similarity with project WS/20205/2023/00121.,5.778696173795462,0
424,WS/34551/2024/00143,Kerala,IDUKKI,ABU TAHER KHAN,Community Hall,"Construction of community hall at Panchayat Bhavan Marg, IDUKKI",2573097.23,2024-12-20,2025-08-17,Ganesh Engineering Works,Sanctioned,3059487.83,7,constituency + work_category,-15.897778550732136,0.0,7,2,0.2857142857142857,28.57142857142857,WS/44675/2025/00071,"Construction of community hall at Panchayat Bhavan Marg, AURANGABAD_BR",0.9335970953286684,93.35970953286684,0.0,8.571428571428571,23.33992738321671,31.91135595464528,Medium,48.43276036400405,False,Text Similarity,Project description has 0.93 semantic similarity with project WS/44675/2025/00071.,4.556156394268965,0
425,WS/16760/2024/00938,Kerala,KOTTAYAM,SANJAY DESHMUKH,Drainage / Nala,"Construction of drainage/nala near Bazaar Road area, KOTTAYAM",800165.62,2024-05-05,2024-10-10,Ganesh Engineering Works,Sanctioned,747976.075,8,constituency + work_category,6.977435073708747,2.325811691236249,8,2,0.25,25.0,WS/70693/2025/00856,"Construction of drainage/nala near Bazaar Road area, AURANGABAD_MH",0.9344759613544074,93.44759613544073,1.046615261056312,7.5,23.361899033860183,31.908514294916493,Medium,23.053589484327603,False,Text Similarity,Project description has 0.93 semantic similarity with project WS/70693/2025/00856.,5.925791271086631,0
426,WS/65518/2024/00267,Jammu And Kashmir,BARAMULLAH,ABDUL RASHID SHEIKH,Solar Light Installation,"Solar light installation near Kisan Nagar hanuman mandir, BARAMULLAH",239291.26,2024-01-19,2025-02-03,Deep Construction Co.,Sanctioned,280850.19999999995,12,constituency + work_category,-14.797546877303255,0.0,12,3,0.25,25.0,WS/59688/2024/00854,"Solar light installation near Shanti Nagar hanuman mandir, BARAMULLAH",0.9763204921420008,97.63204921420008,0.0,7.5,24.40801230355002,31.90801230355002,Medium,45.096056622851364,False,Text Similarity,Project description has 0.98 semantic similarity with project WS/59688/2024/00854.,3.3898854714666853,0
427,WS/25842/2023/00712,Kerala,IDUKKI,RAVI SHANKAR PRASAD JI,Community Hall,"Multipurpose community centre building at Vivekanand Marg panchayat, IDUKKI",3804243.39,2023-07-31,2024-08-02,Sri Lakshmi Contractors,Completed,3059487.83,7,constituency + work_category,24.34249133783938,8.114163779279794,7,1,0.14285714285714285,14.285714285714285,WS/62354/2023/00413,"Multipurpose community centre building at Vivekanand Marg panchayat, LUCKNOW",0.9574583988735241,95.74583988735242,3.6513737006759075,4.285714285714286,23.936459971838104,31.873547958228297,Medium,15.57128412537917,False,Text Similarity,Project description has 0.96 semantic similarity with project WS/62354/2023/00413.,4.266441190002054,0
428,WS/49066/2024/00381,West Bengal,MURSHIDABAD,RAVI SHANKAR PRASAD JI,Drainage / Nala,"Covered drain construction from Panchayat Bhavan Marg to Kisan Nagar, MURSHIDABAD",422743.31,2024-05-05,2025-04-09,Bharat Infra Solutions,Ongoing,628719.8,7,constituency + work_category,-32.76125390038616,0.0,7,2,0.2857142857142857,28.57142857142857,WS/75860/2025/00775,"Covered drain construction from Kisan Nagar to Panchayat Bhavan Marg, PATNA_SAHIB",0.9316720951586779,93.16720951586778,0.0,8.571428571428571,23.291802378966945,31.86323095039552,Medium,64.71183013144591,False,Text Similarity,Project description has 0.93 semantic similarity with project WS/75860/2025/00775.,4.203681993372824,0
429,WS/37076/2023/00517,Kerala,ATTINGAL,ADV DEAN KURIAKOSE,Drainage / Nala,"Covered drain construction from Station Road to Vivekanand Marg, ATTINGAL",441746.41,2023-07-27,2023-10-02,Jai Hind Infrastructure,Completed,507526.095,12,constituency + work_category,-12.960847855517658,0.0,12,4,0.3333333333333333,33.33333333333333,WS/25362/2025/00949,"Covered drain construction from Vivekanand Marg to Vivekanand Marg, AURANGABAD_MH",0.8743932245272417,87.43932245272417,0.0,9.999999999999998,21.859830613181042,31.85983061318104,Medium,89.28210313447927,False,Text Similarity,Project description has 0.87 semantic similarity with project WS/25362/2025/00949.,3.492684975523551,0
430,WS/84086/2025/00596,Kerala,KOTTAYAM,ADV GOWAAL KAGADA PADAVI,School Building Repair,"Construction of additional classroom at Kisan Nagar school, KOTTAYAM",1654368.44,2025-12-18,2026-12-06,Progressive Engineers & Contractors,Ongoing,1614055.3199999998,8,constituency + work_category,2.497629387324848,0.8325431291082828,8,2,0.25,25.0,WS/30369/2023/00282,"Construction of additional classroom at Ram Nagar school, KOTTAYAM",0.9591031326880073,95.91031326880073,0.37464440809872723,7.5,23.977578317200184,31.852222725298912,Medium,16.48129423660263,False,Text Similarity,Project description has 0.96 semantic similarity with project WS/30369/2023/00282.,6.073092204484579,0
431,WS/74788/2025/00527,Jammu And Kashmir,SRINAGAR,PRIYA VERMA,Road Construction,Construction of concrete road from Panchayat Bhavan Marg to Panchayat Bhavan Marg in SRINAGAR,1817040.61,2025-03-02,2026-03-02,Sri Lakshmi Contractors,New Recommendation,1864190.97,7,constituency + work_category,-2.529266623365302,0.0,7,2,0.2857142857142857,28.57142857142857,WS/26805/2024/00385,Construction of concrete road from Panchayat Bhavan Marg to Panchayat Bhavan Marg in ATTINGAL,0.9308561346309481,93.0856134630948,0.0,8.571428571428571,23.2714033657737,31.84283193720227,Medium,37.2093023255814,False,Text Similarity,Project description has 0.93 semantic similarity with project WS/26805/2024/00385.,4.192170142422725,0
432,WS/89310/2024/00153,Jammu And Kashmir,BARAMULLAH,ADV ADOOR PRAKASH,Solar Light Installation,"Solar street light at Shanti Nagar chowk parisar, BARAMULLAH",325807.01,2024-04-05,2024-12-17,Jai Hind Infrastructure,Completed,280850.19999999995,12,constituency + work_category,16.007398250027975,5.335799416675991,12,2,0.16666666666666666,16.666666666666664,WS/58467/2024/00972,"Solar street light at Subhash Nagar chowk parisar, BARAMULLAH",0.976139043881608,97.6139043881608,2.4011097375041963,4.999999999999999,24.4034760970402,31.804585834544397,Medium,15.166835187057634,False,Text Similarity,Project description has 0.98 semantic similarity with project WS/58467/2024/00972.,4.333689500119008,0
433,WS/33040/2025/00185,Maharashtra,AURANGABAD_MH,ADV ADOOR PRAKASH,Streetlight Installation,"LED streetlight installation along Andouli road, AURANGABAD_MH",482408.94,2025-08-18,2025-11-05,National Builders & Contractors,Sanctioned,374641.63,7,constituency + work_category,28.765439121114223,9.588479707038074,7,1,0.14285714285714285,14.285714285714285,WS/71995/2024/00427,"LED streetlight installation along Andouli road, KOTTAYAM",0.9280320283083737,92.80320283083738,4.314815868167133,4.285714285714286,23.200800707709345,31.801330861590763,Medium,30.940343781597573,False,Text Similarity,Project description has 0.93 semantic similarity with project WS/71995/2024/00427.,4.751321811330898,0
434,WS/77844/2023/00464,Bihar,PATNA_SAHIB,MEERA IYER,School Building Repair,"Repair and renovation of Govt. School building at Shanti Nagar, PATNA_SAHIB",400273.88,2023-05-06,2023-11-27,Jai Hind Infrastructure,Completed,1414472.25,7,constituency + work_category,-71.70153886016499,0.0,7,2,0.2857142857142857,28.57142857142857,WS/49378/2025/00229,"Repair and renovation of Govt. School building at Vivekanand Marg, PATNA_SAHIB",0.9285496227535306,92.85496227535306,0.0,8.571428571428571,23.213740568838265,31.785169140266838,Medium,87.66430738119313,False,Text Similarity,Project description has 0.93 semantic similarity with project WS/49378/2025/00229.,4.06896037202442,0
435,WS/49515/2025/00872,Maharashtra,AURANGABAD_MH,ADITYA YADAV,Drainage / Nala,"Construction of drainage/nala near Kisan Nagar area, AURANGABAD_MH",934194.05,2025-11-03,2026-02-21,Om Sai Infra Pvt Ltd,New Recommendation,864694.21,9,constituency + work_category,8.037504957966595,2.6791683193221987,9,2,0.2222222222222222,22.22222222222222,WS/31116/2024/00948,"Construction of drainage/nala near Shanti Nagar area, AURANGABAD_MH",0.9563941917591215,95.63941917591215,1.2056257436949895,6.666666666666666,23.909854793978038,31.782147204339694,Medium,11.627906976744185,False,Text Similarity,Project description has 0.96 semantic similarity with project WS/31116/2024/00948.,6.629375817687189,0
436,WS/59840/2023/00341,Uttar Pradesh,BADAUN,ABHIJIT GANGOPADHYAY,Water Supply / Handpump,"Water supply pipeline extension to Ram Nagar area, BADAUN",785284.01,2023-05-20,2023-09-16,Sri Lakshmi Contractors,Sanctioned,719185.46,9,constituency + work_category,9.190751715141745,3.0635839050472486,9,2,0.2222222222222222,22.22222222222222,WS/31798/2025/00021,"Water supply pipeline extension to Subhash Nagar area, BADAUN",0.9493857037796329,94.93857037796329,1.3786127572712619,6.666666666666666,23.734642594490822,31.77992201842875,Medium,7.886754297269969,False,Text Similarity,Project description has 0.95 semantic similarity with project WS/31798/2025/00021.,6.2290825863908434,0
437,WS/23894/2025/00898,Maharashtra,NANDURBAR(ST),PRIYA VERMA,Water Supply / Handpump,"Installation of handpump at Panchayat Bhavan Marg village, NANDURBAR(ST)",218442.82,2025-12-14,2026-09-17,New India Construction Co.,Completed,635482.84,7,constituency + work_category,-65.62569337041421,0.0,7,2,0.2857142857142857,28.57142857142857,WS/27102/2024/00871,"Installation of handpump at Panchayat Bhavan Marg village, KOTTAYAM",0.9282871129973852,92.82871129973852,0.0,8.571428571428571,23.20717782493463,31.7786063963632,Medium,86.14762386248736,False,Text Similarity,Project description has 0.93 semantic similarity with project WS/27102/2024/00871.,3.6953339983980467,0
438,WS/93284/2024/00321,Maharashtra,NAGPUR,ABDUL RASHID SHEIKH,Community Hall,"Construction of community hall at Ram Nagar, NAGPUR",3261584.86,2024-01-06,2024-09-10,Metro Civil Works Pvt Ltd,Sanctioned,3104768.22,5,constituency + work_category,5.050832425745445,1.683610808581815,5,1,0.2,20.0,WS/65550/2024/00740,"Construction of community hall at Ram Nagar, NAGPUR",1.0000000000000002,100.0,0.7576248638618168,6.0,25.0,31.757624863861817,Medium,37.51263902932255,False,Text Similarity,Project description has 1.00 semantic similarity with project WS/65550/2024/00740.,17.434485509768052,0
439,WS/54541/2023/00769,Bihar,AURANGABAD_BR,ABU TAHER KHAN,Community Hall,"Multipurpose community centre building at Gandhi Chowk panchayat, AURANGABAD_BR",3858385.0,2023-04-10,2024-02-19,Progressive Engineers & Contractors,New Recommendation,3668526.11,13,constituency + work_category,5.175345201509282,1.7251150671697606,13,3,0.23076923076923078,23.076923076923077,WS/10863/2023/00698,"Multipurpose community centre building at Gandhi Chowk panchayat, JAMMU",0.9607778588738911,96.07778588738911,0.7763017802263923,6.9230769230769225,24.019446471847278,31.71882517515059,Medium,14.35793731041456,False,Text Similarity,Project description has 0.96 semantic similarity with project WS/10863/2023/00698.,6.135958214032151,0
440,WS/76577/2025/00523,Bihar,PATNA_SAHIB,MEERA IYER,Solar Light Installation,"Solar light installation near Ram Nagar hanuman mandir, PATNA_SAHIB",159780.54,2025-05-26,2026-01-19,Jai Hind Infrastructure,Ongoing,179785.09,13,constituency + work_category,-11.12692381776486,0.0,13,3,0.23076923076923078,23.076923076923077,WS/67658/2024/00396,"Solar light installation near Shanti Nagar hanuman mandir, PATNA_SAHIB",0.9912541090699623,99.12541090699622,0.0,6.9230769230769225,24.781352726749056,31.70442964982598,Medium,47.118301314459046,False,Text Similarity,Project description has 0.99 semantic similarity with project WS/67658/2024/00396.,4.755659728492792,0
441,WS/10863/2023/00698,Jammu And Kashmir,JAMMU,RAJESH KUMAR SHARMA,Community Hall,"Multipurpose community centre building at Gandhi Chowk panchayat, JAMMU",3547901.96,2023-08-04,2024-01-14,Metro Civil Works Pvt Ltd,Sanctioned,2897305.18,7,constituency + work_category,22.45523821553378,7.485079405177926,7,1,0.14285714285714285,14.285714285714285,WS/54541/2023/00769,"Multipurpose community centre building at Gandhi Chowk panchayat, AURANGABAD_BR",0.9607778588738911,96.07778588738911,3.3682857323300666,4.285714285714286,24.019446471847278,31.67344648989163,Medium,16.27906976744186,False,Text Similarity,Project description has 0.96 semantic similarity with project WS/54541/2023/00769.,4.126516554958338,0
442,WS/52899/2023/00276,Jammu And Kashmir,BARAMULLAH,ANITA JOSHI,Road Construction,"Widening and strengthening of road near Ram Nagar village, BARAMULLAH",2421934.99,2023-06-10,2024-04-03,Bharat Infra Solutions,New Recommendation,1739649.9849999999,18,state + work_category,39.219671248984056,13.073223749661352,18,1,0.05555555555555555,5.555555555555555,WS/39135/2023/00286,"Widening and strengthening of road near Shanti Nagar village, BARAMULLAH",0.9647156540172663,96.47156540172664,5.882950687347608,1.6666666666666665,24.11789135043166,31.667508704445936,Medium,66.73407482305359,False,Text Similarity,Project description has 0.96 semantic similarity with project WS/39135/2023/00286.,9.456245030486942,0
443,WS/91006/2024/00134,Maharashtra,AURANGABAD_MH,RAVI SHANKAR PRASAD JI,Solar Light Installation,"Solar street light at Shanti Nagar chowk parisar, AURANGABAD_MH",358525.4,2024-09-21,2024-12-09,Progressive Engineers & Contractors,New Recommendation,358807.4,9,constituency + work_category,-0.0785936967855178,0.0,9,2,0.2222222222222222,22.22222222222222,WS/95542/2023/00838,"Solar street light at Shanti Nagar chowk parisar, AURANGABAD_MH",1.0000000000000004,100.0,0.0,6.666666666666666,25.0,31.666666666666664,Medium,40.647118301314464,False,Text Similarity,Project description has 1.00 semantic similarity with project WS/95542/2023/00838.,18.081551591665104,0
444,WS/71548/2024/00934,Kerala,KOTTAYAM,SANJAY DESHMUKH,Solar Light Installation,"Solar street light at Ram Nagar chowk parisar, KOTTAYAM",259120.46,2024-04-25,2024-08-21,Ganesh Engineering Works,Ongoing,293516.93,9,constituency + work_category,-11.718734588836153,0.0,9,2,0.2222222222222222,22.22222222222222,WS/22223/2025/00941,"Solar street light at Ram Nagar chowk parisar, KOTTAYAM",1.0000000000000002,100.0,0.0,6.666666666666666,25.0,31.666666666666664,Medium,51.97168857431749,False,Text Similarity,Project description has 1.00 semantic similarity with project WS/22223/2025/00941.,17.291909409237515,0
445,WS/51800/2023/00237,West Bengal,MURSHIDABAD,ANITA JOSHI,School Building Repair,"Repair and renovation of Govt. School building at Ram Nagar, MURSHIDABAD",887620.42,2023-07-09,2024-04-18,Deep Construction Co.,Sanctioned,1021864.43,9,constituency + work_category,-13.137164388822105,0.0,9,2,0.2222222222222222,22.22222222222222,WS/32939/2024/00512,"Repair and renovation of Govt. School building at Ram Nagar, MURSHIDABAD",1.0,100.0,0.0,6.666666666666666,25.0,31.666666666666664,Medium,52.88169868554095,False,Text Similarity,Project description has 1.00 semantic similarity with project WS/32939/2024/00512.,71.6216275697547,1
446,WS/23970/2023/00043,West Bengal,MURSHIDABAD,PRIYA VERMA,School Building Repair,"Repair and renovation of Govt. School building at Subhash Nagar, MURSHIDABAD",959514.01,2023-08-30,2024-09-28,Deep Construction Co.,Completed,1021864.43,9,constituency + work_category,-6.101633266557682,0.0,9,2,0.2222222222222222,22.22222222222222,WS/12596/2024/00799,"Repair and renovation of Govt. School building at Subhash Nagar, MURSHIDABAD",0.9999999999999999,99.99999999999999,0.0,6.666666666666666,24.999999999999996,31.666666666666664,Medium,46.916076845298285,False,Text Similarity,Project description has 1.00 semantic similarity with project WS/12596/2024/00799.,40.2340571199843,0
447,WS/22223/2025/00941,Kerala,KOTTAYAM,SANJAY DESHMUKH,Solar Light Installation,"Solar street light at Ram Nagar chowk parisar, KOTTAYAM",293516.93,2025-11-27,2026-07-10,Ganesh Engineering Works,Ongoing,293516.93,9,constituency + work_category,0.0,0.0,9,2,0.2222222222222222,22.22222222222222,WS/71548/2024/00934,"Solar street light at Ram Nagar chowk parisar, KOTTAYAM",1.0000000000000002,100.0,0.0,6.666666666666666,25.0,31.666666666666664,Medium,40.3943377148635,False,Text Similarity,Project description has 1.00 semantic similarity with project WS/71548/2024/00934.,18.30682631693983,0
448,WS/87207/2025/00404,Bihar,AURANGABAD_BR,ANITA JOSHI,School Building Repair,"Repair and renovation of Govt. School building at Kisan Nagar, AURANGABAD_BR",721280.76,2025-06-30,2026-05-02,Sri Lakshmi Contractors,New Recommendation,816376.1,9,constituency + work_category,-11.648471825669562,0.0,9,2,0.2222222222222222,22.22222222222222,WS/15695/2025/00004,"Repair and renovation of Govt. School building at Kisan Nagar, AURANGABAD_BR",1.0,100.0,0.0,6.666666666666666,25.0,31.666666666666664,Medium,51.66835187057634,False,Text Similarity,Project description has 1.00 semantic similarity with project WS/15695/2025/00004.,71.8716275697547,1
449,WS/53369/2023/00047,Jammu And Kashmir,BARAMULLAH,PRIYA VERMA,Water Supply / Handpump,"Water supply pipeline extension to Station Road area, BARAMULLAH",306963.69,2023-11-06,2024-02-06,Sri Lakshmi Contractors,Sanctioned,503772.11,9,constituency + work_category,-39.066954302015645,0.0,9,2,0.2222222222222222,22.22222222222222,WS/94498/2025/00384,"Water supply pipeline extension to Station Road area, BARAMULLAH",0.9999999999999999,99.99999999999999,0.0,6.666666666666666,24.999999999999996,31.666666666666664,Medium,74.11526794742164,False,Text Similarity,Project description has 1.00 semantic similarity with project WS/94498/2025/00384.,40.417931312939956,0
450,WS/20917/2023/00681,Uttar Pradesh,BADAUN,ABHIJIT GANGOPADHYAY,Water Supply / Handpump,"Water supply pipeline extension to Subhash Nagar area, BADAUN",663104.83,2023-10-01,2024-03-02,Sri Lakshmi Contractors,Completed,719185.46,9,constituency + work_category,-7.797798081179229,0.0,9,2,0.2222222222222222,22.22222222222222,WS/31798/2025/00021,"Water supply pipeline extension to Subhash Nagar area, BADAUN",1.0000000000000002,100.0,0.0,6.666666666666666,25.0,31.666666666666664,Medium,48.53387259858442,False,Text Similarity,Project description has 1.00 semantic similarity with project WS/31798/2025/00021.,16.871163488491597,0
451,WS/59412/2023/00232,West Bengal,HOWRAH,ABU TAHER KHAN,Water Supply / Handpump,"Water supply pipeline extension to Ram Nagar area, HOWRAH",411982.85,2023-12-15,2025-01-15,National Builders & Contractors,Sanctioned,714243.84,9,constituency + work_category,-42.319019510199766,0.0,9,2,0.2222222222222222,22.22222222222222,WS/30892/2023/00349,"Water supply pipeline extension to Ram Nagar area, HOWRAH",0.9999999999999998,99.99999999999997,0.0,6.666666666666666,24.999999999999993,31.666666666666657,Medium,76.23862487360971,False,Text Similarity,Project description has 1.00 semantic similarity with project WS/30892/2023/00349.,10.143590407535305,0
452,WS/39402/2025/00339,West Bengal,KANTHI,ADITYA YADAV,Drainage / Nala,"Construction of drainage/nala near Kisan Nagar area, KANTHI",1153275.92,2025-10-27,2026-07-20,Shree Balaji Construction Co.,Ongoing,899584.34,7,constituency + work_category,28.200977798257355,9.400325932752452,7,1,0.14285714285714285,14.285714285714285,WS/49515/2025/00872,"Construction of drainage/nala near Kisan Nagar area, AURANGABAD_MH",0.9256749893882159,92.56749893882159,4.230146669738604,4.285714285714286,23.141874734705397,31.657735690158287,Medium,32.45702730030334,False,Text Similarity,Project description has 0.93 semantic similarity with project WS/49515/2025/00872.,4.674191016148427,0
453,WS/11699/2025/00367,Uttar Pradesh,VARANASI,ABDUL RASHID SHEIKH,School Building Repair,"Repair and renovation of Govt. School building at Kisan Nagar, VARANASI",942576.51,2025-12-05,2026-07-13,United Rural Builders,Completed,1112755.5899999999,8,constituency + work_category,-15.293482371991487,0.0,8,2,0.25,25.0,WS/15737/2023/00456,"Repair and renovation of Govt. School building at Shanti Nagar, VARANASI",0.9662202247298437,96.62202247298437,0.0,7.5,24.155505618246092,31.655505618246092,Medium,36.400404448938325,False,Text Similarity,Project description has 0.97 semantic similarity with project WS/15737/2023/00456.,4.392068977832798,0
454,WS/60039/2025/00603,West Bengal,MURSHIDABAD,RAVI SHANKAR PRASAD JI,School Building Repair,"Construction of additional classroom at Nehru Path school, MURSHIDABAD",1394345.81,2025-05-13,2025-09-20,Ganesh Engineering Works,Ongoing,1021864.43,9,constituency + work_category,36.4511542886369,12.150384762878968,9,1,0.1111111111111111,11.11111111111111,WS/39329/2025/00324,"Construction of additional classroom at Nehru Path school, TAMLUK",0.9141572273125382,91.41572273125382,5.467673143295536,3.333333333333333,22.853930682813456,31.654937159442326,Medium,61.071789686552066,False,Text Similarity,Project description has 0.91 semantic similarity with project WS/39329/2025/00324.,5.136456206806511,0
455,WS/55068/2025/00594,West Bengal,KANTHI,RAJESH KUMAR SHARMA,Drainage / Nala,"Covered drain construction from Shanti Nagar to Vivekanand Marg, KANTHI",484639.83,2025-03-25,2025-06-10,Progressive Engineers & Contractors,New Recommendation,899584.34,7,constituency + work_category,-46.12624870726407,0.0,7,2,0.2857142857142857,28.57142857142857,WS/82910/2024/00113,"Covered drain construction from Vivekanand Marg to Ram Nagar, AURANGABAD_MH",0.9232927010613353,92.32927010613354,0.0,8.571428571428571,23.082317526533384,31.653746097961957,Medium,79.37310414560162,False,Text Similarity,Project description has 0.92 semantic similarity with project WS/82910/2024/00113.,4.023581645395693,0
456,WS/59425/2024/00761,Jammu And Kashmir,BARAMULLAH,ADITYA YADAV,School Building Repair,"Construction of additional classroom at Bazaar Road school, BARAMULLAH",1608435.57,2024-05-10,2024-10-28,Bharat Infra Solutions,Sanctioned,1372095.45,5,constituency + work_category,17.224757942313715,5.741585980771238,5,1,0.2,20.0,WS/19556/2024/00742,"Construction of additional classroom at Bazaar Road school, AURANGABAD_BR",0.9224015058437558,92.24015058437558,2.5837136913470573,6.0,23.060037646093896,31.643751337440953,Medium,26.59251769464105,False,Text Similarity,Project description has 0.92 semantic similarity with project WS/19556/2024/00742.,6.096091104677333,0
457,WS/49602/2024/00325,Kerala,KOTTAYAM,SANJAY DESHMUKH,School Building Repair,"Construction of additional classroom at Panchayat Bhavan Marg school, KOTTAYAM",1592220.64,2024-07-14,2025-01-19,Ganesh Engineering Works,Sanctioned,1614055.3199999998,8,constituency + work_category,-1.3527838686470757,0.0,8,2,0.25,25.0,WS/41420/2025/00943,"Construction of additional classroom at Panchayat Bhavan Marg school, AURANGABAD_MH",0.961855088988169,96.18550889881689,0.0,7.5,24.046377224704223,31.546377224704223,Medium,17.087967644084934,False,Text Similarity,Project description has 0.96 semantic similarity with project WS/41420/2025/00943.,3.993551185726584,0
458,WS/80189/2024/00923,West Bengal,HOWRAH,ABHIJIT GANGOPADHYAY,Drainage / Nala,"Covered drain construction from Kisan Nagar to Shanti Nagar, HOWRAH",614348.63,2024-06-03,2025-04-05,Om Sai Infra Pvt Ltd,Sanctioned,711107.83,7,constituency + work_category,-13.606825282742275,0.0,7,2,0.2857142857142857,28.57142857142857,WS/11850/2024/00658,"Covered drain construction from Kisan Nagar to Station Road, HOWRAH",0.9180108665461757,91.80108665461756,0.0,8.571428571428571,22.95027166365439,31.52170023508296,Medium,58.54398382204246,False,Text Similarity,Project description has 0.92 semantic similarity with project WS/11850/2024/00658.,4.37898651094147,0
459,WS/36712/2023/00476,Maharashtra,PUNE,ABHIJIT GANGOPADHYAY,Community Hall,"Multipurpose community centre building at Station Road panchayat, PUNE",2625153.93,2023-04-24,2023-12-09,Ganesh Engineering Works,Ongoing,2859576.19,8,constituency + work_category,-8.197797310656716,0.0,8,2,0.25,25.0,WS/83498/2025/00987,"Multipurpose community centre building at Shanti Nagar panchayat, PUNE",0.9601205776695292,96.01205776695292,0.0,7.5,24.00301444173823,31.50301444173823,Medium,21.638018200202225,False,Text Similarity,Project description has 0.96 semantic similarity with project WS/83498/2025/00987.,4.502385660505332,0
460,WS/65797/2023/00579,Uttar Pradesh,LUCKNOW,AASHTIKAR PATIL NAGESH BAPURAO,School Building Repair,"Construction of additional classroom at Station Road school, LUCKNOW",1772257.66,2023-05-12,2024-03-07,Deep Construction Co.,Completed,1163663.745,20,state + work_category,52.29980891086365,17.433269636954552,20,2,0.1,10.0,WS/51853/2024/00165,"Construction of additional classroom at Kisan Nagar school, SRINAGAR",0.8259224840577991,82.59224840577991,7.844971336629548,3.0,20.648062101444978,31.493033438074526,Medium,96.96663296258848,True,Text Similarity,Project description has 0.83 semantic similarity with project WS/51853/2024/00165.,5.767076340227836,0
461,WS/62725/2025/00201,Uttar Pradesh,BADAUN,MEERA IYER,Streetlight Installation,"Installation of streetlights at Ambedkar Colony chowk, BADAUN",452410.64,2025-09-10,2025-12-03,Ganesh Engineering Works,Completed,445472.48,7,constituency + work_category,1.5574834162595257,0.5191611387531753,7,2,0.2857142857142857,28.57142857142857,WS/37479/2023/00231,"Installation of streetlights at Ambedkar Colony chowk, AURANGABAD_BR",0.906404358959179,90.6404358959179,0.23362251243892887,8.571428571428571,22.660108973979476,31.465160057846976,Medium,56.825075834175934,False,Text Similarity,Project description has 0.91 semantic similarity with project WS/37479/2023/00231.,5.138983496689012,0
462,WS/70693/2025/00856,Maharashtra,AURANGABAD_MH,PRIYA VERMA,Drainage / Nala,"Construction of drainage/nala near Bazaar Road area, AURANGABAD_MH",1130750.73,2025-11-07,2026-12-01,United Rural Builders,Completed,864694.21,9,constituency + work_category,30.76885642613474,10.256285475378245,9,1,0.1111111111111111,11.11111111111111,WS/75230/2024/00089,"Construction of drainage/nala near Bazaar Road area, KANPUR",0.9400533561871948,94.00533561871947,4.615328463920211,3.333333333333333,23.501333904679868,31.44999570193341,Medium,33.77148634984833,False,Text Similarity,Project description has 0.94 semantic similarity with project WS/75230/2024/00089.,3.9111760274453755,0
463,WS/92802/2023/00146,Maharashtra,PUNE,RAVI SHANKAR PRASAD JI,Community Hall,"Construction of community hall at Shanti Nagar, PUNE",3533772.16,2023-09-27,2024-07-20,Deep Construction Co.,Sanctioned,2859576.19,8,constituency + work_category,23.576779396809854,7.858926465603284,8,1,0.125,12.5,WS/18232/2023/00142,"Construction of community hall at Ram Nagar, PUNE",0.9657666711369393,96.57666711369393,3.536516909521478,3.75,24.144166778423482,31.43068368794496,Medium,28.51365015166835,False,Text Similarity,Project description has 0.97 semantic similarity with project WS/18232/2023/00142.,4.5476751229004,0
464,WS/86271/2024/00145,Bihar,PATNA_SAHIB,AASHTIKAR PATIL NAGESH BAPURAO,Community Hall,"Construction of community hall at Kisan Nagar, PATNA_SAHIB",3471300.04,2024-03-19,2024-09-18,Deep Construction Co.,Completed,2633655.8600000003,8,constituency + work_category,31.80537718394231,10.601792394647436,8,1,0.125,12.5,WS/80206/2025/00206,"Construction of community hall at Kisan Nagar, SRINAGAR",0.9163874905936147,91.63874905936147,4.770806577591347,3.75,22.909687264840368,31.430493842431716,Medium,50.353892821031344,False,Text Similarity,Project description has 0.92 semantic similarity with project WS/80206/2025/00206.,5.7232144772536016,0
465,WS/54597/2025/00003,Kerala,ERNAKULAM,ADV ADOOR PRAKASH,School Building Repair,"Repair and renovation of Govt. School building at Nehru Path, ERNAKULAM",1224971.96,2025-07-07,2025-09-08,National Builders & Contractors,Sanctioned,934267.0,9,constituency + work_category,31.11583305414833,10.371944351382776,9,1,0.1111111111111111,11.11111111111111,WS/65372/2025/00492,"Repair and renovation of Govt. School building at Nehru Path, SRINAGAR",0.936764120488756,93.6764120488756,4.66737495812225,3.333333333333333,23.4191030122189,31.419811303674486,Medium,37.917087967644086,False,Text Similarity,Project description has 0.94 semantic similarity with project WS/65372/2025/00492.,4.054758019905055,0
466,WS/10547/2024/00801,Uttar Pradesh,KANPUR,ABHAY KUMAR SINHA,Community Hall,"Multipurpose community centre building at Andouli panchayat, KANPUR",1841640.87,2024-07-24,2024-12-31,National Builders & Contractors,Ongoing,2130894.795,8,constituency + work_category,-13.574294032662454,0.0,8,2,0.25,25.0,WS/54092/2023/00059,"Multipurpose community centre building at Andouli panchayat, AURANGABAD_BR",0.9566475642945738,95.66475642945737,0.0,7.5,23.916189107364342,31.416189107364342,Medium,23.96359959555106,False,Text Similarity,Project description has 0.96 semantic similarity with project WS/54092/2023/00059.,4.182848313794072,0
467,WS/85066/2024/00247,Jammu And Kashmir,JAMMU,ADV GOWAAL KAGADA PADAVI,Drainage / Nala,"Covered drain construction from Ram Nagar to Nehru Path, JAMMU",1002666.18,2024-10-31,2025-09-09,United Rural Builders,Completed,837027.615,6,constituency + work_category,19.78890087156803,6.596300290522676,6,1,0.16666666666666666,16.666666666666664,WS/46977/2024/00443,"Covered drain construction from Nehru Path to Shanti Nagar, SRINAGAR",0.9378719995935105,93.78719995935106,2.9683351307352046,4.999999999999999,23.446799989837764,31.41513512057297,Medium,7.583417593528817,False,Text Similarity,Project description has 0.94 semantic similarity with project WS/46977/2024/00443.,5.06663980286694,0
468,WS/18639/2024/00130,Bihar,PATNA_SAHIB,ADV GOWAAL KAGADA PADAVI,School Building Repair,"Construction of additional classroom at Vivekanand Marg school, PATNA_SAHIB",972277.16,2024-03-12,2025-03-13,Shree Balaji Construction Co.,New Recommendation,1414472.25,7,constituency + work_category,-31.262196200738472,0.0,7,2,0.2857142857142857,28.57142857142857,WS/49289/2023/00227,"Construction of additional classroom at Ambedkar Colony school, PATNA_SAHIB",0.9130985255995181,91.3098525599518,0.0,8.571428571428571,22.82746313998795,31.398891711416525,Medium,75.53083923154702,False,Text Similarity,Project description has 0.91 semantic similarity with project WS/49289/2023/00227.,4.286680005339967,0
469,WS/98832/2024/00737,Jammu And Kashmir,SRINAGAR,ADV ADOOR PRAKASH,Streetlight Installation,"LED streetlight installation along Station Road road, SRINAGAR",478004.49,2024-01-06,2024-06-12,Progressive Engineers & Contractors,Completed,449703.55,11,constituency + work_category,6.293243626829276,2.0977478756097585,11,2,0.18181818181818182,18.181818181818183,WS/56388/2024/00225,"LED streetlight installation along Station Road road, SRINAGAR",1.0000000000000002,100.0,0.9439865440243913,5.454545454545455,25.0,31.398531998569847,Medium,31.445904954499493,False,Text Similarity,Project description has 1.00 semantic similarity with project WS/56388/2024/00225.,17.31778496776263,0
470,WS/98940/2025/00403,Uttar Pradesh,BADAUN,ABHAY KUMAR SINHA,School Building Repair,"Construction of additional classroom at Panchayat Bhavan Marg school, BADAUN",1323149.66,2025-10-10,2026-10-13,United Rural Builders,Completed,1283055.99,8,constituency + work_category,3.124857396129683,1.0416191320432275,8,2,0.25,25.0,WS/41420/2025/00943,"Construction of additional classroom at Panchayat Bhavan Marg school, AURANGABAD_MH",0.9359907139500135,93.59907139500136,0.4687286094194524,7.5,23.39976784875034,31.368496458169794,Medium,18.402426693629927,False,Text Similarity,Project description has 0.94 semantic similarity with project WS/41420/2025/00943.,5.155202883851727,0
471,WS/60436/2023/00446,Jammu And Kashmir,BARAMULLAH,ADV DEAN KURIAKOSE,Solar Light Installation,"Solar light installation near Ambedkar Colony hanuman mandir, BARAMULLAH",233552.09,2023-04-13,2023-08-13,Deep Construction Co.,Ongoing,280850.19999999995,12,constituency + work_category,-16.841045511094514,0.0,12,3,0.25,25.0,WS/64702/2024/00611,"Solar light installation near Ambedkar Colony hanuman mandir, LUCKNOW",0.9547318686073777,95.47318686073777,0.0,7.5,23.868296715184442,31.368296715184442,Medium,26.188068756319517,False,Text Similarity,Project description has 0.95 semantic similarity with project WS/64702/2024/00611.,4.227720108665867,0
472,WS/96556/2025/00478,Jammu And Kashmir,JAMMU,ADV DEAN KURIAKOSE,Road Construction,"CC road construction at Nehru Path ward, JAMMU",1590433.39,2025-11-23,2026-01-26,Om Sai Infra Pvt Ltd,Sanctioned,1597751.75,8,constituency + work_category,-0.45804111934160624,0.0,8,2,0.25,25.0,WS/31596/2023/00588,"CC road construction at Nehru Path ward, SRINAGAR",0.9543315118196722,95.43315118196722,0.0,7.5,23.858287795491805,31.358287795491805,Medium,12.234580384226492,False,Text Similarity,Project description has 0.95 semantic similarity with project WS/31596/2023/00588.,4.559254759302974,0
473,WS/90698/2025/00182,Jammu And Kashmir,BARAMULLAH,RAVI SHANKAR PRASAD JI,Community Hall,"Construction of community hall at Kisan Nagar, BARAMULLAH",3832559.83,2025-03-13,2025-09-28,National Builders & Contractors,Completed,3517762.94,6,constituency + work_category,8.948780670251763,2.982926890083921,6,1,0.16666666666666666,16.666666666666664,WS/32571/2024/00612,"Construction of community hall at Kisan Nagar, BARAMULLAH",1.0,100.0,1.3423171005377645,4.999999999999999,25.0,31.342317100537763,Medium,28.412537917087967,False,Text Similarity,Project description has 1.00 semantic similarity with project WS/32571/2024/00612.,78.07187905097415,1
474,WS/27888/2023/00781,West Bengal,KANTHI,PRIYA VERMA,Solar Light Installation,"Solar street light at Vivekanand Marg chowk parisar, KANTHI",168041.25,2023-05-09,2023-07-13,Bharat Infra Solutions,Completed,301057.32,20,state + work_category,-44.18297153512162,0.0,20,5,0.25,25.0,WS/67780/2024/00913,"Solar street light at Vivekanand Marg chowk parisar, AURANGABAD_MH",0.953560432801466,95.3560432801466,0.0,7.5,23.83901082003665,31.33901082003665,Medium,53.791708796764404,False,Text Similarity,Project description has 0.95 semantic similarity with project WS/67780/2024/00913.,4.005267577830102,0
475,WS/78271/2023/00794,Jammu And Kashmir,JAMMU,MEERA IYER,Water Supply / Handpump,"Water supply pipeline extension to Subhash Nagar area, JAMMU",814132.34,2023-08-16,2024-03-05,New India Construction Co.,Completed,717170.38,5,constituency + work_category,13.52007315193357,4.506691050644523,5,1,0.2,20.0,WS/70931/2025/00058,"Water supply pipeline extension to Subhash Nagar area, SRINAGAR",0.9316082577764087,93.16082577764087,2.0280109727900357,6.0,23.290206444410217,31.318217417200252,Medium,15.672396359959556,False,Text Similarity,Project description has 0.93 semantic similarity with project WS/70931/2025/00058.,6.564758404803553,0
476,WS/94717/2024/00973,West Bengal,MURSHIDABAD,ADV DEAN KURIAKOSE,Water Supply / Handpump,"Installation of handpump at Subhash Nagar village, SRINAGAR",423351.66,2024-09-13,2025-06-21,Om Sai Infra Pvt Ltd,Completed,400792.35,11,constituency + work_category,5.628677792877034,1.8762259309590115,11,2,0.18181818181818182,18.181818181818183,WS/39683/2023/00974,"Installation of handpump at Subhash Nagar village, SRINAGAR",1.0000000000000004,100.0,0.8443016689315552,5.454545454545455,25.0,31.29884712347701,Medium,30.83923154701719,False,Text Similarity,Project description has 1.00 semantic similarity with project WS/39683/2023/00974.,17.908062745540413,0
477,WS/59105/2025/00935,Kerala,KOTTAYAM,SANJAY DESHMUKH,School Building Repair,"Construction of additional classroom at Gandhi Chowk school, KOTTAYAM",1671191.0,2025-01-20,2025-10-09,Ganesh Engineering Works,Completed,1614055.3199999998,8,constituency + work_category,3.5398836267892095,1.1799612089297364,8,2,0.25,25.0,WS/27324/2023/00885,"Construction of additional classroom at Gandhi Chowk school, ATTINGAL",0.9304340219901777,93.04340219901776,0.5309825440183814,7.5,23.26085054975444,31.291833093772823,Medium,23.154701718907987,False,Text Similarity,Project description has 0.93 semantic similarity with project WS/27324/2023/00885.,5.294637705210364,0
478,WS/98696/2023/00001,Kerala,ATTINGAL,AASHTIKAR PATIL NAGESH BAPURAO,Water Supply / Handpump,"Installation of handpump at Kisan Nagar village, ATTINGAL",392520.52,2023-11-15,2024-03-25,Deep Construction Co.,Completed,472150.405,8,constituency + work_category,-16.86536412057086,0.0,8,2,0.25,25.0,WS/13314/2025/00942,"Installation of handpump at Kisan Nagar village, AURANGABAD_MH",0.9506602924793233,95.06602924793232,0.0,7.5,23.76650731198308,31.26650731198308,Medium,22.04246713852376,False,Text Similarity,Project description has 0.95 semantic similarity with project WS/13314/2025/00942.,4.38156626251202,0
479,WS/24769/2023/00570,Uttar Pradesh,LUCKNOW,MEERA IYER,Solar Light Installation,"Solar street light at Shanti Nagar chowk parisar, LUCKNOW",319262.49,2023-10-31,2024-05-19,Shree Balaji Construction Co.,Ongoing,290270.605,6,constituency + work_category,9.987881824961233,3.3292939416537446,6,1,0.16666666666666666,16.666666666666664,WS/86810/2024/00297,"Solar street light at Ram Nagar chowk parisar, LUCKNOW",0.9896933444050898,98.96933444050899,1.498182273744185,4.999999999999999,24.742333610127247,31.24051588387143,Medium,19.312436804853387,False,Text Similarity,Project description has 0.99 semantic similarity with project WS/86810/2024/00297.,4.686081950037769,0
480,WS/77537/2024/00319,Jammu And Kashmir,SRINAGAR,ADITYA YADAV,Solar Light Installation,"Solar street light at Shanti Nagar chowk parisar, SRINAGAR",242509.63,2024-08-09,2025-06-29,New India Construction Co.,Completed,262058.81,9,constituency + work_category,-7.4598446051098195,0.0,9,2,0.2222222222222222,22.22222222222222,WS/94466/2025/00651,"Solar street light at Subhash Nagar chowk parisar, SRINAGAR",0.9822810622498824,98.22810622498824,0.0,6.666666666666666,24.55702655624706,31.223693222913724,Medium,32.153690596562186,False,Text Similarity,Project description has 0.98 semantic similarity with project WS/94466/2025/00651.,4.8192274687787595,0
481,WS/36680/2024/00078,Maharashtra,NANDURBAR(ST),ANITA JOSHI,Community Hall,"Construction of community hall at Nehru Path, NANDURBAR(ST)",3056584.68,2024-08-23,2025-09-07,Metro Civil Works Pvt Ltd,Completed,2827636.605,6,constituency + work_category,8.09679980076507,2.69893326692169,6,1,0.16666666666666666,16.666666666666664,WS/41051/2025/00202,"Construction of community hall at Nehru Path, NANDURBAR(ST)",1.0,100.0,1.2145199701147604,4.999999999999999,25.0,31.214519970114758,Medium,26.895854398382202,False,Text Similarity,Project description has 1.00 semantic similarity with project WS/41051/2025/00202.,77.49503274358892,1
482,WS/28569/2024/00236,Kerala,IDUKKI,RAJESH KUMAR SHARMA,Road Construction,"Widening and strengthening of road near Vivekanand Marg village, IDUKKI",1620710.84,2024-01-28,2024-10-26,Om Sai Infra Pvt Ltd,Completed,1266207.67,6,constituency + work_category,27.99723760953053,9.332412536510176,6,1,0.16666666666666666,16.666666666666664,WS/93354/2023/00278,"Widening and strengthening of road near Kisan Nagar village, IDUKKI",0.8797561132154512,87.97561132154512,4.19958564142958,4.999999999999999,21.99390283038628,31.193488471815858,Medium,62.1840242669363,False,Text Similarity,Project description has 0.88 semantic similarity with project WS/93354/2023/00278.,4.754973806935162,0
483,WS/95990/2025/00131,Bihar,PATNA_SAHIB,ABU TAHER KHAN,Community Hall,"Multipurpose community centre building at Kisan Nagar panchayat, PATNA_SAHIB",1703754.97,2025-02-08,2025-06-20,New India Construction Co.,New Recommendation,2633655.8600000003,8,constituency + work_category,-35.308367510096794,0.0,8,2,0.25,25.0,WS/65771/2024/00062,"Multipurpose community centre building at Kisan Nagar panchayat, SRINAGAR",0.9476210641554399,94.762106415544,0.0,7.5,23.690526603886,31.190526603886,Medium,42.871587462082914,False,Text Similarity,Project description has 0.95 semantic similarity with project WS/65771/2024/00062.,3.7706657256372162,0
484,WS/52647/2024/00526,Jammu And Kashmir,JAMMU,ABHAY KUMAR SINHA,Water Supply / Handpump,"Water supply pipeline extension to Station Road area, JAMMU",851604.28,2024-11-08,2025-09-13,Om Sai Infra Pvt Ltd,Sanctioned,717170.38,5,constituency + work_category,18.74504354181499,6.248347847271663,5,1,0.2,20.0,WS/55029/2025/00537,"Water supply pipeline extension to Station Road area, SRINAGAR",0.8949691906679322,89.49691906679323,2.811756531272249,6.0,22.374229766698306,31.185986297970555,Medium,52.679474216380186,False,Text Similarity,Project description has 0.89 semantic similarity with project WS/55029/2025/00537.,6.357335409314835,0
485,WS/48466/2025/00955,Kerala,ATTINGAL,MEERA IYER,School Building Repair,"Construction of additional classroom at Gandhi Chowk school, VARANASI",1100504.72,2025-12-07,2026-10-24,Bharat Infra Solutions,Sanctioned,977273.97,7,constituency + work_category,12.609642104762086,4.203214034920696,7,1,0.14285714285714285,14.285714285714285,WS/38019/2025/00957,"Construction of additional classroom at Gandhi Chowk school, VARANASI",1.0000000000000002,100.0,1.891446315714313,4.285714285714286,25.0,31.177160601428596,Medium,41.6582406471183,False,Text Similarity,Project description has 1.00 semantic similarity with project WS/38019/2025/00957.,17.93392146388191,0
486,WS/76244/2025/00029,Kerala,IDUKKI,ADV DEAN KURIAKOSE,Community Hall,"Construction of community hall at Ambedkar Colony, IDUKKI",3012074.57,2025-04-04,2025-11-25,Ganesh Engineering Works,New Recommendation,3059487.83,7,constituency + work_category,-1.5497123255430711,0.0,7,2,0.2857142857142857,28.57142857142857,WS/41850/2023/00018,"Construction of community hall at Ambedkar Colony, AURANGABAD_MH",0.9040736351614531,90.40736351614531,0.0,8.571428571428571,22.601840879036327,31.1732694504649,Medium,58.64509605662285,False,Text Similarity,Project description has 0.90 semantic similarity with project WS/41850/2023/00018.,3.7029732255378525,0
487,WS/31157/2024/00728,Kerala,ERNAKULAM,RAJESH KUMAR SHARMA,Solar Light Installation,"Solar light installation near Kisan Nagar hanuman mandir, ERNAKULAM",321272.43,2024-11-20,2025-10-07,Bharat Infra Solutions,Completed,264186.325,8,constituency + work_category,21.608274008883686,7.202758002961228,8,1,0.125,12.5,WS/38919/2024/00881,"Solar light installation near Vivekanand Marg hanuman mandir, ERNAKULAM",0.9671870128721476,96.71870128721476,3.2412411013325526,3.75,24.17967532180369,31.17091642313624,Medium,27.30030333670374,False,Text Similarity,Project description has 0.97 semantic similarity with project WS/38919/2024/00881.,4.33483158088667,0
488,WS/31178/2025/00030,Maharashtra,NAGPUR,ADV DEAN KURIAKOSE,Road Construction,"CC road construction at Kisan Nagar ward, NAGPUR",806027.67,2025-05-29,2025-10-02,Progressive Engineers & Contractors,New Recommendation,1608217.0,8,constituency + work_category,-49.880664736164334,0.0,8,2,0.25,25.0,WS/79391/2024/00214,"CC road construction at Kisan Nagar ward, KANPUR",0.9463328653051192,94.63328653051192,0.0,7.5,23.65832163262798,31.15832163262798,Medium,57.73508594539939,False,Text Similarity,Project description has 0.95 semantic similarity with project WS/79391/2024/00214.,5.11508629575611,0
489,WS/76444/2023/00353,West Bengal,MURSHIDABAD,ABHAY KUMAR SINHA,Solar Light Installation,"Solar street light at Gandhi Chowk chowk parisar, MURSHIDABAD",272076.79,2023-12-03,2024-07-19,Bharat Infra Solutions,Completed,301057.32,20,state + work_category,-9.62624991147866,0.0,20,5,0.25,25.0,WS/54778/2024/00730,"Solar street light at Gandhi Chowk chowk parisar, KOTTAYAM",0.9445081854548336,94.45081854548336,0.0,7.5,23.61270463637084,31.11270463637084,Medium,17.593528816986854,False,Text Similarity,Project description has 0.94 semantic similarity with project WS/54778/2024/00730.,4.201929705572061,0
490,WS/28351/2025/00262,Kerala,IDUKKI,SANJAY DESHMUKH,Streetlight Installation,"LED streetlight installation along Ram Nagar road, IDUKKI",458954.78,2025-08-28,2026-02-15,Om Sai Infra Pvt Ltd,Completed,366428.14,26,state + work_category,25.250964622968098,8.416988207656033,26,2,0.07692307692307693,7.6923076923076925,WS/40427/2024/00221,"LED streetlight installation along Ram Nagar road, IDUKKI",1.0000000000000002,100.0,3.787644693445215,2.3076923076923075,25.0,31.095337001137523,Medium,73.50859453993934,False,Text Similarity,Project description has 1.00 semantic similarity with project WS/40427/2024/00221.,20.073487939637893,0
491,WS/59710/2025/00217,Bihar,GAYA,ABHAY KUMAR SINHA,Water Supply / Handpump,"Water supply pipeline extension to Subhash Nagar area, GAYA",894172.29,2025-01-25,2025-04-11,Om Sai Infra Pvt Ltd,Sanctioned,792124.59,5,constituency + work_category,12.882784007500646,4.294261335833549,5,1,0.2,20.0,WS/21300/2025/00269,"Water supply pipeline extension to Subhash Nagar area, ATTINGAL",0.9263198686687439,92.6319868668744,1.932417601125097,6.0,23.1579967167186,31.090414317843695,Medium,18.6046511627907,False,Text Similarity,Project description has 0.93 semantic similarity with project WS/21300/2025/00269.,5.9896676408127245,0
492,WS/59327/2023/00628,Uttar Pradesh,BADAUN,ABDUL RASHID SHEIKH,School Building Repair,"Repair and renovation of Govt. School building at Ambedkar Colony, BADAUN",1632175.94,2023-07-31,2024-04-12,Metro Civil Works Pvt Ltd,New Recommendation,1283055.99,8,constituency + work_category,27.210032354083,9.070010784694334,8,1,0.125,12.5,WS/27677/2024/00471,"Repair and renovation of Govt. School building at Ambedkar Colony, ATTINGAL",0.9301007858477909,93.0100785847791,4.081504853112451,3.75,23.252519646194774,31.084024499307226,Medium,33.9737108190091,False,Text Similarity,Project description has 0.93 semantic similarity with project WS/27677/2024/00471.,5.1929160104050895,0
493,WS/69048/2023/00070,Kerala,ATTINGAL,ADHIKARI SOUMENDU,Drainage / Nala,"Covered drain construction from Kisan Nagar to Bazaar Road, ATTINGAL",456432.19,2023-06-16,2023-11-03,Shree Balaji Construction Co.,Sanctioned,507526.095,12,constituency + work_category,-10.067246887078776,0.0,12,3,0.25,25.0,WS/78920/2024/00457,"Covered drain construction from Bazaar Road to Kisan Nagar, BARAMULLAH",0.9427715594489687,94.27715594489688,0.0,7.5,23.56928898622422,31.06928898622422,Medium,19.41354903943377,False,Text Similarity,Project description has 0.94 semantic similarity with project WS/78920/2024/00457.,4.192320684858738,0
494,WS/65363/2024/00364,Kerala,ATTINGAL,RAJESH KUMAR SHARMA,Streetlight Installation,"Installation of streetlights at Andouli chowk, ATTINGAL",366166.47,2024-11-05,2025-08-05,Progressive Engineers & Contractors,New Recommendation,324652.13,5,constituency + work_category,12.78733024175753,4.2624434139191765,5,1,0.2,20.0,WS/67732/2025/00474,"Installation of streetlights at Andouli chowk, AURANGABAD_BR",0.9258885116224889,92.58885116224889,1.9180995362636295,6.0,23.14721279056222,31.06531232682585,Medium,18.806875631951467,False,Text Similarity,Project description has 0.93 semantic similarity with project WS/67732/2025/00474.,5.7337753849204685,0
495,WS/59250/2024/00793,Jammu And Kashmir,JAMMU,ABHAY KUMAR SINHA,Road Construction,Construction of concrete road from Gandhi Chowk to Panchayat Bhavan Marg in JAMMU,1033844.32,2024-08-23,2025-03-22,Ganesh Engineering Works,Ongoing,1597751.75,8,constituency + work_category,-35.29380768946115,0.0,8,2,0.25,25.0,WS/74106/2023/00308,Construction of concrete road from Panchayat Bhavan Marg to Nehru Path in JAMMU,0.9423655833742135,94.23655833742134,0.0,7.5,23.559139584355336,31.059139584355336,Medium,47.21941354903944,False,Text Similarity,Project description has 0.94 semantic similarity with project WS/74106/2023/00308.,3.8202955044503244,0
496,WS/38919/2024/00881,Kerala,ERNAKULAM,ADV DEAN KURIAKOSE,Solar Light Installation,"Solar light installation near Vivekanand Marg hanuman mandir, ERNAKULAM",319180.37,2024-12-09,2025-11-16,Ganesh Engineering Works,Sanctioned,264186.325,8,constituency + work_category,20.816385935191757,6.938795311730585,8,1,0.125,12.5,WS/31157/2024/00728,"Solar light installation near Kisan Nagar hanuman mandir, ERNAKULAM",0.9671870128721476,96.71870128721476,3.1224578902787634,3.75,24.17967532180369,31.052133212082452,Medium,25.480283114256824,False,Text Similarity,Project description has 0.97 semantic similarity with project WS/31157/2024/00728.,4.3914503081734555,0
497,WS/99573/2023/00365,Maharashtra,NAGPUR,ABU TAHER KHAN,Road Construction,Construction of concrete road from Nehru Path to Shanti Nagar in NAGPUR,1939432.1,2023-10-22,2024-05-05,National Builders & Contractors,New Recommendation,1608217.0,8,constituency + work_category,20.59517465615648,6.8650582187188265,8,1,0.125,12.5,WS/28661/2023/00279,Construction of concrete road from Kisan Nagar to Nehru Path in NAGPUR,0.9679592162474074,96.79592162474074,3.089276198423472,3.75,24.198980406185186,31.038256604608655,Medium,26.693629929221434,False,Text Similarity,Project description has 0.97 semantic similarity with project WS/28661/2023/00279.,4.3914503081734555,0
498,WS/20336/2024/00161,Maharashtra,AURANGABAD_MH,ABU TAHER KHAN,Community Hall,"Multipurpose community centre building at Nehru Path panchayat, AURANGABAD_MH",1911642.7,2024-02-25,2024-08-18,New India Construction Co.,New Recommendation,2216905.62,5,constituency + work_category,-13.769775187813368,0.0,5,1,0.2,20.0,WS/72530/2024/00439,"Multipurpose community centre building at Nehru Path panchayat, AURANGABAD_MH",1.0,100.0,0.0,6.0,25.0,31.0,Medium,46.51162790697674,False,Text Similarity,Project description has 1.00 semantic similarity with project WS/72530/2024/00439.,72.78412229294565,1
499,WS/57973/2024/00873,Uttar Pradesh,LUCKNOW,ABDUL RASHID SHEIKH,Drainage / Nala,"Construction of drainage/nala near Ambedkar Colony area, LUCKNOW",472536.05,2024-10-15,2025-04-22,United Rural Builders,New Recommendation,472536.05,5,constituency + work_category,0.0,0.0,5,1,0.2,20.0,WS/81989/2024/00192,"Construction of drainage/nala near Ambedkar Colony area, LUCKNOW",1.0,100.0,0.0,6.0,25.0,31.0,Medium,31.951466127401417,False,Text Similarity,Project description has 1.00 semantic similarity with project WS/81989/2024/00192.,75.62960648085735,1
500,WS/65212/2024/00959,Bihar,PATNA_SAHIB,ADITYA YADAV,Drainage / Nala,"Covered drain construction from Station Road to Station Road, NAGPUR",344693.77,2024-08-18,2025-06-29,Shree Balaji Construction Co.,New Recommendation,843338.5,5,constituency + work_category,-59.12747135343637,0.0,5,1,0.2,20.0,WS/94366/2024/00960,"Covered drain construction from Station Road to Station Road, NAGPUR",1.0,100.0,0.0,6.0,25.0,31.0,Medium,81.90091001011123,False,Text Similarity,Project description has 1.00 semantic similarity with project WS/94366/2024/00960.,69.14473499265226,1
501,WS/28116/2024/00894,Jammu And Kashmir,SRINAGAR,RAJESH KUMAR SHARMA,Community Hall,"Multipurpose community centre building at Panchayat Bhavan Marg panchayat, SRINAGAR",2735516.19,2024-08-05,2025-05-03,Jai Hind Infrastructure,New Recommendation,3117342.315,10,constituency + work_category,-12.24845032779148,0.0,10,2,0.2,20.0,WS/64379/2025/00100,"Multipurpose community centre building at Panchayat Bhavan Marg panchayat, SRINAGAR",1.0,100.0,0.0,6.0,25.0,31.0,Medium,44.79271991911021,False,Text Similarity,Project description has 1.00 semantic similarity with project WS/64379/2025/00100.,72.78412229294565,1
502,WS/65550/2024/00740,Maharashtra,NAGPUR,ADITYA YADAV,Community Hall,"Construction of community hall at Ram Nagar, NAGPUR",1704522.25,2024-11-06,2025-01-17,Deep Construction Co.,Ongoing,3104768.22,5,constituency + work_category,-45.0998551511842,0.0,5,1,0.2,20.0,WS/93284/2024/00321,"Construction of community hall at Ram Nagar, NAGPUR",1.0000000000000002,100.0,0.0,6.0,25.0,31.0,Medium,72.59858442871587,False,Text Similarity,Project description has 1.00 semantic similarity with project WS/93284/2024/00321.,17.596407638336274,0
503,WS/67105/2023/00963,Uttar Pradesh,BADAUN,AASHTIKAR PATIL NAGESH BAPURAO,Community Hall,"Construction of community hall at Shanti Nagar, TAMLUK",343050.81,2023-04-11,2023-08-20,Om Sai Infra Pvt Ltd,New Recommendation,2546964.68,5,constituency + work_category,-86.53099461120128,0.0,5,1,0.2,20.0,WS/46002/2025/00961,"Construction of community hall at Shanti Nagar, TAMLUK",1.0000000000000002,100.0,0.0,6.0,25.0,31.0,Medium,90.69767441860465,True,Text Similarity,Project description has 1.00 semantic similarity with project WS/46002/2025/00961.,16.784910059716147,0
504,WS/39683/2023/00974,Maharashtra,HINGOLI,ABDUL RASHID SHEIKH,Water Supply / Handpump,"Installation of handpump at Subhash Nagar village, SRINAGAR",269780.21,2023-06-07,2024-05-04,Om Sai Infra Pvt Ltd,New Recommendation,698126.63,5,constituency + work_category,-61.35655074495582,0.0,5,1,0.2,20.0,WS/94717/2024/00973,"Installation of handpump at Subhash Nagar village, SRINAGAR",1.0000000000000004,100.0,0.0,6.0,25.0,31.0,Medium,82.91203235591507,False,Text Similarity,Project description has 1.00 semantic similarity with project WS/94717/2024/00973.,18.33074339304948,0
505,WS/42441/2024/00978,Jammu And Kashmir,JAMMU,AASHTIKAR PATIL NAGESH BAPURAO,Water Supply / Handpump,"Installation of handpump at Bazaar Road village, GAYA",308464.64,2024-07-29,2025-07-22,Shree Balaji Construction Co.,Sanctioned,717170.38,5,constituency + work_category,-56.988653100815455,0.0,5,1,0.2,20.0,WS/32312/2025/00976,"Installation of handpump at Bazaar Road village, GAYA",0.9999999999999999,99.99999999999999,0.0,6.0,24.999999999999996,30.999999999999996,Medium,80.88978766430738,False,Text Similarity,Project description has 1.00 semantic similarity with project WS/32312/2025/00976.,39.26771238014672,0
506,WS/75973/2024/00337,Maharashtra,NANDURBAR(ST),ADV ADOOR PRAKASH,Water Supply / Handpump,"Installation of handpump at Bazaar Road village, NANDURBAR(ST)",813889.59,2024-02-14,2024-06-19,Om Sai Infra Pvt Ltd,Sanctioned,635482.84,7,constituency + work_category,28.07420417520637,9.358068058402123,7,1,0.14285714285714285,14.285714285714285,WS/55157/2024/00473,"Installation of handpump at Bazaar Road village, ATTINGAL",0.9000879319789861,90.00879319789861,4.211130626280956,4.285714285714286,22.502198299474653,30.999043211469896,Medium,54.39838220424671,False,Text Similarity,Project description has 0.90 semantic similarity with project WS/55157/2024/00473.,5.474103721737281,0
507,WS/43767/2024/00820,Maharashtra,NAGPUR,AASHTIKAR PATIL NAGESH BAPURAO,Drainage / Nala,"Construction of drainage/nala near Panchayat Bhavan Marg area, NAGPUR",1136103.13,2024-02-29,2024-11-11,Bharat Infra Solutions,Ongoing,873497.0349999999,22,state + work_category,30.063764898755498,10.021254966251831,22,2,0.09090909090909091,9.090909090909092,WS/16259/2023/00784,"Construction of drainage/nala near Panchayat Bhavan Marg area, SRINAGAR",0.949665944663348,94.9665944663348,4.509564734813324,2.7272727272727275,23.7416486165837,30.97848607866975,Medium,33.56926188068756,False,Text Similarity,Project description has 0.95 semantic similarity with project WS/16259/2023/00784.,4.6084582140290715,0
508,WS/45811/2025/00148,Bihar,AURANGABAD_BR,ADITYA YADAV,Community Hall,"Multipurpose community centre building at Ram Nagar panchayat, AURANGABAD_BR",2392435.44,2025-06-08,2025-08-31,Progressive Engineers & Contractors,New Recommendation,3668526.11,13,constituency + work_category,-34.7848327021993,0.0,13,3,0.23076923076923078,23.076923076923077,WS/73068/2025/00798,"Multipurpose community centre building at Ram Nagar panchayat, LUCKNOW",0.9613700652000439,96.13700652000439,0.0,6.9230769230769225,24.034251630001098,30.95732855307802,Medium,45.19716885743175,False,Text Similarity,Project description has 0.96 semantic similarity with project WS/73068/2025/00798.,3.9155729844875045,0
509,WS/57428/2023/00122,Uttar Pradesh,KANPUR,SANJAY DESHMUKH,Community Hall,"Construction of community hall at Ram Nagar, KANPUR",1787933.43,2023-04-22,2023-12-04,National Builders & Contractors,Sanctioned,2130894.795,8,constituency + work_category,-16.09471128301292,0.0,8,2,0.25,25.0,WS/62183/2024/00408,"Construction of community hall at Kisan Nagar, KANPUR",0.9357752944950006,93.57752944950006,0.0,7.5,23.394382362375016,30.894382362375016,Medium,33.16481294236603,False,Text Similarity,Project description has 0.94 semantic similarity with project WS/62183/2024/00408.,4.379245420202446,0
510,WS/92764/2025/00940,Kerala,KOTTAYAM,SANJAY DESHMUKH,Drainage / Nala,"Covered drain construction from Bazaar Road to Subhash Nagar, KOTTAYAM",389620.13,2025-06-29,2025-10-31,Ganesh Engineering Works,Completed,747976.075,8,constituency + work_category,-47.9100812148303,0.0,8,2,0.25,25.0,WS/38758/2023/00293,"Covered drain construction from Bazaar Road to Subhash Nagar, BARAMULLAH",0.9349944200312462,93.49944200312463,0.0,7.5,23.374860500781157,30.874860500781157,Medium,64.20626895854399,False,Text Similarity,Project description has 0.93 semantic similarity with project WS/38758/2023/00293.,4.4174766500504425,0
511,WS/58467/2024/00972,Jammu And Kashmir,BARAMULLAH,PRIYA VERMA,Solar Light Installation,"Solar street light at Subhash Nagar chowk parisar, BARAMULLAH",343881.79,2024-03-07,2024-06-02,Metro Civil Works Pvt Ltd,New Recommendation,280850.19999999995,12,constituency + work_category,22.44313516600666,7.481045055335553,12,1,0.08333333333333333,8.333333333333332,WS/24444/2023/00970,"Solar street light at Subhash Nagar chowk parisar, BARAMULLAH",1.0,100.0,3.366470274900999,2.4999999999999996,25.0,30.866470274900998,Medium,69.36299292214359,False,Text Similarity,Project description has 1.00 semantic similarity with project WS/24444/2023/00970.,79.97397626250357,1
512,WS/93928/2025/00340,Kerala,ATTINGAL,ANITA JOSHI,Drainage / Nala,"Construction of drainage/nala near Nehru Path area, ATTINGAL",410845.78,2025-03-29,2026-04-26,Shree Balaji Construction Co.,Sanctioned,507526.095,12,constituency + work_category,-19.049328882291256,0.0,12,3,0.25,25.0,WS/56284/2025/00592,"Construction of drainage/nala near Nehru Path area, AURANGABAD_BR",0.9346394892437937,93.46394892437937,0.0,7.5,23.36598723109484,30.86598723109484,Medium,37.613751263902934,False,Text Similarity,Project description has 0.93 semantic similarity with project WS/56284/2025/00592.,4.287589098983081,0
513,WS/42370/2024/00868,Uttar Pradesh,KANPUR,ABDUL RASHID SHEIKH,Community Hall,"Construction of community hall at Vivekanand Marg, KANPUR",1775137.37,2024-04-07,2024-10-27,New India Construction Co.,Sanctioned,2130894.795,8,constituency + work_category,-16.695213007923268,0.0,8,2,0.25,25.0,WS/62699/2023/00857,"Construction of community hall at Vivekanand Marg, AURANGABAD_BR",0.9336436487388031,93.3643648738803,0.0,7.5,23.341091218470076,30.841091218470076,Medium,35.49039433771487,False,Text Similarity,Project description has 0.93 semantic similarity with project WS/62699/2023/00857.,4.315215710012268,0
514,WS/82529/2023/00065,Bihar,AURANGABAD_BR,ADV GOWAAL KAGADA PADAVI,Road Construction,Construction of concrete road from Nehru Path to Kisan Nagar in AURANGABAD_BR,2003631.43,2023-08-08,2024-02-24,Shree Balaji Construction Co.,Completed,1833857.06,5,constituency + work_category,9.257775521501108,3.0859251738337026,5,1,0.2,20.0,WS/28661/2023/00279,Construction of concrete road from Kisan Nagar to Nehru Path in NAGPUR,0.9354391976028427,93.54391976028427,1.3886663282251661,6.0,23.385979940071067,30.774646268296234,Medium,10.111223458038422,False,Text Similarity,Project description has 0.94 semantic similarity with project WS/28661/2023/00279.,5.701467173008756,0
515,WS/51472/2024/00925,Bihar,GAYA,PRIYA VERMA,Road Construction,"Widening and strengthening of road near Ram Nagar village, GAYA",1055860.68,2024-07-13,2024-11-25,Shree Balaji Construction Co.,Sanctioned,1252226.57,9,constituency + work_category,-15.681338721314637,0.0,9,2,0.2222222222222222,22.22222222222222,WS/81576/2025/00927,"Widening and strengthening of road near Shanti Nagar village, GAYA",0.9640271222186543,96.40271222186543,0.0,6.666666666666666,24.100678055466357,30.767344722133025,Medium,22.548028311425682,False,Text Similarity,Project description has 0.96 semantic similarity with project WS/81576/2025/00927.,4.948633169816937,0
516,WS/81576/2025/00927,Bihar,GAYA,PRIYA VERMA,Road Construction,"Widening and strengthening of road near Shanti Nagar village, GAYA",1171658.71,2025-12-28,2026-06-02,Shree Balaji Construction Co.,Sanctioned,1252226.57,9,constituency + work_category,-6.4339682554411946,0.0,9,2,0.2222222222222222,22.22222222222222,WS/51472/2024/00925,"Widening and strengthening of road near Ram Nagar village, GAYA",0.9640271222186543,96.40271222186543,0.0,6.666666666666666,24.100678055466357,30.767344722133025,Medium,15.267947421638016,False,Text Similarity,Project description has 0.96 semantic similarity with project WS/51472/2024/00925.,4.967817188854027,0
517,WS/27225/2025/00862,Kerala,IDUKKI,ADV K FRANCIS GEORGE,Solar Light Installation,"Solar light installation near Ram Nagar hanuman mandir, IDUKKI",367537.45,2025-09-19,2026-06-10,United Rural Builders,Sanctioned,324384.58,7,constituency + work_category,13.302996708413204,4.434332236137735,7,1,0.14285714285714285,14.285714285714285,WS/67503/2024/00451,"Solar light installation near Kisan Nagar hanuman mandir, IDUKKI",0.9793682901164034,97.93682901164034,1.9954495062619806,4.285714285714286,24.484207252910085,30.76537104488635,Medium,21.840242669362993,False,Text Similarity,Project description has 0.98 semantic similarity with project WS/67503/2024/00451.,4.188800321564163,0
518,WS/78690/2025/00455,Uttar Pradesh,LUCKNOW,ADV K FRANCIS GEORGE,Water Supply / Handpump,"Installation of handpump at Panchayat Bhavan Marg village, LUCKNOW",244339.23,2025-12-16,2026-11-16,Sri Lakshmi Contractors,Ongoing,590699.13,9,constituency + work_category,-58.63558661411945,0.0,9,2,0.2222222222222222,22.22222222222222,WS/27102/2024/00871,"Installation of handpump at Panchayat Bhavan Marg village, KOTTAYAM",0.9625292320879781,96.25292320879781,0.0,6.666666666666666,24.063230802199453,30.72989746886612,Medium,64.50960566228514,False,Text Similarity,Project description has 0.96 semantic similarity with project WS/27102/2024/00871.,5.960415723371103,0
519,WS/29321/2024/00748,Uttar Pradesh,KANPUR,ANITA JOSHI,Water Supply / Handpump,"Water supply pipeline extension to Ambedkar Colony area, KANPUR",728061.54,2024-02-13,2025-02-05,United Rural Builders,Ongoing,633314.98,6,constituency + work_category,14.96041669502276,4.986805565007587,6,1,0.16666666666666666,16.666666666666664,WS/33999/2025/00849,"Water supply pipeline extension to Ambedkar Colony area, AURANGABAD_BR",0.9383116328085315,93.83116328085315,2.244062504253414,4.999999999999999,23.457790820213287,30.7018533244667,Medium,4.448938321536906,False,Text Similarity,Project description has 0.94 semantic similarity with project WS/33999/2025/00849.,5.06663980286694,0
520,WS/55029/2025/00537,Jammu And Kashmir,SRINAGAR,ABHAY KUMAR SINHA,Water Supply / Handpump,"Water supply pipeline extension to Station Road area, SRINAGAR",643581.36,2025-06-26,2026-06-17,Bharat Infra Solutions,Completed,565222.72,5,constituency + work_category,13.86332099318301,4.6211069977276695,5,1,0.2,20.0,WS/70931/2025/00058,"Water supply pipeline extension to Subhash Nagar area, SRINAGAR",0.9046013173102705,90.46013173102705,2.0794981489774513,6.0,22.615032932756762,30.694531081734212,Medium,39.93933265925177,False,Text Similarity,Project description has 0.90 semantic similarity with project WS/70931/2025/00058.,5.483303537396143,0
521,WS/37621/2025/00897,Bihar,AURANGABAD_BR,ADV GOWAAL KAGADA PADAVI,School Building Repair,"Repair and renovation of Govt. School building at Gandhi Chowk, AURANGABAD_BR",601796.34,2025-08-21,2026-07-29,Sri Lakshmi Contractors,Ongoing,816376.1,9,constituency + work_category,-26.284424544030628,0.0,9,2,0.2222222222222222,22.22222222222222,WS/96858/2023/00391,"Repair and renovation of Govt. School building at Gandhi Chowk, KOTTAYAM",0.9601764434312274,96.01764434312274,0.0,6.666666666666666,24.004411085780685,30.671077752447353,Medium,31.850353892821033,False,Text Similarity,Project description has 0.96 semantic similarity with project WS/96858/2023/00391.,4.610350619751662,0
522,WS/45058/2023/00432,Kerala,ERNAKULAM,ABHAY KUMAR SINHA,Road Construction,"Widening and strengthening of road near Bazaar Road village, ERNAKULAM",1075399.13,2023-11-20,2024-06-27,New India Construction Co.,New Recommendation,1101828.375,20,state + work_category,-2.398671662453793,0.0,20,5,0.25,25.0,WS/13148/2023/00741,"Widening and strengthening of road near Bazaar Road village, SRINAGAR",0.9256564793605427,92.56564793605428,0.0,7.5,23.14141198401357,30.64141198401357,Medium,27.502527805864506,False,Text Similarity,Project description has 0.93 semantic similarity with project WS/13148/2023/00741.,3.66564229807558,0
523,WS/77632/2023/00238,Kerala,ATTINGAL,AASHTIKAR PATIL NAGESH BAPURAO,Solar Light Installation,"Solar light installation near Shanti Nagar hanuman mandir, ATTINGAL",220077.28,2023-07-21,2023-12-12,Deep Construction Co.,Ongoing,268886.61,5,constituency + work_category,-18.152384010494234,0.0,5,1,0.2,20.0,WS/23937/2024/00563,"Solar light installation near Ram Nagar hanuman mandir, ATTINGAL",0.9855287842649847,98.55287842649847,0.0,6.0,24.638219606624617,30.638219606624617,Medium,38.32153690596562,False,Text Similarity,Project description has 0.99 semantic similarity with project WS/23937/2024/00563.,3.80819499107983,0
524,WS/72419/2024/00917,West Bengal,HOWRAH,ABHIJIT GANGOPADHYAY,Community Hall,"Multipurpose community centre building at Ram Nagar panchayat, HOWRAH",2356058.86,2024-12-09,2025-10-13,Om Sai Infra Pvt Ltd,Ongoing,2356058.86,9,constituency + work_category,0.0,0.0,9,2,0.2222222222222222,22.22222222222222,WS/77009/2025/00864,"Multipurpose community centre building at Shanti Nagar panchayat, HOWRAH",0.9583811425219531,95.83811425219531,0.0,6.666666666666666,23.959528563048828,30.626195229715492,Medium,6.976744186046512,False,Text Similarity,Project description has 0.96 semantic similarity with project WS/77009/2025/00864.,6.111794991281201,0
525,WS/29476/2025/00082,Uttar Pradesh,VARANASI,AASHTIKAR PATIL NAGESH BAPURAO,Community Hall,"Multipurpose community centre building at Ambedkar Colony panchayat, VARANASI",3315127.46,2025-08-05,2026-07-31,Jai Hind Infrastructure,Sanctioned,2368873.495,24,state + work_category,39.94531438665955,13.315104795553182,24,1,0.041666666666666664,4.166666666666666,WS/43728/2024/00211,"Multipurpose community centre building at Ambedkar Colony panchayat, AURANGABAD_BR",0.9347574822652914,93.47574822652915,5.991797157998932,1.2499999999999998,23.368937056632287,30.61073421463122,Medium,70.07077856420626,False,Text Similarity,Project description has 0.93 semantic similarity with project WS/43728/2024/00211.,7.858646213160368,0
526,WS/27984/2025/00270,Uttar Pradesh,BADAUN,ADV GOWAAL KAGADA PADAVI,Water Supply / Handpump,"Installation of handpump at Kisan Nagar village, BADAUN",719185.46,2025-04-28,2025-09-24,Om Sai Infra Pvt Ltd,Completed,719185.46,9,constituency + work_category,0.0,0.0,9,2,0.2222222222222222,22.22222222222222,WS/66881/2024/00087,"Installation of handpump at Ram Nagar village, BADAUN",0.9568657770981188,95.68657770981189,0.0,6.666666666666666,23.92164442745297,30.58831109411964,Medium,6.268958543983821,False,Text Similarity,Project description has 0.96 semantic similarity with project WS/66881/2024/00087.,6.111794991281201,0
527,WS/41856/2023/00475,Kerala,KOTTAYAM,ABU TAHER KHAN,Solar Light Installation,"Solar street light at Bazaar Road chowk parisar, KOTTAYAM",354970.36,2023-06-27,2023-10-22,Deep Construction Co.,Completed,293516.93,9,constituency + work_category,20.936928578532076,6.978976192844026,9,1,0.1111111111111111,11.11111111111111,WS/15504/2023/00449,"Solar street light at Bazaar Road chowk parisar, AURANGABAD_BR",0.9643098386033067,96.43098386033067,3.140539286779812,3.333333333333333,24.107745965082668,30.581618585195812,Medium,30.1314459049545,False,Text Similarity,Project description has 0.96 semantic similarity with project WS/15504/2023/00449.,4.645337856636226,0
528,WS/79339/2025/00459,Bihar,GAYA,SANJAY DESHMUKH,Solar Light Installation,"Solar light installation near Andouli hanuman mandir, GAYA",229174.03,2025-03-26,2025-06-23,Jai Hind Infrastructure,New Recommendation,288691.87,9,constituency + work_category,-20.616389370438455,0.0,9,2,0.2222222222222222,22.22222222222222,WS/83724/2025/00696,"Solar light installation near Andouli hanuman mandir, ATTINGAL",0.9556729658255739,95.56729658255739,0.0,6.666666666666666,23.891824145639347,30.55849081230601,Medium,20.525783619817997,False,Text Similarity,Project description has 0.96 semantic similarity with project WS/83724/2025/00696.,4.683301400113136,0
529,WS/41270/2024/00524,Bihar,GAYA,ABHAY KUMAR SINHA,Solar Light Installation,"Solar light installation near Bazaar Road hanuman mandir, GAYA",205741.34,2024-07-16,2025-04-07,Jai Hind Infrastructure,Sanctioned,288691.87,9,constituency + work_category,-28.733240738646366,0.0,9,2,0.2222222222222222,22.22222222222222,WS/51120/2023/00654,"Solar light installation near Bazaar Road hanuman mandir, IDUKKI",0.9531058589552703,95.31058589552703,0.0,6.666666666666666,23.827646473881757,30.49431314054842,Medium,27.199191102123354,False,Text Similarity,Project description has 0.95 semantic similarity with project WS/51120/2023/00654.,4.691618100046602,0
530,WS/56284/2025/00592,Bihar,AURANGABAD_BR,ADV DEAN KURIAKOSE,Drainage / Nala,"Construction of drainage/nala near Nehru Path area, AURANGABAD_BR",735818.8,2025-12-20,2026-07-15,Shree Balaji Construction Co.,Ongoing,644435.71,6,constituency + work_category,14.18032684749889,4.726775615832963,6,1,0.16666666666666666,16.666666666666664,WS/93928/2025/00340,"Construction of drainage/nala near Nehru Path area, ATTINGAL",0.9346394892437937,93.46394892437937,2.1270490271248335,4.999999999999999,23.36598723109484,30.493036258219675,Medium,5.96562184024267,False,Text Similarity,Project description has 0.93 semantic similarity with project WS/93928/2025/00340.,5.393533388621738,0
531,WS/27601/2024/00028,Uttar Pradesh,VARANASI,ANITA JOSHI,Road Construction,Construction of concrete road from Nehru Path to Ram Nagar in VARANASI,1935367.45,2024-10-19,2025-05-20,Progressive Engineers & Contractors,Completed,2050184.63,8,constituency + work_category,-5.60033366360765,0.0,8,2,0.25,25.0,WS/24019/2024/00358,Construction of concrete road from Nehru Path to Bazaar Road in VARANASI,0.919603906723325,91.96039067233251,0.0,7.5,22.990097668083127,30.490097668083127,Medium,36.804853387259854,False,Text Similarity,Project description has 0.92 semantic similarity with project WS/24019/2024/00358.,4.083781504597715,0
532,WS/78494/2024/00068,Maharashtra,NANDURBAR(ST),ABHIJIT GANGOPADHYAY,Streetlight Installation,"LED streetlight installation along Subhash Nagar road, NANDURBAR(ST)",493999.55,2024-12-11,2025-12-11,Jai Hind Infrastructure,Ongoing,433442.515,6,constituency + work_category,13.971180238283726,4.657060079427908,6,1,0.16666666666666666,16.666666666666664,WS/27771/2025/00251,"LED streetlight installation along Subhash Nagar road, KOTTAYAM",0.935662191678008,93.5662191678008,2.095677035742559,4.999999999999999,23.3915547919502,30.487231827692757,Medium,5.358948432760364,False,Text Similarity,Project description has 0.94 semantic similarity with project WS/27771/2025/00251.,5.2544204790718725,0
533,WS/31090/2023/00304,Bihar,AURANGABAD_BR,ADV K FRANCIS GEORGE,Community Hall,"Construction of community hall at Kisan Nagar, AURANGABAD_BR",3879155.33,2023-06-15,2024-02-05,National Builders & Contractors,Sanctioned,3668526.11,13,constituency + work_category,5.741521627060198,1.9138405423533993,13,2,0.15384615384615385,15.384615384615385,WS/42088/2025/00914,"Construction of community hall at Kisan Nagar, AURANGABAD_BR",1.0000000000000004,100.0,0.8612282440590296,4.615384615384615,25.0,30.476612859443645,Medium,30.23255813953488,False,Text Similarity,Project description has 1.00 semantic similarity with project WS/42088/2025/00914.,18.117314242928284,0
534,WS/78864/2024/00371,Uttar Pradesh,VARANASI,VIKRAM SINGH RATHORE,Solar Light Installation,"Solar light installation near Gandhi Chowk hanuman mandir, VARANASI",300436.95,2024-04-01,2024-07-07,Deep Construction Co.,New Recommendation,278399.94,7,constituency + work_category,7.91559437836086,2.63853145945362,7,1,0.14285714285714285,14.285714285714285,WS/32427/2025/00877,"Solar light installation near Gandhi Chowk hanuman mandir, VARANASI",0.9999999999999998,99.99999999999997,1.187339156754129,4.285714285714286,24.999999999999993,30.473053442468405,Medium,36.70374115267948,False,Text Similarity,Project description has 1.00 semantic similarity with project WS/32427/2025/00877.,10.171671550064433,0
535,WS/55121/2025/00322,Jammu And Kashmir,SRINAGAR,VIKRAM SINGH RATHORE,Streetlight Installation,"Installation of streetlights at Shanti Nagar chowk, SRINAGAR",350746.54,2025-12-09,2026-10-07,Jai Hind Infrastructure,New Recommendation,449703.55,11,constituency + work_category,-22.004943034138826,0.0,11,2,0.18181818181818182,18.181818181818183,WS/52344/2023/00447,"Installation of streetlights at Shanti Nagar chowk, SRINAGAR",0.9999999999999998,99.99999999999997,0.0,5.454545454545455,24.999999999999993,30.454545454545446,Medium,48.02831142568251,False,Text Similarity,Project description has 1.00 semantic similarity with project WS/52344/2023/00447.,7.883161750724693,0
536,WS/89415/2024/00054,Jammu And Kashmir,SRINAGAR,ABHIJIT GANGOPADHYAY,Streetlight Installation,"Installation of streetlights at Bazaar Road chowk, SRINAGAR",576490.66,2024-07-20,2025-01-27,New India Construction Co.,Ongoing,449703.55,11,constituency + work_category,28.193486575767533,9.397828858589179,11,1,0.09090909090909091,9.090909090909092,WS/58777/2025/00843,"Installation of streetlights at Bazaar Road chowk, ERNAKULAM",0.93988496250317,93.988496250317,4.2290229863651305,2.7272727272727275,23.49712406257925,30.453419776217107,Medium,39.53488372093023,False,Text Similarity,Project description has 0.94 semantic similarity with project WS/58777/2025/00843.,4.8505215358598335,0
537,WS/88134/2023/00519,Maharashtra,NAGPUR,ABDUL RASHID SHEIKH,Road Construction,"CC road construction at Bazaar Road ward, NAGPUR",1452119.39,2023-06-28,2024-04-01,Sri Lakshmi Contractors,Ongoing,1608217.0,8,constituency + work_category,-9.706252949695228,0.0,8,2,0.25,25.0,WS/31178/2025/00030,"CC road construction at Kisan Nagar ward, NAGPUR",0.9178932010027189,91.7893201002719,0.0,7.5,22.947330025067973,30.447330025067973,Medium,43.174924165824066,False,Text Similarity,Project description has 0.92 semantic similarity with project WS/31178/2025/00030.,3.895420151570522,0
538,WS/18050/2024/00631,West Bengal,KANTHI,VIKRAM SINGH RATHORE,Streetlight Installation,"Installation of streetlights at Andouli chowk, KANTHI",586891.84,2024-12-22,2025-08-19,Bharat Infra Solutions,New Recommendation,516926.645,6,constituency + work_category,13.534840131910775,4.511613377303592,6,1,0.16666666666666666,16.666666666666664,WS/67732/2025/00474,"Installation of streetlights at Andouli chowk, AURANGABAD_BR",0.9359328170367482,93.59328170367482,2.030226019786616,4.999999999999999,23.398320425918705,30.428546445705322,Medium,4.752275025278059,False,Text Similarity,Project description has 0.94 semantic similarity with project WS/67732/2025/00474.,5.633259920335212,0
539,WS/82848/2024/00060,Jammu And Kashmir,SRINAGAR,ADITYA YADAV,Community Hall,"Construction of community hall at Andouli, SRINAGAR",3494580.89,2024-03-14,2024-10-03,Jai Hind Infrastructure,New Recommendation,3117342.315,10,constituency + work_category,12.101288112787838,4.033762704262613,10,2,0.2,20.0,WS/29481/2023/00289,"Construction of community hall at Andouli, ERNAKULAM",0.9037627596091778,90.37627596091778,1.815193216918176,6.0,22.594068990229445,30.40926220714762,Medium,39.23154701718908,False,Text Similarity,Project description has 0.90 semantic similarity with project WS/29481/2023/00289.,5.716672521353362,0
540,WS/58270/2024/00277,Maharashtra,PUNE,ADITYA YADAV,Community Hall,"Construction of community hall at Bazaar Road, PUNE",2909516.85,2024-02-06,2025-02-18,Ganesh Engineering Works,Sanctioned,2859576.19,8,constituency + work_category,1.746435719203556,0.5821452397345187,8,2,0.25,25.0,WS/41407/2025/00723,"Construction of community hall at Bazaar Road, SRINAGAR",0.9058204971725334,90.58204971725334,0.26196535788053343,7.5,22.645512429313335,30.40747778719387,Medium,45.70273003033367,False,Text Similarity,Project description has 0.91 semantic similarity with project WS/41407/2025/00723.,4.599653987804915,0
541,WS/46585/2024/00035,Bihar,AURANGABAD_BR,ADV ADOOR PRAKASH,Road Construction,"CC road construction at Vivekanand Marg ward, AURANGABAD_BR",1922056.41,2024-05-13,2024-12-27,Bharat Infra Solutions,Completed,1833857.06,5,constituency + work_category,4.809499710953473,1.6031665703178242,5,1,0.2,20.0,WS/47304/2024/00430,"CC road construction at Vivekanand Marg ward, VARANASI",0.9460239763684385,94.60239763684385,0.7214249566430209,6.0,23.65059940921096,30.37202436585398,Medium,2.5278058645096055,False,Text Similarity,Project description has 0.95 semantic similarity with project WS/47304/2024/00430.,6.66437019404999,0
542,WS/86122/2024/00280,Maharashtra,NANDURBAR(ST),ANITA JOSHI,School Building Repair,"Repair and renovation of Govt. School building at Ram Nagar, NANDURBAR(ST)",1381185.67,2024-04-16,2025-02-04,Deep Construction Co.,Completed,1180120.0899999999,18,state + work_category,17.03772198302294,5.679240661007647,18,2,0.1111111111111111,11.11111111111111,WS/36475/2024/00643,"Repair and renovation of Govt. School building at Shanti Nagar, NANDURBAR(ST)",0.978169404536672,97.8169404536672,2.555658297453441,3.333333333333333,24.4542351134168,30.343226744203577,Medium,38.82709807886754,False,Text Similarity,Project description has 0.98 semantic similarity with project WS/36475/2024/00643.,4.934343960850283,0
543,WS/47649/2025/00184,Maharashtra,AURANGABAD_MH,ADHIKARI SOUMENDU,School Building Repair,"Repair and renovation of Govt. School building at Vivekanand Marg, AURANGABAD_MH",1314049.92,2025-09-18,2026-07-18,Metro Civil Works Pvt Ltd,Ongoing,1224450.24,7,constituency + work_category,7.317543585927995,2.4391811953093314,7,1,0.14285714285714285,14.285714285714285,WS/97679/2025/00373,"Repair and renovation of Govt. School building at Vivekanand Marg, AURANGABAD_BR",0.9974396825409069,99.74396825409069,1.0976315378891992,4.285714285714286,24.935992063522672,30.319337887126157,Medium,33.367037411526795,False,Text Similarity,Project description has 1.00 semantic similarity with project WS/97679/2025/00373.,5.8975205062910305,0
544,WS/93165/2024/00334,Jammu And Kashmir,SRINAGAR,ADHIKARI SOUMENDU,Solar Light Installation,"Solar street light at Andouli chowk parisar, SRINAGAR",128284.01,2024-03-06,2025-03-24,National Builders & Contractors,New Recommendation,262058.81,9,constituency + work_category,-51.04762553107831,0.0,9,2,0.2222222222222222,22.22222222222222,WS/83044/2023/00205,"Solar street light at Station Road chowk parisar, SRINAGAR",0.9459870059580269,94.59870059580268,0.0,6.666666666666666,23.64967514895067,30.316341815617335,Medium,49.140546006066735,False,Text Similarity,Project description has 0.95 semantic similarity with project WS/83044/2023/00205.,4.477928145336031,0
545,WS/43792/2024/00417,Jammu And Kashmir,SRINAGAR,MEERA IYER,Water Supply / Handpump,"Installation of handpump at Ram Nagar village, SRINAGAR",522504.31,2024-11-21,2025-02-03,Metro Civil Works Pvt Ltd,Completed,565222.72,5,constituency + work_category,-7.557801285836489,0.0,5,1,0.2,20.0,WS/94717/2024/00973,"Installation of handpump at Subhash Nagar village, SRINAGAR",0.9709345445362478,97.09345445362479,0.0,6.0,24.273363613406197,30.273363613406197,Medium,14.560161779575328,False,Text Similarity,Project description has 0.97 semantic similarity with project WS/94717/2024/00973.,5.13445774831715,0
546,WS/10235/2025/00299,Jammu And Kashmir,JAMMU,ADHIKARI SOUMENDU,School Building Repair,"Construction of additional classroom at Kisan Nagar school, JAMMU",829552.52,2025-03-06,2025-10-02,National Builders & Contractors,Ongoing,1324833.8900000001,14,state + work_category,-37.38441277343834,0.0,14,3,0.21428571428571427,21.428571428571427,WS/51853/2024/00165,"Construction of additional classroom at Kisan Nagar school, SRINAGAR",0.9537406618455972,95.37406618455972,0.0,6.428571428571428,23.84351654613993,30.272087974711358,Medium,34.47927199191102,False,Text Similarity,Project description has 0.95 semantic similarity with project WS/51853/2024/00165.,4.646734473362189,0
547,WS/46587/2023/00782,West Bengal,HOWRAH,ABHAY KUMAR SINHA,Road Construction,Construction of concrete road from Shanti Nagar to Shanti Nagar in HOWRAH,1732328.52,2023-12-05,2024-09-14,National Builders & Contractors,Sanctioned,1703447.29,10,constituency + work_category,1.6954578030999705,0.5651526010333234,10,2,0.2,20.0,WS/60986/2024/00774,Construction of concrete road from Gandhi Chowk to Shanti Nagar in HOWRAH,0.960340988446184,96.0340988446184,0.25431867046499557,6.0,24.0085247111546,30.262843381619597,Medium,4.246713852376137,False,Text Similarity,Project description has 0.96 semantic similarity with project WS/60986/2024/00774.,6.8135632634225995,0
548,WS/16380/2025/00673,Bihar,AURANGABAD_BR,MEERA IYER,Community Hall,"Multipurpose community centre building at Panchayat Bhavan Marg panchayat, AURANGABAD_BR",3868545.99,2025-04-21,2026-04-07,National Builders & Contractors,Ongoing,3668526.11,13,constituency + work_category,5.452322649544953,1.8174408831816509,13,2,0.15384615384615385,15.384615384615385,WS/73463/2023/00835,"Multipurpose community centre building at Panchayat Bhavan Marg panchayat, AURANGABAD_MH",0.9920857118840387,99.20857118840387,0.8178483974317429,4.615384615384615,24.802142797100966,30.235375809917326,Medium,21.1324570273003,False,Text Similarity,Project description has 0.99 semantic similarity with project WS/73463/2023/00835.,5.998975950329292,0
549,WS/27796/2025/00533,Jammu And Kashmir,BARAMULLAH,ABHAY KUMAR SINHA,Water Supply / Handpump,"Water supply pipeline extension to Ram Nagar area, BARAMULLAH",210995.46,2025-04-08,2026-02-11,Progressive Engineers & Contractors,Sanctioned,503772.11,9,constituency + work_category,-58.116883445572256,0.0,9,2,0.2222222222222222,22.22222222222222,WS/82516/2023/00689,"Water supply pipeline extension to Ram Nagar area, KANPUR",0.9416161534499263,94.16161534499264,0.0,6.666666666666666,23.54040383624816,30.207070502914824,Medium,59.45399393326593,False,Text Similarity,Project description has 0.94 semantic similarity with project WS/82516/2023/00689.,4.483085766304887,0
550,WS/73060/2025/00685,Maharashtra,NANDURBAR(ST),ABHIJIT GANGOPADHYAY,Solar Light Installation,"Solar light installation near Panchayat Bhavan Marg hanuman mandir, NANDURBAR(ST)",105559.84,2025-12-19,2026-05-24,Shree Balaji Construction Co.,Ongoing,320745.58,15,state + work_category,-67.08923003709046,0.0,15,3,0.2,20.0,WS/40254/2023/00625,"Solar light installation near Panchayat Bhavan Marg hanuman mandir, VARANASI",0.9670098025626606,96.70098025626605,0.0,6.0,24.175245064066512,30.175245064066512,Medium,67.54297269969666,False,Text Similarity,Project description has 0.97 semantic similarity with project WS/40254/2023/00625.,5.752116107671154,0
551,WS/47298/2024/00186,Jammu And Kashmir,JAMMU,ADV GOWAAL KAGADA PADAVI,Road Construction,"CC road construction at Ambedkar Colony ward, JAMMU",815754.19,2024-11-02,2025-11-05,Om Sai Infra Pvt Ltd,New Recommendation,1597751.75,8,constituency + work_category,-48.943620934854245,0.0,8,2,0.25,25.0,WS/23621/2023/00376,"CC road construction at Gandhi Chowk ward, JAMMU",0.9069316474143374,90.69316474143375,0.0,7.5,22.673291185358437,30.173291185358437,Medium,81.79979777553083,False,Text Similarity,Project description has 0.91 semantic similarity with project WS/23621/2023/00376.,3.3391544546644933,0
552,WS/24534/2024/00118,West Bengal,HOWRAH,SANJAY DESHMUKH,Community Hall,"Multipurpose community centre building at Nehru Path panchayat, HOWRAH",2038922.41,2024-09-06,2025-01-02,New India Construction Co.,Sanctioned,2356058.86,9,constituency + work_category,-13.460463801825393,0.0,9,2,0.2222222222222222,22.22222222222222,WS/72419/2024/00917,"Multipurpose community centre building at Ram Nagar panchayat, HOWRAH",0.9401500247209883,94.01500247209883,0.0,6.666666666666666,23.503750618024707,30.170417284691375,Medium,16.177957532861477,False,Text Similarity,Project description has 0.94 semantic similarity with project WS/72419/2024/00917.,4.878671207075237,0
553,WS/29548/2023/00345,Jammu And Kashmir,BARAMULLAH,AASHTIKAR PATIL NAGESH BAPURAO,Water Supply / Handpump,"Installation of handpump at Ram Nagar village, BARAMULLAH",262301.99,2023-07-23,2024-07-10,Progressive Engineers & Contractors,Sanctioned,503772.11,9,constituency + work_category,-47.932411343692685,0.0,9,2,0.2222222222222222,22.22222222222222,WS/76005/2023/00907,"Installation of handpump at Ram Nagar village, LUCKNOW",0.9395717170646894,93.95717170646894,0.0,6.666666666666666,23.489292926617235,30.155959593283903,Medium,51.76946410515673,False,Text Similarity,Project description has 0.94 semantic similarity with project WS/76005/2023/00907.,5.045107565128363,0
554,WS/98826/2024/00323,Bihar,AURANGABAD_BR,PRIYA VERMA,Road Construction,"CC road construction at Gandhi Chowk ward, AURANGABAD_BR",1076942.59,2024-11-06,2025-04-24,Ganesh Engineering Works,Ongoing,1833857.06,5,constituency + work_category,-41.27445298272047,0.0,5,1,0.2,20.0,WS/83563/2023/00002,"CC road construction at Gandhi Chowk ward, KANPUR",0.9646941358493468,96.46941358493468,0.0,6.0,24.11735339623367,30.11735339623367,Medium,43.377148634984835,False,Text Similarity,Project description has 0.96 semantic similarity with project WS/83563/2023/00002.,4.703519234518982,0
555,WS/25203/2025/00543,Kerala,ERNAKULAM,ADHIKARI SOUMENDU,Drainage / Nala,"Covered drain construction from Andouli to Shanti Nagar, ERNAKULAM",819981.65,2025-08-10,2026-04-03,Shree Balaji Construction Co.,New Recommendation,690293.3200000001,26,state + work_category,18.787423583933847,6.26247452797795,26,4,0.15384615384615385,15.384615384615385,WS/40007/2023/00017,"Covered drain construction from Ram Nagar to Andouli, AURANGABAD_MH",0.9067474868580911,90.67474868580912,2.8181135375900777,4.615384615384615,22.66868717145228,30.102185324426973,Medium,35.18705763397371,False,Text Similarity,Project description has 0.91 semantic similarity with project WS/40007/2023/00017.,5.046212488323802,0
556,WS/36337/2024/00810,Jammu And Kashmir,SRINAGAR,ADHIKARI SOUMENDU,Streetlight Installation,"Installation of streetlights at Andouli chowk, SRINAGAR",576817.49,2024-07-05,2025-06-20,Ganesh Engineering Works,Ongoing,449703.55,11,constituency + work_category,28.266163342495297,9.422054447498434,11,1,0.09090909090909091,9.090909090909092,WS/52344/2023/00447,"Installation of streetlights at Shanti Nagar chowk, SRINAGAR",0.9252798246305636,92.52798246305636,4.239924501374295,2.7272727272727275,23.13199561576409,30.099192844411114,Medium,51.870576339737106,False,Text Similarity,Project description has 0.93 semantic similarity with project WS/52344/2023/00447.,4.787397676472538,0
557,WS/29481/2023/00289,Kerala,ERNAKULAM,ADHIKARI SOUMENDU,Community Hall,"Construction of community hall at Andouli, ERNAKULAM",2036790.26,2023-10-09,2024-04-26,Bharat Infra Solutions,Sanctioned,2323014.515,12,constituency + work_category,-12.32124264191264,0.0,12,3,0.25,25.0,WS/82848/2024/00060,"Construction of community hall at Andouli, SRINAGAR",0.9037627596091778,90.37627596091778,0.0,7.5,22.594068990229445,30.094068990229445,Medium,56.926188068756325,False,Text Similarity,Project description has 0.90 semantic similarity with project WS/82848/2024/00060.,2.86928874104878,0
558,WS/96652/2024/00397,Uttar Pradesh,VARANASI,ADITYA YADAV,Drainage / Nala,"Covered drain construction from Gandhi Chowk to Subhash Nagar, VARANASI",468215.11,2024-04-05,2025-04-08,Deep Construction Co.,Completed,655737.06,5,constituency + work_category,-28.597125500272934,0.0,5,1,0.2,20.0,WS/49507/2024/00119,"Covered drain construction from Gandhi Chowk to Shanti Nagar, VARANASI",0.9623557120623554,96.23557120623553,0.0,6.0,24.058892801558883,30.058892801558883,Medium,26.79474216380182,False,Text Similarity,Project description has 0.96 semantic similarity with project WS/49507/2024/00119.,4.865466993067249,0
559,WS/13809/2025/00572,Uttar Pradesh,KANPUR,ABDUL RASHID SHEIKH,Road Construction,Construction of concrete road from Ambedkar Colony to Station Road in KANPUR,2058708.7,2025-11-03,2026-10-04,National Builders & Contractors,Ongoing,1592765.25,6,constituency + work_category,29.253742822427846,9.75124760747595,6,1,0.16666666666666666,16.666666666666664,WS/20142/2023/00946,Construction of concrete road from Ambedkar Colony to Vivekanand Marg in AURANGABAD_MH,0.8265438446129432,82.65438446129431,4.388061423364178,4.999999999999999,20.66359611532358,30.051657538687756,Medium,88.57431749241658,False,Text Similarity,Project description has 0.83 semantic similarity with project WS/20142/2023/00946.,3.7514087445465694,0
560,WS/28700/2025/00848,West Bengal,MURSHIDABAD,ADV DEAN KURIAKOSE,Road Construction,"CC road construction at Subhash Nagar ward, MURSHIDABAD",1967319.19,2025-03-31,2025-08-17,Progressive Engineers & Contractors,Ongoing,1708633.99,7,constituency + work_category,15.139883761764564,5.046627920588188,7,1,0.14285714285714285,14.285714285714285,WS/57948/2024/00390,"CC road construction at Subhash Nagar ward, KANPUR",0.9394843721675019,93.9484372167502,2.270982564264685,4.285714285714286,23.48710930418755,30.043806154166518,Medium,9.403437815975733,False,Text Similarity,Project description has 0.94 semantic similarity with project WS/57948/2024/00390.,4.999356047544739,0
561,WS/79226/2024/00218,Maharashtra,HINGOLI,ADHIKARI SOUMENDU,Road Construction,Construction of concrete road from Andouli to Gandhi Chowk in HINGOLI,1649759.27,2024-06-18,2025-07-13,New India Construction Co.,Completed,1601999.8,5,constituency + work_category,2.981240696784105,0.993746898928035,5,1,0.2,20.0,WS/46428/2023/00598,Construction of concrete road from Gandhi Chowk to Andouli in AURANGABAD_BR,0.9436352051001737,94.36352051001737,0.44718610451761576,6.0,23.59088012750434,30.038066232021958,Medium,2.8311425682507583,False,Text Similarity,Project description has 0.94 semantic similarity with project WS/46428/2023/00598.,6.286600696384801,0
562,WS/54540/2023/00754,Bihar,AURANGABAD_BR,AASHTIKAR PATIL NAGESH BAPURAO,Drainage / Nala,"Construction of drainage/nala near Station Road area, AURANGABAD_BR",478042.49,2023-09-26,2024-03-16,Bharat Infra Solutions,Ongoing,644435.71,6,constituency + work_category,-25.819987536072446,0.0,6,1,0.16666666666666666,16.666666666666664,WS/12441/2025/00389,"Construction of drainage/nala near Station Road area, AURANGABAD_BR",1.0000000000000004,100.0,0.0,4.999999999999999,25.0,30.0,Medium,46.41051567239636,False,Text Similarity,Project description has 1.00 semantic similarity with project WS/12441/2025/00389.,19.144274135883354,0
563,WS/26637/2025/00271,West Bengal,KANTHI,ANITA JOSHI,Streetlight Installation,"Installation of streetlights at Kisan Nagar chowk, KANTHI",502344.2,2025-04-08,2025-10-17,National Builders & Contractors,New Recommendation,516926.645,6,constituency + work_category,-2.8209892333950024,0.0,6,1,0.16666666666666666,16.666666666666664,WS/63950/2025/00807,"Installation of streetlights at Kisan Nagar chowk, KANTHI",1.0,100.0,0.0,4.999999999999999,25.0,30.0,Medium,20.930232558139537,False,Text Similarity,Project description has 1.00 semantic similarity with project WS/63950/2025/00807.,74.80711486529762,1
564,WS/61576/2023/00656,Bihar,AURANGABAD_BR,ADV K FRANCIS GEORGE,Solar Light Installation,"Solar light installation near Subhash Nagar hanuman mandir, AURANGABAD_BR",198629.07,2023-06-26,2024-03-24,New India Construction Co.,Ongoing,298203.85,12,constituency + work_category,-33.391513892258594,0.0,12,2,0.16666666666666666,16.666666666666664,WS/70210/2024/00514,"Solar light installation near Subhash Nagar hanuman mandir, AURANGABAD_BR",1.0000000000000004,100.0,0.0,4.999999999999999,25.0,30.0,Medium,53.1850353892821,False,Text Similarity,Project description has 1.00 semantic similarity with project WS/70210/2024/00514.,18.67368590058924,0
565,WS/97797/2023/00351,West Bengal,TAMLUK,ABHAY KUMAR SINHA,Community Hall,"Construction of community hall at Vivekanand Marg, TAMLUK",3137433.92,2023-04-13,2024-03-06,Deep Construction Co.,Ongoing,3226904.3049999997,6,constituency + work_category,-2.7726383103883148,0.0,6,1,0.16666666666666666,16.666666666666664,WS/81766/2025/00714,"Construction of community hall at Vivekanand Marg, TAMLUK",1.0,100.0,0.0,4.999999999999999,25.0,30.0,Medium,20.82912032355915,False,Text Similarity,Project description has 1.00 semantic similarity with project WS/81766/2025/00714.,75.32652138022749,1
566,WS/84743/2024/00718,Uttar Pradesh,BADAUN,RAVI SHANKAR PRASAD JI,Road Construction,"Widening and strengthening of road near Station Road village, BADAUN",1127125.45,2024-12-24,2025-11-26,Jai Hind Infrastructure,Completed,1251443.99,6,constituency + work_category,-9.934007513991899,0.0,6,1,0.16666666666666666,16.666666666666664,WS/96200/2024/00077,"Widening and strengthening of road near Station Road village, BADAUN",1.0000000000000004,100.0,0.0,4.999999999999999,25.0,30.0,Medium,29.92922143579373,False,Text Similarity,Project description has 1.00 semantic similarity with project WS/96200/2024/00077.,17.70524312927581,0
567,WS/94366/2024/00960,Jammu And Kashmir,JAMMU,ADV K FRANCIS GEORGE,Drainage / Nala,"Covered drain construction from Station Road to Station Road, NAGPUR",322285.88,2024-11-11,2025-01-20,Bharat Infra Solutions,Completed,837027.615,6,constituency + work_category,-61.49638623332636,0.0,6,1,0.16666666666666666,16.666666666666664,WS/65212/2024/00959,"Covered drain construction from Station Road to Station Road, NAGPUR",1.0,100.0,0.0,4.999999999999999,25.0,30.0,Medium,75.6319514661274,False,Text Similarity,Project description has 1.00 semantic similarity with project WS/65212/2024/00959.,69.21276207478121,1
568,WS/98987/2023/00989,West Bengal,TAMLUK,ADV DEAN KURIAKOSE,Community Hall,"Construction of community hall at Vivekanand Marg, TAMLUK",2992596.98,2023-09-25,2023-09-27,Sri Lakshmi Contractors,Completed,3226904.3049999997,6,constituency + work_category,-7.261055886812229,0.0,6,1,0.16666666666666666,16.666666666666664,WS/81766/2025/00714,"Construction of community hall at Vivekanand Marg, TAMLUK",1.0,100.0,0.0,4.999999999999999,25.0,30.0,Medium,25.176946410515672,False,Text Similarity,Project description has 1.00 semantic similarity with project WS/81766/2025/00714.,75.16394360976805,1
569,WS/64154/2025/00731,Maharashtra,NANDURBAR(ST),AASHTIKAR PATIL NAGESH BAPURAO,Streetlight Installation,"LED streetlight installation along Station Road road, NANDURBAR(ST)",364438.03,2025-10-10,2025-12-13,Progressive Engineers & Contractors,Ongoing,433442.515,6,constituency + work_category,-15.92010073123537,0.0,6,1,0.16666666666666666,16.666666666666664,WS/69372/2025/00528,"LED streetlight installation along Station Road road, NANDURBAR(ST)",1.0,100.0,0.0,4.999999999999999,25.0,30.0,Medium,35.99595551061678,False,Text Similarity,Project description has 1.00 semantic similarity with project WS/69372/2025/00528.,74.35055457752613,1
570,WS/81766/2025/00714,West Bengal,TAMLUK,ADV GOWAAL KAGADA PADAVI,Community Hall,"Construction of community hall at Vivekanand Marg, TAMLUK",2038953.64,2025-07-17,2026-05-23,Shree Balaji Construction Co.,Completed,3226904.3049999997,6,constituency + work_category,-36.81394155876587,0.0,6,1,0.16666666666666666,16.666666666666664,WS/97797/2023/00351,"Construction of community hall at Vivekanand Marg, TAMLUK",1.0,100.0,0.0,4.999999999999999,25.0,30.0,Medium,56.52173913043478,False,Text Similarity,Project description has 1.00 semantic similarity with project WS/97797/2023/00351.,74.03767169409706,1
571,WS/32571/2024/00612,Jammu And Kashmir,BARAMULLAH,VIKRAM SINGH RATHORE,Community Hall,"Construction of community hall at Kisan Nagar, BARAMULLAH",2278933.66,2024-04-06,2024-08-15,Metro Civil Works Pvt Ltd,New Recommendation,3517762.94,6,constituency + work_category,-35.216394655633046,0.0,6,1,0.16666666666666666,16.666666666666664,WS/90698/2025/00182,"Construction of community hall at Kisan Nagar, BARAMULLAH",1.0,100.0,0.0,4.999999999999999,25.0,30.0,Medium,55.308392315470165,False,Text Similarity,Project description has 1.00 semantic similarity with project WS/90698/2025/00182.,74.62611714441734,1
572,WS/55977/2024/00979,Uttar Pradesh,LUCKNOW,ABU TAHER KHAN,Solar Light Installation,"Solar light installation near Andouli hanuman mandir, VARANASI",132868.53,2024-02-06,2024-09-24,Metro Civil Works Pvt Ltd,Sanctioned,290270.605,6,constituency + work_category,-54.225978204027925,0.0,6,1,0.16666666666666666,16.666666666666664,WS/24779/2024/00980,"Solar light installation near Andouli hanuman mandir, VARANASI",0.9999999999999999,99.99999999999999,0.0,4.999999999999999,24.999999999999996,29.999999999999996,Medium,70.77856420626895,False,Text Similarity,Project description has 1.00 semantic similarity with project WS/24779/2024/00980.,41.60387396323456,0
573,WS/37521/2024/00878,Bihar,AURANGABAD_BR,ABU TAHER KHAN,Community Hall,"Construction of community hall at Station Road, AURANGABAD_BR",3818119.89,2024-01-02,2024-03-28,Progressive Engineers & Contractors,Ongoing,3668526.11,13,constituency + work_category,4.077762445038187,1.359254148346062,13,3,0.23076923076923078,23.076923076923077,WS/92245/2023/00887,"Construction of community hall at Station Road, KANPUR",0.8981616708117464,89.81616708117464,0.611664366755728,6.9230769230769225,22.45404177029366,29.98878306012631,Medium,47.52275025278059,False,Text Similarity,Project description has 0.90 semantic similarity with project WS/92245/2023/00887.,5.472163442764856,0
574,WS/44116/2025/00155,Maharashtra,HINGOLI,ADHIKARI SOUMENDU,School Building Repair,"Repair and renovation of Govt. School building at Kisan Nagar, HINGOLI",1124843.38,2025-10-22,2026-10-04,Om Sai Infra Pvt Ltd,New Recommendation,1134959.65,5,constituency + work_category,-0.8913330090633637,0.0,5,1,0.2,20.0,WS/29815/2024/00695,"Repair and renovation of Govt. School building at Kisan Nagar, AURANGABAD_MH",0.9590870194871407,95.90870194871407,0.0,6.0,23.977175487178517,29.977175487178517,Medium,3.842264914054601,False,Text Similarity,Project description has 0.96 semantic similarity with project WS/29815/2024/00695.,5.662298155016531,0
575,WS/39937/2025/00273,Maharashtra,NAGPUR,ADHIKARI SOUMENDU,Community Hall,"Construction of community hall at Kisan Nagar, NAGPUR",1893274.95,2025-05-31,2025-09-20,Jai Hind Infrastructure,Completed,3104768.22,5,constituency + work_category,-39.020409388240914,0.0,5,1,0.2,20.0,WS/65550/2024/00740,"Construction of community hall at Ram Nagar, NAGPUR",0.9586210299344526,95.86210299344526,0.0,6.0,23.965525748361316,29.965525748361316,Medium,34.78260869565217,False,Text Similarity,Project description has 0.96 semantic similarity with project WS/65550/2024/00740.,4.943365543791887,0
576,WS/86486/2025/00670,Jammu And Kashmir,JAMMU,ANITA JOSHI,Solar Light Installation,"Solar light installation near Andouli hanuman mandir, JAMMU",195477.04,2025-09-29,2026-11-02,Jai Hind Infrastructure,Ongoing,261967.02,5,constituency + work_category,-25.381049874140636,0.0,5,1,0.2,20.0,WS/35369/2024/00505,"Solar light installation near Andouli hanuman mandir, KANPUR",0.9584099702794053,95.84099702794053,0.0,6.0,23.960249256985133,29.960249256985133,Medium,19.514661274014156,False,Text Similarity,Project description has 0.96 semantic similarity with project WS/35369/2024/00505.,4.943365543791887,0
577,WS/59326/2025/00395,West Bengal,HOWRAH,RAJESH KUMAR SHARMA,Streetlight Installation,"LED streetlight installation along Gandhi Chowk road, HOWRAH",444001.45,2025-08-03,2025-11-10,United Rural Builders,New Recommendation,427198.58,5,constituency + work_category,3.9332691602111587,1.3110897200703862,5,1,0.2,20.0,WS/92716/2023/00826,"LED streetlight installation along Gandhi Chowk road, VARANASI",0.934431291334475,93.4431291334475,0.5899903740316738,6.0,23.360782283361875,29.95077265739355,Medium,7.17896865520728,False,Text Similarity,Project description has 0.93 semantic similarity with project WS/92716/2023/00826.,6.24059346164227,0
578,WS/38266/2025/00141,West Bengal,MURSHIDABAD,VIKRAM SINGH RATHORE,School Building Repair,"Construction of additional classroom at Shanti Nagar school, MURSHIDABAD",1261487.56,2025-10-14,2026-01-22,Shree Balaji Construction Co.,New Recommendation,1021864.43,9,constituency + work_category,23.449600843822303,7.816533614607435,9,1,0.1111111111111111,11.11111111111111,WS/29887/2024/00067,"Construction of additional classroom at Shanti Nagar school, TAMLUK",0.9236396130529345,92.36396130529346,3.5174401265733457,3.333333333333333,23.090990326323364,29.94176378623004,Medium,41.45601617795754,False,Text Similarity,Project description has 0.92 semantic similarity with project WS/29887/2024/00067.,4.920620523872643,0
579,WS/73201/2025/00727,Maharashtra,HINGOLI,MEERA IYER,Solar Light Installation,"Solar street light at Nehru Path chowk parisar, HINGOLI",317255.47,2025-01-28,2025-06-22,Shree Balaji Construction Co.,Completed,320745.58,15,state + work_category,-1.0881241138225644,0.0,15,3,0.2,20.0,WS/76164/2024/00627,"Solar street light at Nehru Path chowk parisar, AURANGABAD_MH",0.9573739608049137,95.73739608049137,0.0,6.0,23.93434902012284,29.93434902012284,Medium,3.336703741152679,False,Text Similarity,Project description has 0.96 semantic similarity with project WS/76164/2024/00627.,5.662298155016531,0
580,WS/63145/2024/00852,Maharashtra,NAGPUR,ANITA JOSHI,Water Supply / Handpump,"Installation of handpump at Andouli village, NAGPUR",295499.87,2024-08-22,2025-07-11,Progressive Engineers & Contractors,Completed,628713.88,7,constituency + work_category,-52.9993086839438,0.0,7,2,0.2857142857142857,28.57142857142857,WS/86756/2023/00379,"Installation of handpump at Andouli village, AURANGABAD_BR",0.8541326717566512,85.41326717566513,0.0,8.571428571428571,21.35331679391628,29.924745365344855,Medium,96.46107178968654,True,Text Similarity,Project description has 0.85 semantic similarity with project WS/86756/2023/00379.,3.490231040878258,0
581,WS/76287/2023/00213,Maharashtra,NAGPUR,ABU TAHER KHAN,Solar Light Installation,"Solar light installation near Ambedkar Colony hanuman mandir, NAGPUR",320745.58,2023-06-09,2023-10-24,Shree Balaji Construction Co.,Ongoing,320745.58,15,state + work_category,0.0,0.0,15,3,0.2,20.0,WS/64702/2024/00611,"Solar light installation near Ambedkar Colony hanuman mandir, LUCKNOW",0.955775863898503,95.5775863898503,0.0,6.0,23.894396597462574,29.894396597462574,Medium,2.1233569261880687,False,Text Similarity,Project description has 0.96 semantic similarity with project WS/64702/2024/00611.,5.707830431717229,0
582,WS/82667/2024/00039,Kerala,ATTINGAL,ADV GOWAAL KAGADA PADAVI,Streetlight Installation,"LED streetlight installation along Shanti Nagar road, ATTINGAL",289178.1,2024-05-23,2025-01-05,Sri Lakshmi Contractors,New Recommendation,324652.13,5,constituency + work_category,-10.926781844924296,0.0,5,1,0.2,20.0,WS/64415/2023/00565,"LED streetlight installation along Shanti Nagar road, AURANGABAD_BR",0.9550376170265937,95.50376170265938,0.0,6.0,23.875940425664844,29.875940425664844,Medium,6.875631951466127,False,Text Similarity,Project description has 0.96 semantic similarity with project WS/64415/2023/00565.,4.8755972606082105,0
583,WS/51853/2024/00165,Jammu And Kashmir,SRINAGAR,SANJAY DESHMUKH,School Building Repair,"Construction of additional classroom at Kisan Nagar school, SRINAGAR",1050219.02,2024-03-14,2025-03-19,National Builders & Contractors,New Recommendation,1638156.61,5,constituency + work_category,-35.8901942836833,0.0,5,1,0.2,20.0,WS/10235/2025/00299,"Construction of additional classroom at Kisan Nagar school, JAMMU",0.9537406618455972,95.37406618455972,0.0,6.0,23.84351654613993,29.84351654613993,Medium,26.49140546006067,False,Text Similarity,Project description has 0.95 semantic similarity with project WS/10235/2025/00299.,4.94673447336219,0
584,WS/13314/2025/00942,Maharashtra,AURANGABAD_MH,ABU TAHER KHAN,Water Supply / Handpump,"Installation of handpump at Kisan Nagar village, AURANGABAD_MH",580570.74,2025-12-21,2026-03-31,Shree Balaji Construction Co.,Sanctioned,580570.74,5,constituency + work_category,0.0,0.0,5,1,0.2,20.0,WS/80809/2024/00374,"Installation of handpump at Kisan Nagar village, IDUKKI",0.9535161953962865,95.35161953962866,0.0,6.0,23.837904884907164,29.837904884907164,Medium,1.7189079878665317,False,Text Similarity,Project description has 0.95 semantic similarity with project WS/80809/2024/00374.,6.23634567262185,0
585,WS/25314/2024/00665,Bihar,PATNA_SAHIB,ABU TAHER KHAN,Road Construction,Construction of concrete road from Vivekanand Marg to Andouli in PATNA_SAHIB,1339439.56,2024-09-25,2025-07-03,National Builders & Contractors,New Recommendation,1339439.56,7,constituency + work_category,0.0,0.0,7,2,0.2857142857142857,28.57142857142857,WS/33508/2025/00219,Construction of concrete road from Vivekanand Marg to Andouli in ERNAKULAM,0.8505148673899865,85.05148673899865,0.0,8.571428571428571,21.262871684749662,29.83430025617823,Medium,86.45096056622852,False,Text Similarity,Project description has 0.85 semantic similarity with project WS/33508/2025/00219.,4.358494274575224,0
586,WS/31298/2024/00187,Uttar Pradesh,KANPUR,ABU TAHER KHAN,Solar Light Installation,"Solar street light at Kisan Nagar chowk parisar, KANPUR",276474.44,2024-01-05,2024-06-11,Om Sai Infra Pvt Ltd,New Recommendation,262181.08,6,constituency + work_category,5.451712991646836,1.8172376638822787,6,1,0.16666666666666666,16.666666666666664,WS/75323/2024/00080,"Solar street light at Kisan Nagar chowk parisar, TAMLUK",0.9601762687060044,96.01762687060044,0.8177569487470254,4.999999999999999,24.00440671765011,29.822163666397135,Medium,1.1122345803842264,False,Text Similarity,Project description has 0.96 semantic similarity with project WS/75323/2024/00080.,5.7939018838150105,0
587,WS/65372/2025/00492,Jammu And Kashmir,SRINAGAR,MEERA IYER,School Building Repair,"Repair and renovation of Govt. School building at Nehru Path, SRINAGAR",1638156.61,2025-06-01,2025-12-24,Metro Civil Works Pvt Ltd,Ongoing,1638156.61,5,constituency + work_category,0.0,0.0,5,1,0.2,20.0,WS/36972/2024/00240,"Repair and renovation of Govt. School building at Nehru Path, AURANGABAD_MH",0.9526942683863615,95.26942683863615,0.0,6.0,23.817356709659038,29.817356709659038,Medium,1.314459049544995,False,Text Similarity,Project description has 0.95 semantic similarity with project WS/36972/2024/00240.,6.23634567262185,0
588,WS/61583/2025/00778,Jammu And Kashmir,BARAMULLAH,SANJAY DESHMUKH,School Building Repair,"Repair and renovation of Govt. School building at Kisan Nagar, BARAMULLAH",938531.0,2025-02-03,2025-07-06,Deep Construction Co.,Completed,1372095.45,5,constituency + work_category,-31.598709113130575,0.0,5,1,0.2,20.0,WS/29815/2024/00695,"Repair and renovation of Govt. School building at Kisan Nagar, AURANGABAD_MH",0.9526421233796152,95.26421233796152,0.0,6.0,23.81605308449038,29.81605308449038,Medium,20.72800808897877,False,Text Similarity,Project description has 0.95 semantic similarity with project WS/29815/2024/00695.,5.197471936489032,0
589,WS/54778/2024/00730,Kerala,KOTTAYAM,ADV DEAN KURIAKOSE,Solar Light Installation,"Solar street light at Gandhi Chowk chowk parisar, KOTTAYAM",347713.93,2024-01-05,2024-07-08,Progressive Engineers & Contractors,New Recommendation,293516.93,9,constituency + work_category,18.464692990622382,6.154897663540793,9,1,0.1111111111111111,11.11111111111111,WS/27895/2023/00245,"Solar street light at Gandhi Chowk chowk parisar, BARAMULLAH",0.9474605158476241,94.74605158476241,2.769703948593357,3.333333333333333,23.686512896190603,29.789550178117295,Medium,15.369059656218404,False,Text Similarity,Project description has 0.95 semantic similarity with project WS/27895/2023/00245.,4.572437581048161,0
590,WS/54063/2025/00867,Maharashtra,HINGOLI,PRIYA VERMA,School Building Repair,"Repair and renovation of Govt. School building at Subhash Nagar, HINGOLI",1134959.65,2025-03-17,2026-04-05,Ganesh Engineering Works,Ongoing,1134959.65,5,constituency + work_category,0.0,0.0,5,1,0.2,20.0,WS/44116/2025/00155,"Repair and renovation of Govt. School building at Kisan Nagar, HINGOLI",0.9515618357618929,95.15618357618929,0.0,6.0,23.789045894047323,29.789045894047323,Medium,0.910010111223458,False,Text Similarity,Project description has 0.95 semantic similarity with project WS/44116/2025/00155.,6.425234561510738,0
591,WS/54092/2023/00059,Bihar,AURANGABAD_BR,ABHAY KUMAR SINHA,Community Hall,"Multipurpose community centre building at Andouli panchayat, AURANGABAD_BR",3704077.96,2023-12-06,2024-09-28,Jai Hind Infrastructure,Sanctioned,3668526.11,13,constituency + work_category,0.969104455958202,0.32303481865273403,13,2,0.15384615384615385,15.384615384615385,WS/77964/2023/00773,"Multipurpose community centre building at Andouli panchayat, AURANGABAD_BR",1.0000000000000002,100.0,0.14536566839373033,4.615384615384615,25.0,29.760750283778346,Medium,23.356926188068755,False,Text Similarity,Project description has 1.00 semantic similarity with project WS/77964/2023/00773.,16.938112082030038,0
592,WS/66841/2024/00338,Maharashtra,HINGOLI,ADV GOWAAL KAGADA PADAVI,Community Hall,"Multipurpose community centre building at Panchayat Bhavan Marg panchayat, HINGOLI",2639815.78,2024-09-14,2025-09-14,United Rural Builders,New Recommendation,2558946.56,7,constituency + work_category,3.1602543509153915,1.0534181169717973,7,1,0.14285714285714285,14.285714285714285,WS/25389/2025/00191,"Multipurpose community centre building at Panchayat Bhavan Marg panchayat, HINGOLI",1.0000000000000002,100.0,0.4740381526373088,4.285714285714286,25.0,29.759752438351594,Medium,31.547017189079877,False,Text Similarity,Project description has 1.00 semantic similarity with project WS/25389/2025/00191.,17.358942813885324,0
593,WS/89822/2025/00114,Uttar Pradesh,LUCKNOW,SANJAY DESHMUKH,Solar Light Installation,"Solar street light at Panchayat Bhavan Marg chowk parisar, LUCKNOW",296338.0,2025-05-25,2026-06-07,Jai Hind Infrastructure,Completed,290270.605,6,constituency + work_category,2.0902547124949216,0.6967515708316405,6,1,0.16666666666666666,16.666666666666664,WS/86015/2025/00766,"Solar street light at Panchayat Bhavan Marg chowk parisar, KOTTAYAM",0.9776944511016024,97.76944511016023,0.3135382068742382,4.999999999999999,24.44236127754006,29.755899484414297,Medium,6.370070778564206,False,Text Similarity,Project description has 0.98 semantic similarity with project WS/86015/2025/00766.,4.75044347804054,0
594,WS/82910/2024/00113,Maharashtra,AURANGABAD_MH,ANITA JOSHI,Drainage / Nala,"Covered drain construction from Vivekanand Marg to Ram Nagar, AURANGABAD_MH",439257.16,2024-08-06,2025-01-27,Om Sai Infra Pvt Ltd,New Recommendation,864694.21,9,constituency + work_category,-49.20086720599181,0.0,9,2,0.2222222222222222,22.22222222222222,WS/55068/2025/00594,"Covered drain construction from Shanti Nagar to Vivekanand Marg, KANTHI",0.9232927010613353,92.32927010613354,0.0,6.666666666666666,23.082317526533384,29.74898419320005,Medium,65.52072800808898,False,Text Similarity,Project description has 0.92 semantic similarity with project WS/55068/2025/00594.,4.2292222564298525,0
595,WS/88154/2023/00568,Bihar,GAYA,MEERA IYER,School Building Repair,"Construction of additional classroom at Shanti Nagar school, GAYA",734955.26,2023-09-26,2024-10-02,Deep Construction Co.,Completed,874572.41,5,constituency + work_category,-15.96404693351806,0.0,5,1,0.2,20.0,WS/72288/2025/00648,"Construction of additional classroom at Kisan Nagar school, GAYA",0.9493668322259029,94.93668322259029,0.0,6.0,23.734170805647572,29.734170805647572,Medium,7.077856420626897,False,Text Similarity,Project description has 0.95 semantic similarity with project WS/72288/2025/00648.,5.65223846480273,0
596,WS/25570/2025/00861,West Bengal,KANTHI,ABDUL RASHID SHEIKH,Drainage / Nala,"Covered drain construction from Subhash Nagar to Ambedkar Colony, KANTHI",899584.34,2025-11-27,2026-09-28,Progressive Engineers & Contractors,New Recommendation,899584.34,7,constituency + work_category,0.0,0.0,7,2,0.2857142857142857,28.57142857142857,WS/55068/2025/00594,"Covered drain construction from Shanti Nagar to Vivekanand Marg, KANTHI",0.8461409480633117,84.61409480633118,0.0,8.571428571428571,21.153523701582795,29.724952273011368,Medium,87.56319514661274,False,Text Similarity,Project description has 0.85 semantic similarity with project WS/55068/2025/00594.,4.358494274575224,0
597,WS/86148/2024/00895,West Bengal,HOWRAH,RAVI SHANKAR PRASAD JI,Streetlight Installation,"Installation of streetlights at Kisan Nagar chowk, HOWRAH",371670.63,2024-10-01,2025-03-27,Sri Lakshmi Contractors,Completed,427198.58,5,constituency + work_category,-12.998158842194654,0.0,5,1,0.2,20.0,WS/57124/2025/00233,"Installation of streetlights at Kisan Nagar chowk, KANPUR",0.9489816001985405,94.89816001985405,0.0,6.0,23.72454000496351,29.72454000496351,Medium,5.055611729019211,False,Text Similarity,Project description has 0.95 semantic similarity with project WS/57124/2025/00233.,5.524033336597601,0
598,WS/46760/2025/00510,Uttar Pradesh,BADAUN,ADITYA YADAV,Streetlight Installation,"LED streetlight installation along Andouli road, BADAUN",458471.99,2025-06-27,2026-02-23,Om Sai Infra Pvt Ltd,Ongoing,445472.48,7,constituency + work_category,2.9181398590548198,0.9727132863516066,7,1,0.14285714285714285,14.285714285714285,WS/49021/2024/00248,"LED streetlight installation along Andouli road, BADAUN",0.9999999999999997,99.99999999999997,0.437720978858223,4.285714285714286,24.999999999999993,29.7234352645725,Medium,31.344792719919113,False,Text Similarity,Project description has 1.00 semantic similarity with project WS/49021/2024/00248.,8.559741521590956,0
599,WS/61990/2024/00055,Jammu And Kashmir,SRINAGAR,ABHIJIT GANGOPADHYAY,Streetlight Installation,"Installation of streetlights at Kisan Nagar chowk, SRINAGAR",161555.29,2024-02-14,2025-02-02,Progressive Engineers & Contractors,Sanctioned,449703.55,11,constituency + work_category,-64.07515795683624,0.0,11,2,0.18181818181818182,18.181818181818183,WS/52344/2023/00447,"Installation of streetlights at Shanti Nagar chowk, SRINAGAR",0.9700841230248174,97.00841230248174,0.0,5.454545454545455,24.252103075620436,29.706648530165893,Medium,62.38624873609707,False,Text Similarity,Project description has 0.97 semantic similarity with project WS/52344/2023/00447.,5.187774028498926,0
600,WS/10088/2025/00256,Maharashtra,HINGOLI,MEERA IYER,Road Construction,"CC road construction at Subhash Nagar ward, HINGOLI",1011203.2,2025-08-26,2026-01-13,Metro Civil Works Pvt Ltd,Sanctioned,1601999.8,5,constituency + work_category,-36.8786937426584,0.0,5,1,0.2,20.0,WS/82465/2024/00274,"CC road construction at Kisan Nagar ward, HINGOLI",0.9463704045800692,94.63704045800692,0.0,6.0,23.65926011450173,29.65926011450173,Medium,24.87360970677452,False,Text Similarity,Project description has 0.95 semantic similarity with project WS/82465/2024/00274.,4.962870084296147,0
601,WS/50084/2023/00986,West Bengal,TAMLUK,ADITYA YADAV,Community Hall,"Multipurpose community centre building at Andouli panchayat, TAMLUK",3563676.5,2023-08-05,2023-08-06,Metro Civil Works Pvt Ltd,Completed,3226904.3049999997,6,constituency + work_category,10.436386182205064,3.4787953940683547,6,1,0.16666666666666666,16.666666666666664,WS/98063/2023/00329,"Multipurpose community centre building at Vivekanand Marg panchayat, TAMLUK",0.9228907135202634,92.28907135202634,1.5654579273307596,4.999999999999999,23.072267838006585,29.637725765337343,Medium,10.010111223458038,False,Text Similarity,Project description has 0.92 semantic similarity with project WS/98063/2023/00329.,5.369399998808885,0
602,WS/37425/2025/00758,Uttar Pradesh,VARANASI,ABU TAHER KHAN,Community Hall,"Multipurpose community centre building at Kisan Nagar panchayat, VARANASI",2117929.12,2025-01-04,2025-07-26,National Builders & Contractors,Sanctioned,2368873.495,24,state + work_category,-10.59340549546737,0.0,24,5,0.20833333333333334,20.833333333333336,WS/76655/2025/00479,"Multipurpose community centre building at Kisan Nagar panchayat, AURANGABAD_BR",0.9352047480996442,93.52047480996441,0.0,6.250000000000001,23.380118702491103,29.630118702491103,Medium,13.144590495449949,False,Text Similarity,Project description has 0.94 semantic similarity with project WS/76655/2025/00479.,4.642507187529405,0
603,WS/11620/2024/00314,Maharashtra,HINGOLI,PRIYA VERMA,Streetlight Installation,"LED streetlight installation along Kisan Nagar road, HINGOLI",328809.75,2024-02-28,2024-09-16,United Rural Builders,Sanctioned,321625.92,7,constituency + work_category,2.2335979637462104,0.7445326545820702,7,1,0.14285714285714285,14.285714285714285,WS/76795/2025/00803,"LED streetlight installation along Kisan Nagar road, HINGOLI",1.0000000000000002,100.0,0.3350396945619316,4.285714285714286,25.0,29.620753980276216,Medium,30.63700707785642,False,Text Similarity,Project description has 1.00 semantic similarity with project WS/76795/2025/00803.,18.37528896773148,0
604,WS/81601/2023/00178,Kerala,ERNAKULAM,ANITA JOSHI,School Building Repair,"Construction of additional classroom at Vivekanand Marg school, ERNAKULAM",839253.64,2023-09-25,2024-07-16,United Rural Builders,New Recommendation,934267.0,9,constituency + work_category,-10.169829395665262,0.0,9,2,0.2222222222222222,22.22222222222222,WS/99166/2024/00011,"Construction of additional classroom at Kisan Nagar school, ERNAKULAM",0.9181070150665165,91.81070150665165,0.0,6.666666666666666,22.952675376662913,29.61934204332958,Medium,32.55813953488372,False,Text Similarity,Project description has 0.92 semantic similarity with project WS/99166/2024/00011.,4.394651006137444,0
605,WS/87401/2024/00968,Maharashtra,NANDURBAR(ST),MEERA IYER,Road Construction,Construction of concrete road from Nehru Path to Nehru Path in GAYA,234771.08,2024-08-12,2024-12-03,New India Construction Co.,Ongoing,1587568.025,26,state + work_category,-85.21190422690705,0.0,26,4,0.15384615384615385,15.384615384615385,WS/19849/2025/00967,Construction of concrete road from Nehru Path to Nehru Path in GAYA,1.0,100.0,0.0,4.615384615384615,25.0,29.615384615384613,Medium,88.37209302325581,False,Text Similarity,Project description has 1.00 semantic similarity with project WS/19849/2025/00967.,65.60497291588716,1
606,WS/98407/2025/00461,Uttar Pradesh,LUCKNOW,RAVI SHANKAR PRASAD JI,Water Supply / Handpump,"Water supply pipeline extension to Ambedkar Colony area, LUCKNOW",590699.13,2025-05-04,2025-08-26,Progressive Engineers & Contractors,New Recommendation,590699.13,9,constituency + work_category,0.0,0.0,9,2,0.2222222222222222,22.22222222222222,WS/29321/2024/00748,"Water supply pipeline extension to Ambedkar Colony area, KANPUR",0.9176256790726619,91.76256790726619,0.0,6.666666666666666,22.940641976816547,29.607308643483215,Medium,21.03134479271992,False,Text Similarity,Project description has 0.92 semantic similarity with project WS/29321/2024/00748.,6.334186775493331,0
607,WS/25220/2025/00099,Kerala,KOTTAYAM,SANJAY DESHMUKH,Road Construction,"CC road construction at Ram Nagar ward, KOTTAYAM",1037620.92,2025-11-24,2026-02-11,Bharat Infra Solutions,Sanctioned,1037620.92,5,constituency + work_category,0.0,0.0,5,1,0.2,20.0,WS/79391/2024/00214,"CC road construction at Kisan Nagar ward, KANPUR",0.9441103885210169,94.4110388521017,0.0,6.0,23.602759713025424,29.602759713025424,Medium,1.820020222446916,False,Text Similarity,Project description has 0.94 semantic similarity with project WS/79391/2024/00214.,6.178423945312042,0
608,WS/81884/2023/00434,Kerala,KOTTAYAM,ABHAY KUMAR SINHA,Drainage / Nala,"Covered drain construction from Andouli to Andouli, KOTTAYAM",450219.42,2023-07-15,2023-10-31,Om Sai Infra Pvt Ltd,Sanctioned,747976.075,8,constituency + work_category,-39.80831271909332,0.0,8,2,0.25,25.0,WS/53601/2024/00551,"Covered drain construction from Andouli to Nehru Path, KOTTAYAM",0.8837582792154486,88.37582792154485,0.0,7.5,22.093956980386213,29.593956980386213,Medium,86.04651162790698,False,Text Similarity,Project description has 0.88 semantic similarity with project WS/53601/2024/00551.,3.0873398621824917,0
609,WS/46428/2023/00598,Bihar,AURANGABAD_BR,ADV K FRANCIS GEORGE,Road Construction,Construction of concrete road from Gandhi Chowk to Andouli in AURANGABAD_BR,1833857.06,2023-10-17,2024-10-09,United Rural Builders,Ongoing,1833857.06,5,constituency + work_category,0.0,0.0,5,1,0.2,20.0,WS/79226/2024/00218,Construction of concrete road from Andouli to Gandhi Chowk in HINGOLI,0.9436352051001737,94.36352051001737,0.0,6.0,23.59088012750434,29.59088012750434,Medium,1.9211324570273005,False,Text Similarity,Project description has 0.94 semantic similarity with project WS/79226/2024/00218.,6.183449070940183,0
610,WS/62436/2023/00842,Bihar,AURANGABAD_BR,SANJAY DESHMUKH,Road Construction,"Widening and strengthening of road near Ambedkar Colony village, AURANGABAD_BR",1734742.64,2023-12-23,2024-09-03,Progressive Engineers & Contractors,Ongoing,1833857.06,5,constituency + work_category,-5.404697135991621,0.0,5,1,0.2,20.0,WS/45665/2025/00117,"Widening and strengthening of road near Ambedkar Colony village, KOTTAYAM",0.9434127071295477,94.34127071295477,0.0,6.0,23.58531767823869,29.58531767823869,Medium,4.044489383215369,False,Text Similarity,Project description has 0.94 semantic similarity with project WS/45665/2025/00117.,5.188142431043855,0
611,WS/92155/2025/00086,Uttar Pradesh,KANPUR,ABHAY KUMAR SINHA,Solar Light Installation,"Solar light installation near Kisan Nagar hanuman mandir, KANPUR",214997.96,2025-02-19,2026-01-18,Sri Lakshmi Contractors,New Recommendation,262181.08,6,constituency + work_category,-17.99638631437479,0.0,6,1,0.16666666666666666,16.666666666666664,WS/29119/2025/00825,"Solar light installation near Kisan Nagar hanuman mandir, AURANGABAD_BR",0.9834086491327259,98.34086491327258,0.0,4.999999999999999,24.585216228318146,29.585216228318146,Medium,21.435793731041457,False,Text Similarity,Project description has 0.98 semantic similarity with project WS/29119/2025/00825.,3.8173742463223173,0
612,WS/77009/2025/00864,West Bengal,HOWRAH,ADV GOWAAL KAGADA PADAVI,Community Hall,"Multipurpose community centre building at Shanti Nagar panchayat, HOWRAH",2714823.11,2025-05-19,2026-02-22,Ganesh Engineering Works,Ongoing,2356058.86,9,constituency + work_category,15.227304210897346,5.075768070299116,9,1,0.1111111111111111,11.11111111111111,WS/72419/2024/00917,"Multipurpose community centre building at Ram Nagar panchayat, HOWRAH",0.9583811425219531,95.83811425219531,2.284095631634602,3.333333333333333,23.959528563048828,29.576957528016763,Medium,17.69464105156724,False,Text Similarity,Project description has 0.96 semantic similarity with project WS/72419/2024/00917.,4.6677928615613045,0
613,WS/48729/2024/00679,West Bengal,KANTHI,ABU TAHER KHAN,Drainage / Nala,"Construction of drainage/nala near Bazaar Road area, KANTHI",915882.54,2024-02-02,2024-08-07,United Rural Builders,Sanctioned,899584.34,7,constituency + work_category,1.8117478567935132,0.6039159522645045,7,1,0.14285714285714285,14.285714285714285,WS/39110/2025/00422,"Construction of drainage/nala near Bazaar Road area, KANTHI",1.0000000000000004,100.0,0.271762178519027,4.285714285714286,25.0,29.55747646423331,Medium,30.434782608695656,False,Text Similarity,Project description has 1.00 semantic similarity with project WS/39110/2025/00422.,17.49393303552809,0
614,WS/87994/2025/00313,Jammu And Kashmir,BARAMULLAH,ABU TAHER KHAN,Road Construction,"CC road construction at Nehru Path ward, BARAMULLAH",1519737.33,2025-02-28,2025-12-07,Ganesh Engineering Works,Ongoing,1739649.9849999999,18,state + work_category,-12.641201212668065,0.0,18,4,0.2222222222222222,22.22222222222222,WS/31596/2023/00588,"CC road construction at Nehru Path ward, SRINAGAR",0.9155516970458077,91.55516970458078,0.0,6.666666666666666,22.888792426145194,29.55545909281186,Medium,37.71486349848331,False,Text Similarity,Project description has 0.92 semantic similarity with project WS/31596/2023/00588.,4.33167627986772,0
615,WS/30188/2024/00604,Maharashtra,PUNE,ADV GOWAAL KAGADA PADAVI,School Building Repair,"Construction of additional classroom at Nehru Path school, PUNE",1182993.48,2024-07-18,2025-01-08,Shree Balaji Construction Co.,Completed,1180120.0899999999,18,state + work_category,0.24348284758037897,0.08116094919345965,18,4,0.2222222222222222,22.22222222222222,WS/20460/2024/00811,"Construction of additional classroom at Nehru Path school, SRINAGAR",0.9139009582999925,91.39009582999925,0.03652242713705684,6.666666666666666,22.847523957499813,29.550713051303536,Medium,24.064711830131447,False,Text Similarity,Project description has 0.91 semantic similarity with project WS/20460/2024/00811.,6.148863463298862,0
616,WS/92665/2024/00677,Uttar Pradesh,KANPUR,ABHAY KUMAR SINHA,Solar Light Installation,"Solar light installation near Subhash Nagar hanuman mandir, KANPUR",247887.72,2024-04-12,2025-04-21,National Builders & Contractors,Sanctioned,262181.08,6,constituency + work_category,-5.451712991646848,0.0,6,1,0.16666666666666666,16.666666666666664,WS/70210/2024/00514,"Solar light installation near Subhash Nagar hanuman mandir, AURANGABAD_BR",0.9819943043458764,98.19943043458764,0.0,4.999999999999999,24.54985760864691,29.54985760864691,Medium,11.02123356926188,False,Text Similarity,Project description has 0.98 semantic similarity with project WS/70210/2024/00514.,3.9694411440728494,0
617,WS/42150/2023/00719,Uttar Pradesh,BADAUN,ABHIJIT GANGOPADHYAY,Water Supply / Handpump,"Water supply pipeline extension to Kisan Nagar area, BADAUN",855327.27,2023-10-02,2023-12-10,Bharat Infra Solutions,Ongoing,719185.46,9,constituency + work_category,18.930000336769886,6.310000112256629,9,1,0.1111111111111111,11.11111111111111,WS/21086/2023/00851,"Water supply pipeline extension to Kisan Nagar area, ATTINGAL",0.9349563402787376,93.49563402787376,2.8395000505154835,3.333333333333333,23.37390850696844,29.54674189081726,Medium,24.67138523761375,False,Text Similarity,Project description has 0.93 semantic similarity with project WS/21086/2023/00851.,3.8633324004389227,0
618,WS/78610/2024/00437,Uttar Pradesh,KANPUR,ABU TAHER KHAN,Water Supply / Handpump,"Water supply pipeline extension to Panchayat Bhavan Marg area, KANPUR",577501.3,2024-11-26,2025-11-26,Metro Civil Works Pvt Ltd,Sanctioned,633314.98,6,constituency + work_category,-8.81294170556331,0.0,6,1,0.16666666666666666,16.666666666666664,WS/19171/2025/00038,"Water supply pipeline extension to Panchayat Bhavan Marg area, AURANGABAD_MH",0.9813016021506045,98.13016021506044,0.0,4.999999999999999,24.53254005376511,29.53254005376511,Medium,12.740141557128412,False,Text Similarity,Project description has 0.98 semantic similarity with project WS/19171/2025/00038.,4.321937106415524,0
619,WS/47498/2024/00315,Maharashtra,NAGPUR,ABU TAHER KHAN,Drainage / Nala,"Covered drain construction from Station Road to Vivekanand Marg, NAGPUR",809934.53,2024-11-17,2025-03-08,Om Sai Infra Pvt Ltd,Completed,873497.0349999999,22,state + work_category,-7.276785432935086,0.0,22,5,0.22727272727272727,22.727272727272727,WS/94366/2024/00960,"Covered drain construction from Station Road to Station Road, NAGPUR",0.9068087462350639,90.6808746235064,0.0,6.8181818181818175,22.6702186558766,29.488400474058416,Medium,41.86046511627907,False,Text Similarity,Project description has 0.91 semantic similarity with project WS/94366/2024/00960.,3.4864348911230123,0
620,WS/91915/2023/00639,Uttar Pradesh,VARANASI,SANJAY DESHMUKH,Water Supply / Handpump,"Installation of handpump at Station Road village, VARANASI",577963.31,2023-10-22,2024-07-20,Sri Lakshmi Contractors,New Recommendation,668568.4450000001,28,state + work_category,-13.552110584578966,0.0,28,6,0.21428571428571427,21.428571428571427,WS/27157/2025/00829,"Installation of handpump at Vivekanand Marg village, VARANASI",0.9219290667119049,92.19290667119049,0.0,6.428571428571428,23.04822666779762,29.47679809636905,Medium,29.828109201213348,False,Text Similarity,Project description has 0.92 semantic similarity with project WS/27157/2025/00829.,4.605895462742952,0
621,WS/71080/2024/00209,Bihar,PATNA_SAHIB,MEERA IYER,Streetlight Installation,"LED streetlight installation along Ram Nagar road, PATNA_SAHIB",441924.6,2024-02-10,2024-08-21,New India Construction Co.,Sanctioned,413897.96,7,constituency + work_category,6.771388774179983,2.2571295913933276,7,1,0.14285714285714285,14.285714285714285,WS/76467/2025/00749,"LED streetlight installation along Station Road road, PATNA_SAHIB",0.9669413493670482,96.69413493670483,1.0157083161269975,4.285714285714286,24.173533734176207,29.47495633601749,Medium,8.493427704752275,False,Text Similarity,Project description has 0.97 semantic similarity with project WS/76467/2025/00749.,5.334671587991089,0
622,WS/19807/2023/00085,Maharashtra,NAGPUR,ABHIJIT GANGOPADHYAY,Streetlight Installation,"LED streetlight installation along Ambedkar Colony road, NAGPUR",559698.75,2023-04-16,2023-08-27,Sri Lakshmi Contractors,Ongoing,408970.885,30,state + work_category,36.85540231060702,12.285134103535674,30,1,0.03333333333333333,3.3333333333333335,WS/95957/2024/00683,"LED streetlight installation along Ambedkar Colony road, ATTINGAL",0.9175454625366066,91.75454625366066,5.528310346591053,1.0,22.938636563415166,29.466946910006218,Medium,80.18200202224469,False,Text Similarity,Project description has 0.92 semantic similarity with project WS/95957/2024/00683.,9.909257541453785,0
623,WS/78506/2023/00840,Maharashtra,AURANGABAD_MH,ADV GOWAAL KAGADA PADAVI,Water Supply / Handpump,"Installation of handpump at Vivekanand Marg village, AURANGABAD_MH",573871.68,2023-08-22,2024-08-11,Metro Civil Works Pvt Ltd,New Recommendation,580570.74,5,constituency + work_category,-1.1538748921449158,0.0,5,1,0.2,20.0,WS/27157/2025/00829,"Installation of handpump at Vivekanand Marg village, VARANASI",0.9386109181823032,93.86109181823032,0.0,6.0,23.46527295455758,29.46527295455758,Medium,3.9433771486349847,False,Text Similarity,Project description has 0.94 semantic similarity with project WS/27157/2025/00829.,5.483908090445877,0
624,WS/95957/2024/00683,Kerala,ATTINGAL,SANJAY DESHMUKH,Streetlight Installation,"LED streetlight installation along Ambedkar Colony road, ATTINGAL",158061.85,2024-05-09,2024-09-05,Shree Balaji Construction Co.,Ongoing,324652.13,5,constituency + work_category,-51.31347205391814,0.0,5,1,0.2,20.0,WS/73318/2024/00350,"LED streetlight installation along Ambedkar Colony road, KANPUR",0.9378693359086373,93.78693359086373,0.0,6.0,23.44673339771593,29.44673339771593,Medium,48.93832153690597,False,Text Similarity,Project description has 0.94 semantic similarity with project WS/73318/2024/00350.,4.845570757797446,0
625,WS/48745/2023/00328,Maharashtra,AURANGABAD_MH,PRIYA VERMA,Water Supply / Handpump,"Water supply pipeline extension to Nehru Path area, AURANGABAD_MH",423710.02,2023-08-22,2023-11-03,Progressive Engineers & Contractors,Sanctioned,580570.74,5,constituency + work_category,-27.01836472158414,0.0,5,1,0.2,20.0,WS/31802/2025/00399,"Water supply pipeline extension to Nehru Path area, LUCKNOW",0.9378476952419359,93.78476952419359,0.0,6.0,23.446192381048398,29.446192381048398,Medium,22.24469160768453,False,Text Similarity,Project description has 0.94 semantic similarity with project WS/31802/2025/00399.,4.821219470247834,0
626,WS/12888/2023/00590,West Bengal,KANTHI,SANJAY DESHMUKH,School Building Repair,"Construction of additional classroom at Gandhi Chowk school, KANTHI",1432792.94,2023-04-22,2023-11-17,Ganesh Engineering Works,Completed,1336958.19,5,constituency + work_category,7.168118697862945,2.389372899287648,5,1,0.2,20.0,WS/38019/2025/00957,"Construction of additional classroom at Gandhi Chowk school, VARANASI",0.8934533010118183,89.34533010118183,1.0752178046794416,6.0,22.336332525295457,29.4115503299749,Medium,43.47826086956522,False,Text Similarity,Project description has 0.89 semantic similarity with project WS/38019/2025/00957.,6.452238954138697,0
627,WS/81943/2025/00530,Uttar Pradesh,BADAUN,ANITA JOSHI,School Building Repair,"Construction of additional classroom at Andouli school, BADAUN",1586691.44,2025-08-20,2026-03-18,Shree Balaji Construction Co.,New Recommendation,1283055.99,8,constituency + work_category,23.6650194821194,7.888339827373134,8,1,0.125,12.5,WS/70577/2023/00780,"Construction of additional classroom at Andouli school, AURANGABAD_MH",0.8835439700982206,88.35439700982207,3.5497529223179103,3.75,22.088599252455516,29.388352174773427,Medium,67.9474216380182,False,Text Similarity,Project description has 0.88 semantic similarity with project WS/70577/2023/00780.,5.275698155375597,0
628,WS/61177/2025/00144,Uttar Pradesh,VARANASI,ABHAY KUMAR SINHA,Streetlight Installation,"LED streetlight installation along Ambedkar Colony road, VARANASI",394836.88,2025-06-14,2026-04-29,United Rural Builders,Completed,370533.855,6,constituency + work_category,6.558921586260998,2.1863071954203326,6,1,0.16666666666666666,16.666666666666664,WS/95957/2024/00683,"LED streetlight installation along Ambedkar Colony road, ATTINGAL",0.9356850412098239,93.56850412098238,0.9838382379391497,4.999999999999999,23.392126030245596,29.375964268184745,Medium,2.0222446916076846,False,Text Similarity,Project description has 0.94 semantic similarity with project WS/95957/2024/00683.,5.5368156583333175,0
629,WS/79494/2024/00569,Uttar Pradesh,BADAUN,ADV GOWAAL KAGADA PADAVI,Community Hall,"Multipurpose community centre building at Ram Nagar panchayat, BADAUN",2546964.68,2024-10-23,2025-04-21,Ganesh Engineering Works,Completed,2546964.68,5,constituency + work_category,0.0,0.0,5,1,0.2,20.0,WS/40062/2023/00435,"Multipurpose community centre building at Gandhi Chowk panchayat, BADAUN",0.9348863409636636,93.48863409636637,0.0,6.0,23.372158524091592,29.372158524091592,Medium,4.550050556117291,False,Text Similarity,Project description has 0.93 semantic similarity with project WS/40062/2023/00435.,6.131281587628628,0
630,WS/59666/2023/00755,Jammu And Kashmir,BARAMULLAH,ADHIKARI SOUMENDU,Solar Light Installation,"Solar street light at Panchayat Bhavan Marg chowk parisar, BARAMULLAH",191626.01,2023-07-13,2023-09-21,Progressive Engineers & Contractors,Ongoing,280850.19999999995,12,constituency + work_category,-31.769316881383723,0.0,12,2,0.16666666666666666,16.666666666666664,WS/86015/2025/00766,"Solar street light at Panchayat Bhavan Marg chowk parisar, KOTTAYAM",0.9748627075910399,97.48627075910399,0.0,4.999999999999999,24.371567689775997,29.371567689775997,Medium,30.030333670374116,False,Text Similarity,Project description has 0.97 semantic similarity with project WS/86015/2025/00766.,3.4039836632980722,0
631,WS/88532/2025/00874,West Bengal,TAMLUK,VIKRAM SINGH RATHORE,School Building Repair,"Repair and renovation of Govt. School building at Nehru Path, TAMLUK",1133267.87,2025-12-01,2026-10-14,Shree Balaji Construction Co.,Ongoing,1028136.42,7,constituency + work_category,10.225437787720823,3.4084792625736076,7,1,0.14285714285714285,14.285714285714285,WS/36972/2024/00240,"Repair and renovation of Govt. School building at Nehru Path, AURANGABAD_MH",0.941292784653554,94.1292784653554,1.5338156681581234,4.285714285714286,23.53231961633885,29.351849570211257,Medium,5.25783619817998,False,Text Similarity,Project description has 0.94 semantic similarity with project WS/36972/2024/00240.,4.67938215473479,0
632,WS/77760/2025/00666,West Bengal,KANTHI,RAJESH KUMAR SHARMA,School Building Repair,"Repair and renovation of Govt. School building at Vivekanand Marg, KANTHI",796095.71,2025-09-14,2026-03-27,Jai Hind Infrastructure,New Recommendation,1336958.19,5,constituency + work_category,-40.454704122048874,0.0,5,1,0.2,20.0,WS/47649/2025/00184,"Repair and renovation of Govt. School building at Vivekanand Marg, AURANGABAD_MH",0.9328874492632588,93.28874492632589,0.0,6.0,23.322186231581473,29.322186231581473,Medium,42.77047522750253,False,Text Similarity,Project description has 0.93 semantic similarity with project WS/47649/2025/00184.,5.180843044092367,0
633,WS/53920/2023/00937,Kerala,KOTTAYAM,SANJAY DESHMUKH,Road Construction,"Widening and strengthening of road near Shanti Nagar village, KOTTAYAM",826401.11,2023-09-05,2024-05-13,Ganesh Engineering Works,New Recommendation,1037620.92,5,constituency + work_category,-20.356163405032355,0.0,5,1,0.2,20.0,WS/39035/2025/00733,"Widening and strengthening of road near Kisan Nagar village, MURSHIDABAD",0.9328188212970562,93.28188212970562,0.0,6.0,23.320470532426405,29.320470532426405,Medium,20.12133468149646,False,Text Similarity,Project description has 0.93 semantic similarity with project WS/39035/2025/00733.,5.289276779032126,0
634,WS/55919/2023/00707,Bihar,GAYA,AASHTIKAR PATIL NAGESH BAPURAO,School Building Repair,"Repair and renovation of Govt. School building at Nehru Path, GAYA",874572.41,2023-11-28,2024-11-19,Jai Hind Infrastructure,Ongoing,874572.41,5,constituency + work_category,0.0,0.0,5,1,0.2,20.0,WS/36972/2024/00240,"Repair and renovation of Govt. School building at Nehru Path, AURANGABAD_MH",0.9327316587254102,93.27316587254101,0.0,6.0,23.318291468135254,29.318291468135254,Medium,5.6622851365015165,False,Text Similarity,Project description has 0.93 semantic similarity with project WS/36972/2024/00240.,5.9848887812269,0
635,WS/80686/2024/00015,Jammu And Kashmir,JAMMU,VIKRAM SINGH RATHORE,Streetlight Installation,"Installation of streetlights at Kisan Nagar chowk, JAMMU",224307.13,2024-09-22,2025-09-27,Sri Lakshmi Contractors,Ongoing,361260.085,22,state + work_category,-37.90979426913438,0.0,22,4,0.18181818181818182,18.181818181818183,WS/61990/2024/00055,"Installation of streetlights at Kisan Nagar chowk, SRINAGAR",0.9539190102708874,95.39190102708875,0.0,5.454545454545455,23.847975256772187,29.30252071131764,Medium,21.334681496461073,False,Text Similarity,Project description has 0.95 semantic similarity with project WS/61990/2024/00055.,3.996499419129254,0
636,WS/99589/2025/00544,West Bengal,HOWRAH,ADV GOWAAL KAGADA PADAVI,School Building Repair,"Construction of additional classroom at Kisan Nagar school, HOWRAH",1444610.76,2025-05-10,2026-04-07,Ganesh Engineering Works,Sanctioned,1443853.62,7,constituency + work_category,0.052438833792576384,0.01747961126419213,7,1,0.14285714285714285,14.285714285714285,WS/14630/2025/00538,"Construction of additional classroom at Kisan Nagar school, HOWRAH",1.0000000000000002,100.0,0.007865825068886459,4.285714285714286,25.0,29.29358011078317,Medium,28.2103134479272,False,Text Similarity,Project description has 1.00 semantic similarity with project WS/14630/2025/00538.,16.691127075991883,0
637,WS/27324/2023/00885,Kerala,ATTINGAL,ABHIJIT GANGOPADHYAY,School Building Repair,"Construction of additional classroom at Gandhi Chowk school, ATTINGAL",937586.77,2023-07-22,2023-09-26,Progressive Engineers & Contractors,Completed,977273.97,7,constituency + work_category,-4.061010649859011,0.0,7,1,0.14285714285714285,14.285714285714285,WS/24801/2023/00448,"Construction of additional classroom at Gandhi Chowk school, ATTINGAL",1.0,100.0,0.0,4.285714285714286,25.0,29.285714285714285,Medium,32.659251769464106,False,Text Similarity,Project description has 1.00 semantic similarity with project WS/24801/2023/00448.,75.43888208922772,1
638,WS/76795/2025/00803,Maharashtra,HINGOLI,PRIYA VERMA,Streetlight Installation,"LED streetlight installation along Kisan Nagar road, HINGOLI",223063.07,2025-05-21,2026-02-28,Bharat Infra Solutions,New Recommendation,321625.92,7,constituency + work_category,-30.645182452956522,0.0,7,1,0.14285714285714285,14.285714285714285,WS/11620/2024/00314,"LED streetlight installation along Kisan Nagar road, HINGOLI",1.0000000000000002,100.0,0.0,4.285714285714286,25.0,29.285714285714285,Medium,58.74620829120324,False,Text Similarity,Project description has 1.00 semantic similarity with project WS/11620/2024/00314.,18.11892929890467,0
639,WS/19521/2024/00956,West Bengal,TAMLUK,ABHIJIT GANGOPADHYAY,School Building Repair,"Construction of additional classroom at Gandhi Chowk school, VARANASI",1028136.42,2024-06-13,2024-11-15,New India Construction Co.,Ongoing,1028136.42,7,constituency + work_category,0.0,0.0,7,1,0.14285714285714285,14.285714285714285,WS/38019/2025/00957,"Construction of additional classroom at Gandhi Chowk school, VARANASI",1.0000000000000002,100.0,0.0,4.285714285714286,25.0,29.285714285714285,Medium,28.00808897876643,False,Text Similarity,Project description has 1.00 semantic similarity with project WS/38019/2025/00957.,16.691127075991883,0
640,WS/61964/2024/00139,West Bengal,TAMLUK,ADV ADOOR PRAKASH,Solar Light Installation,"Solar light installation near Station Road hanuman mandir, TAMLUK",257894.8,2024-03-23,2024-06-04,Sri Lakshmi Contractors,Completed,315357.8,7,constituency + work_category,-18.221524883798658,0.0,7,1,0.14285714285714285,14.285714285714285,WS/55829/2024/00506,"Solar light installation near Station Road hanuman mandir, TAMLUK",1.0000000000000002,100.0,0.0,4.285714285714286,25.0,29.285714285714285,Medium,47.4216380182002,False,Text Similarity,Project description has 1.00 semantic similarity with project WS/55829/2024/00506.,18.11892929890467,0
641,WS/66317/2025/00863,Jammu And Kashmir,BARAMULLAH,RAJESH KUMAR SHARMA,Streetlight Installation,"Installation of streetlights at Bazaar Road chowk, BARAMULLAH",156142.03,2025-03-01,2025-08-29,Shree Balaji Construction Co.,New Recommendation,293101.97,7,constituency + work_category,-46.727744613930774,0.0,7,1,0.14285714285714285,14.285714285714285,WS/56095/2025/00294,"Installation of streetlights at Bazaar Road chowk, BARAMULLAH",1.0,100.0,0.0,4.285714285714286,25.0,29.285714285714285,Medium,71.68857431749241,False,Text Similarity,Project description has 1.00 semantic similarity with project WS/56095/2025/00294.,75.15581679133649,1
642,WS/35891/2025/00797,Uttar Pradesh,LUCKNOW,ADV ADOOR PRAKASH,Streetlight Installation,"Installation of streetlights at Gandhi Chowk chowk, LUCKNOW",185174.03,2025-04-12,2026-02-05,Bharat Infra Solutions,Ongoing,186892.53,7,constituency + work_category,-0.9195124064081106,0.0,7,1,0.14285714285714285,14.285714285714285,WS/98501/2023/00024,"Installation of streetlights at Gandhi Chowk chowk, LUCKNOW",1.0,100.0,0.0,4.285714285714286,25.0,29.285714285714285,Medium,29.322548028311424,False,Text Similarity,Project description has 1.00 semantic similarity with project WS/98501/2023/00024.,76.0887838458171,1
643,WS/51779/2024/00954,Jammu And Kashmir,JAMMU,VIKRAM SINGH RATHORE,Community Hall,"Construction of community hall at Shanti Nagar, BARAMULLAH",1636000.27,2024-06-07,2025-06-07,Deep Construction Co.,New Recommendation,2897305.18,7,constituency + work_category,-43.533726398818644,0.0,7,1,0.14285714285714285,14.285714285714285,WS/86499/2025/00953,"Construction of community hall at Shanti Nagar, BARAMULLAH",1.0000000000000004,100.0,0.0,4.285714285714286,25.0,29.285714285714285,Medium,68.95854398382204,False,Text Similarity,Project description has 1.00 semantic similarity with project WS/86499/2025/00953.,16.507381921159723,0
644,WS/25389/2025/00191,Maharashtra,HINGOLI,MEERA IYER,Community Hall,"Multipurpose community centre building at Panchayat Bhavan Marg panchayat, HINGOLI",1899292.06,2025-03-03,2026-01-14,Deep Construction Co.,New Recommendation,2558946.56,7,constituency + work_category,-25.778361702090407,0.0,7,1,0.14285714285714285,14.285714285714285,WS/66841/2024/00338,"Multipurpose community centre building at Panchayat Bhavan Marg panchayat, HINGOLI",1.0000000000000002,100.0,0.0,4.285714285714286,25.0,29.285714285714285,Medium,54.29726996966633,False,Text Similarity,Project description has 1.00 semantic similarity with project WS/66841/2024/00338.,18.11892929890467,0
645,WS/56095/2025/00294,Jammu And Kashmir,BARAMULLAH,ADV ADOOR PRAKASH,Streetlight Installation,"Installation of streetlights at Bazaar Road chowk, BARAMULLAH",293101.97,2025-04-25,2025-12-24,Jai Hind Infrastructure,Completed,293101.97,7,constituency + work_category,0.0,0.0,7,1,0.14285714285714285,14.285714285714285,WS/66317/2025/00863,"Installation of streetlights at Bazaar Road chowk, BARAMULLAH",1.0,100.0,0.0,4.285714285714286,25.0,29.285714285714285,Medium,27.906976744186046,False,Text Similarity,Project description has 1.00 semantic similarity with project WS/66317/2025/00863.,77.06929754789836,1
646,WS/67503/2024/00451,Kerala,IDUKKI,RAVI SHANKAR PRASAD JI,Solar Light Installation,"Solar light installation near Kisan Nagar hanuman mandir, IDUKKI",137587.08,2024-08-12,2025-02-07,New India Construction Co.,New Recommendation,324384.58,7,constituency + work_category,-57.58519717552543,0.0,7,1,0.14285714285714285,14.285714285714285,WS/86735/2023/00493,"Solar light installation near Kisan Nagar hanuman mandir, IDUKKI",1.0,100.0,0.0,4.285714285714286,25.0,29.285714285714285,Medium,78.8675429726997,False,Text Similarity,Project description has 1.00 semantic similarity with project WS/86735/2023/00493.,71.1374865120855,1
647,WS/14630/2025/00538,West Bengal,HOWRAH,ADV K FRANCIS GEORGE,School Building Repair,"Construction of additional classroom at Kisan Nagar school, HOWRAH",894080.36,2025-12-27,2026-07-25,Bharat Infra Solutions,Ongoing,1443853.62,7,constituency + work_category,-38.07680033381778,0.0,7,1,0.14285714285714285,14.285714285714285,WS/99589/2025/00544,"Construction of additional classroom at Kisan Nagar school, HOWRAH",1.0000000000000002,100.0,0.0,4.285714285714286,25.0,29.285714285714285,Medium,65.21739130434783,False,Text Similarity,Project description has 1.00 semantic similarity with project WS/99589/2025/00544.,16.69246595477317,0
648,WS/61987/2025/00208,Maharashtra,NANDURBAR(ST),ADITYA YADAV,Water Supply / Handpump,"Water supply pipeline extension to Gandhi Chowk area, NANDURBAR(ST)",282121.34,2025-05-12,2026-03-13,Ganesh Engineering Works,Ongoing,635482.84,7,constituency + work_category,-55.605199347318326,0.0,7,1,0.14285714285714285,14.285714285714285,WS/34470/2023/00772,"Water supply pipeline extension to Gandhi Chowk area, NANDURBAR(ST)",1.0000000000000002,100.0,0.0,4.285714285714286,25.0,29.285714285714285,Medium,77.5530839231547,False,Text Similarity,Project description has 1.00 semantic similarity with project WS/34470/2023/00772.,16.703960071613935,0
649,WS/58177/2025/00260,West Bengal,TAMLUK,ADV ADOOR PRAKASH,School Building Repair,"Construction of additional classroom at Nehru Path school, TAMLUK",525063.51,2025-07-04,2025-10-24,Om Sai Infra Pvt Ltd,New Recommendation,1028136.42,7,constituency + work_category,-48.930560207175624,0.0,7,1,0.14285714285714285,14.285714285714285,WS/39329/2025/00324,"Construction of additional classroom at Nehru Path school, TAMLUK",1.0,100.0,0.0,4.285714285714286,25.0,29.285714285714285,Medium,73.1041456016178,False,Text Similarity,Project description has 1.00 semantic similarity with project WS/39329/2025/00324.,74.92183130474292,1
650,WS/50730/2025/00079,Bihar,PATNA_SAHIB,VIKRAM SINGH RATHORE,Road Construction,"CC road construction at Station Road ward, PATNA_SAHIB",849078.05,2025-01-05,2026-01-11,Ganesh Engineering Works,Ongoing,1339439.56,7,constituency + work_category,-36.60945403165485,0.0,7,1,0.14285714285714285,14.285714285714285,WS/69270/2023/00285,"CC road construction at Station Road ward, PATNA_SAHIB",1.0000000000000002,100.0,0.0,4.285714285714286,25.0,29.285714285714285,Medium,63.397371081900914,False,Text Similarity,Project description has 1.00 semantic similarity with project WS/69270/2023/00285.,16.170960578429078,0
651,WS/32312/2025/00976,Maharashtra,NANDURBAR(ST),ANITA JOSHI,Water Supply / Handpump,"Installation of handpump at Bazaar Road village, GAYA",635482.84,2025-04-26,2025-11-28,Deep Construction Co.,Ongoing,635482.84,7,constituency + work_category,0.0,0.0,7,1,0.14285714285714285,14.285714285714285,WS/42441/2024/00978,"Installation of handpump at Bazaar Road village, GAYA",0.9999999999999999,99.99999999999999,0.0,4.285714285714286,24.999999999999996,29.28571428571428,Medium,27.80586450960566,False,Text Similarity,Project description has 1.00 semantic similarity with project WS/42441/2024/00978.,40.80727450062732,0
652,WS/32427/2025/00877,Uttar Pradesh,VARANASI,ADV GOWAAL KAGADA PADAVI,Solar Light Installation,"Solar light installation near Gandhi Chowk hanuman mandir, VARANASI",177117.71,2025-03-26,2025-10-09,United Rural Builders,Completed,278399.94,7,constituency + work_category,-36.38011919111764,0.0,7,1,0.14285714285714285,14.285714285714285,WS/78864/2024/00371,"Solar light installation near Gandhi Chowk hanuman mandir, VARANASI",0.9999999999999998,99.99999999999997,0.0,4.285714285714286,24.999999999999993,29.285714285714278,Medium,63.19514661274014,False,Text Similarity,Project description has 1.00 semantic similarity with project WS/78864/2024/00371.,10.203606672828338,0
653,WS/23159/2025/00652,Maharashtra,NAGPUR,VIKRAM SINGH RATHORE,Water Supply / Handpump,"Water supply pipeline extension to Shanti Nagar area, NAGPUR",489072.92,2025-08-09,2026-03-27,Deep Construction Co.,Sanctioned,628713.88,7,constituency + work_category,-22.210573750972383,0.0,7,1,0.14285714285714285,14.285714285714285,WS/39333/2025/00521,"Water supply pipeline extension to Shanti Nagar area, NAGPUR",0.9999999999999998,99.99999999999997,0.0,4.285714285714286,24.999999999999993,29.285714285714278,Medium,50.6572295247725,False,Text Similarity,Project description has 1.00 semantic similarity with project WS/39333/2025/00521.,8.2028782345999,0
654,WS/49021/2024/00248,Uttar Pradesh,BADAUN,MEERA IYER,Streetlight Installation,"LED streetlight installation along Andouli road, BADAUN",248343.87,2024-06-09,2024-09-29,Deep Construction Co.,Ongoing,445472.48,7,constituency + work_category,-44.25157980578284,0.0,7,1,0.14285714285714285,14.285714285714285,WS/46760/2025/00510,"LED streetlight installation along Andouli road, BADAUN",0.9999999999999997,99.99999999999997,0.0,4.285714285714286,24.999999999999993,29.285714285714278,Medium,69.66632962588474,False,Text Similarity,Project description has 1.00 semantic similarity with project WS/46760/2025/00510.,8.403709872002745,0
655,WS/85090/2024/00483,Maharashtra,NAGPUR,ANITA JOSHI,Water Supply / Handpump,"Water supply pipeline extension to Shanti Nagar area, NAGPUR",628713.88,2024-12-31,2025-06-25,Sri Lakshmi Contractors,Ongoing,628713.88,7,constituency + work_category,0.0,0.0,7,1,0.14285714285714285,14.285714285714285,WS/39333/2025/00521,"Water supply pipeline extension to Shanti Nagar area, NAGPUR",0.9999999999999998,99.99999999999997,0.0,4.285714285714286,24.999999999999993,29.285714285714278,Medium,27.704752275025278,False,Text Similarity,Project description has 1.00 semantic similarity with project WS/39333/2025/00521.,8.892784875449774,0
656,WS/38752/2024/00400,Uttar Pradesh,BADAUN,ADV GOWAAL KAGADA PADAVI,Road Construction,Construction of concrete road from Subhash Nagar to Bazaar Road in BADAUN,1168208.81,2024-12-12,2025-10-09,Metro Civil Works Pvt Ltd,Ongoing,1251443.99,6,constituency + work_category,-6.651131066600906,0.0,6,1,0.16666666666666666,16.666666666666664,WS/22648/2023/00615,Construction of concrete road from Ram Nagar to Bazaar Road in BADAUN,0.970840141762367,97.08401417623669,0.0,4.999999999999999,24.271003544059173,29.271003544059173,Medium,5.460060667340748,False,Text Similarity,Project description has 0.97 semantic similarity with project WS/22648/2023/00615.,4.074706400831009,0
657,WS/36972/2024/00240,Maharashtra,AURANGABAD_MH,ADITYA YADAV,School Building Repair,"Repair and renovation of Govt. School building at Nehru Path, AURANGABAD_MH",1229084.42,2024-05-03,2024-07-04,Deep Construction Co.,Ongoing,1224450.24,7,constituency + work_category,0.37847025943658885,0.1261567531455296,7,1,0.14285714285714285,14.285714285714285,WS/79550/2024/00815,"Repair and renovation of Govt. School building at Nehru Path, AURANGABAD_BR",0.9969677988881975,99.69677988881975,0.05677053891548832,4.285714285714286,24.924194972204937,29.266679796834712,Medium,24.26693629929221,False,Text Similarity,Project description has 1.00 semantic similarity with project WS/79550/2024/00815.,5.370295538230167,0
658,WS/54267/2023/00694,Maharashtra,PUNE,ADV DEAN KURIAKOSE,Community Hall,"Construction of community hall at Subhash Nagar, PUNE",3192319.65,2023-09-26,2024-08-08,Shree Balaji Construction Co.,Completed,2859576.19,8,constituency + work_category,11.636111014059043,3.8787036713530143,8,1,0.125,12.5,WS/18232/2023/00142,"Construction of community hall at Ram Nagar, PUNE",0.9505567257476935,95.05567257476935,1.7454166521088565,3.75,23.763918143692337,29.259334795801195,Medium,6.774519716885743,False,Text Similarity,Project description has 0.95 semantic similarity with project WS/18232/2023/00142.,5.430604967654199,0
659,WS/78732/2024/00215,Bihar,AURANGABAD_BR,ANITA JOSHI,Solar Light Installation,"Solar light installation near Shanti Nagar hanuman mandir, AURANGABAD_BR",344250.68,2024-06-14,2024-11-12,Om Sai Infra Pvt Ltd,Completed,298203.85,12,constituency + work_category,15.441393529962816,5.147131176654272,12,1,0.08333333333333333,8.333333333333332,WS/29119/2025/00825,"Solar light installation near Kisan Nagar hanuman mandir, AURANGABAD_BR",0.9767679857917311,97.67679857917311,2.316209029494422,2.4999999999999996,24.419199644793277,29.235408674287697,Medium,46.00606673407482,False,Text Similarity,Project description has 0.98 semantic similarity with project WS/29119/2025/00825.,5.2130406871698955,0
660,WS/58530/2025/00928,Bihar,GAYA,PRIYA VERMA,Drainage / Nala,"Covered drain construction from Vivekanand Marg to Andouli, GAYA",613277.0,2025-12-01,2026-05-07,Shree Balaji Construction Co.,Completed,762825.9,15,state + work_category,-19.604591296651048,0.0,15,3,0.2,20.0,WS/95720/2024/00788,"Covered drain construction from Vivekanand Marg to Andouli, TAMLUK",0.9291609843872153,92.91609843872153,0.0,6.0,23.229024609680383,29.229024609680383,Medium,22.345803842264914,False,Text Similarity,Project description has 0.93 semantic similarity with project WS/95720/2024/00788.,5.123032843708296,0
661,WS/95720/2024/00788,West Bengal,TAMLUK,ADV ADOOR PRAKASH,Drainage / Nala,"Covered drain construction from Vivekanand Marg to Andouli, TAMLUK",395296.78,2024-02-26,2024-07-23,Shree Balaji Construction Co.,Sanctioned,750585.74,5,constituency + work_category,-47.33489341270992,0.0,5,1,0.2,20.0,WS/58530/2025/00928,"Covered drain construction from Vivekanand Marg to Andouli, GAYA",0.9291609843872153,92.91609843872153,0.0,6.0,23.229024609680383,29.229024609680383,Medium,52.07280080889788,False,Text Similarity,Project description has 0.93 semantic similarity with project WS/58530/2025/00928.,5.014599108768537,0
662,WS/12942/2023/00398,Kerala,ATTINGAL,VIKRAM SINGH RATHORE,Water Supply / Handpump,"Installation of handpump at Gandhi Chowk village, ATTINGAL",535170.25,2023-11-02,2024-10-29,National Builders & Contractors,Sanctioned,472150.405,8,constituency + work_category,13.347408862224732,4.449136287408244,8,1,0.125,12.5,WS/46231/2025/00764,"Installation of handpump at Gandhi Chowk village, MURSHIDABAD",0.9389609328215688,93.89609328215688,2.00211132933371,3.75,23.47402332053922,29.226134649872932,Medium,12.942366026289182,False,Text Similarity,Project description has 0.94 semantic similarity with project WS/46231/2025/00764.,5.612075235064258,0
663,WS/60956/2025/00559,Kerala,IDUKKI,ABU TAHER KHAN,Road Construction,"CC road construction at Ram Nagar ward, IDUKKI",1128257.62,2025-04-07,2026-04-05,Ganesh Engineering Works,Sanctioned,1266207.67,6,constituency + work_category,-10.89474130258584,0.0,6,1,0.16666666666666666,16.666666666666664,WS/78657/2024/00495,"CC road construction at Kisan Nagar ward, IDUKKI",0.9685101565129046,96.85101565129047,0.0,4.999999999999999,24.212753912822617,29.212753912822617,Medium,6.572295247724974,False,Text Similarity,Project description has 0.97 semantic similarity with project WS/78657/2024/00495.,4.209206909633194,0
664,WS/48980/2025/00306,Jammu And Kashmir,BARAMULLAH,SANJAY DESHMUKH,Water Supply / Handpump,"Installation of handpump at Gandhi Chowk village, BARAMULLAH",587878.7,2025-11-03,2026-10-05,Bharat Infra Solutions,New Recommendation,503772.11,9,constituency + work_category,16.695364497252534,5.565121499084177,9,1,0.1111111111111111,11.11111111111111,WS/12942/2023/00398,"Installation of handpump at Gandhi Chowk village, ATTINGAL",0.9349631142798642,93.49631142798643,2.5043046745878796,3.333333333333333,23.374077856996607,29.21171586491782,Medium,22.446916076845298,False,Text Similarity,Project description has 0.93 semantic similarity with project WS/12942/2023/00398.,4.024359743343475,0
665,WS/23606/2024/00932,Bihar,GAYA,PRIYA VERMA,Water Supply / Handpump,"Installation of handpump at Ram Nagar village, GAYA",398273.85,2024-12-26,2025-04-15,Shree Balaji Construction Co.,Completed,792124.59,5,constituency + work_category,-49.72080717756786,0.0,5,1,0.2,20.0,WS/16564/2025/00346,"Installation of handpump at Ram Nagar village, ATTINGAL",0.9284655424265522,92.84655424265522,0.0,6.0,23.211638560663804,29.211638560663804,Medium,55.106167846309404,False,Text Similarity,Project description has 0.93 semantic similarity with project WS/16564/2025/00346.,4.8469317667995195,0
666,WS/55508/2025/00056,Uttar Pradesh,LUCKNOW,ABHIJIT GANGOPADHYAY,Water Supply / Handpump,"Water supply pipeline extension to Station Road area, LUCKNOW",740736.62,2025-08-18,2026-08-20,Om Sai Infra Pvt Ltd,Completed,590699.13,9,constituency + work_category,25.399984929722173,8.466661643240725,9,1,0.1111111111111111,11.11111111111111,WS/31802/2025/00399,"Water supply pipeline extension to Nehru Path area, LUCKNOW",0.8826043043761334,88.26043043761334,3.809997739458326,3.333333333333333,22.065107609403334,29.208438682194995,Medium,73.81193124368049,False,Text Similarity,Project description has 0.88 semantic similarity with project WS/31802/2025/00399.,6.166189223471274,0
667,WS/48230/2024/00281,Kerala,ERNAKULAM,ABHAY KUMAR SINHA,Streetlight Installation,"LED streetlight installation along Nehru Path road, ERNAKULAM",405519.33,2024-06-19,2025-07-23,National Builders & Contractors,Ongoing,369398.16500000004,8,constituency + work_category,9.778382358775382,3.2594607862584604,8,1,0.125,12.5,WS/47606/2024/00040,"LED streetlight installation along Gandhi Chowk road, ERNAKULAM",0.9591609005738365,95.91609005738366,1.4667573538163072,3.75,23.979022514345914,29.19577986816222,Medium,10.819009100101113,False,Text Similarity,Project description has 0.96 semantic similarity with project WS/47606/2024/00040.,4.7033044215436375,0
668,WS/14405/2025/00412,West Bengal,TAMLUK,ADITYA YADAV,Solar Light Installation,"Solar light installation near Bazaar Road hanuman mandir, TAMLUK",329909.48,2025-07-02,2026-05-23,Bharat Infra Solutions,Ongoing,315357.8,7,constituency + work_category,4.614339648488159,1.5381132161627198,7,1,0.14285714285714285,14.285714285714285,WS/51120/2023/00654,"Solar light installation near Bazaar Road hanuman mandir, IDUKKI",0.9685598825586261,96.85598825586261,0.6921509472732239,4.285714285714286,24.213997063965653,29.19186229695316,Medium,8.190091001011123,False,Text Similarity,Project description has 0.97 semantic similarity with project WS/51120/2023/00654.,4.7954214353778255,0
669,WS/84345/2025/00525,West Bengal,HOWRAH,ABHAY KUMAR SINHA,Community Hall,"Construction of community hall at Vivekanand Marg, HOWRAH",2020595.36,2025-03-11,2026-03-08,Sri Lakshmi Contractors,Sanctioned,2356058.86,9,constituency + work_category,-14.238332738427417,0.0,9,2,0.2222222222222222,22.22222222222222,WS/42370/2024/00868,"Construction of community hall at Vivekanand Marg, KANPUR",0.9009633483865489,90.09633483865488,0.0,6.666666666666666,22.52408370966372,29.190750376330385,Medium,51.36501516683518,False,Text Similarity,Project description has 0.90 semantic similarity with project WS/42370/2024/00868.,3.989262467389897,0
670,WS/19390/2025/00472,West Bengal,HOWRAH,ADITYA YADAV,Streetlight Installation,"LED streetlight installation along Nehru Path road, HOWRAH",427198.58,2025-04-23,2026-03-17,Ganesh Engineering Works,Ongoing,427198.58,5,constituency + work_category,0.0,0.0,5,1,0.2,20.0,WS/58434/2025/00027,"LED streetlight installation along Nehru Path road, AURANGABAD_MH",0.9268686687717989,92.68686687717988,0.0,6.0,23.17171671929497,29.17171671929497,Medium,8.59453993933266,False,Text Similarity,Project description has 0.93 semantic similarity with project WS/58434/2025/00027.,5.540499771622035,0
671,WS/77965/2024/00806,Maharashtra,HINGOLI,ABHAY KUMAR SINHA,Water Supply / Handpump,"Installation of handpump at Gandhi Chowk village, HINGOLI",698126.63,2024-04-28,2025-01-16,Deep Construction Co.,Completed,698126.63,5,constituency + work_category,0.0,0.0,5,1,0.2,20.0,WS/12942/2023/00398,"Installation of handpump at Gandhi Chowk village, ATTINGAL",0.9265862730240944,92.65862730240943,0.0,6.0,23.164656825602357,29.164656825602357,Medium,9.100101112234581,False,Text Similarity,Project description has 0.93 semantic similarity with project WS/12942/2023/00398.,5.540499771622035,0
672,WS/40169/2024/00762,Bihar,GAYA,ABHAY KUMAR SINHA,Drainage / Nala,"Covered drain construction from Bazaar Road to Andouli, GAYA",976460.48,2024-01-28,2024-11-10,United Rural Builders,New Recommendation,762825.9,15,state + work_category,28.005679932996504,9.335226644332167,15,1,0.06666666666666667,6.666666666666667,WS/46002/2024/00126,"Covered drain construction from Bazaar Road to Andouli, KOTTAYAM",0.9177555586195928,91.77555586195928,4.200851989949475,2.0,22.94388896548982,29.144740955439296,Medium,65.4196157735086,False,Text Similarity,Project description has 0.92 semantic similarity with project WS/46002/2024/00126.,8.82849546030098,0
673,WS/74463/2025/00889,West Bengal,MURSHIDABAD,RAJESH KUMAR SHARMA,Water Supply / Handpump,"Installation of handpump at Shanti Nagar village, MURSHIDABAD",400792.35,2025-10-30,2026-07-13,Progressive Engineers & Contractors,Completed,400792.35,11,constituency + work_category,0.0,0.0,11,2,0.18181818181818182,18.181818181818183,WS/48152/2023/00830,"Installation of handpump at Shanti Nagar village, KOTTAYAM",0.9473646003840474,94.73646003840473,0.0,5.454545454545455,23.684115009601182,29.13866046414664,Medium,0.20222446916076847,False,Text Similarity,Project description has 0.95 semantic similarity with project WS/48152/2023/00830.,5.518727233561424,0
674,WS/36767/2023/00796,Jammu And Kashmir,SRINAGAR,AASHTIKAR PATIL NAGESH BAPURAO,Road Construction,Construction of concrete road from Shanti Nagar to Ram Nagar in SRINAGAR,2278773.46,2023-06-11,2023-11-16,Shree Balaji Construction Co.,Ongoing,1864190.97,7,constituency + work_category,22.23927144116571,7.413090480388569,7,1,0.14285714285714285,14.285714285714285,WS/99573/2023/00365,Construction of concrete road from Nehru Path to Shanti Nagar in NAGPUR,0.8598685407341287,85.98685407341287,3.3358907161748563,4.285714285714286,21.496713518353218,29.11831852024236,Medium,77.04752275025278,False,Text Similarity,Project description has 0.86 semantic similarity with project WS/99573/2023/00365.,4.268848777309721,0
675,WS/83563/2023/00002,Uttar Pradesh,KANPUR,ABDUL RASHID SHEIKH,Road Construction,"CC road construction at Gandhi Chowk ward, KANPUR",959281.91,2023-11-25,2024-10-08,Jai Hind Infrastructure,Completed,1592765.25,6,constituency + work_category,-39.77254903068735,0.0,6,1,0.16666666666666666,16.666666666666664,WS/98826/2024/00323,"CC road construction at Gandhi Chowk ward, AURANGABAD_BR",0.9646941358493468,96.46941358493468,0.0,4.999999999999999,24.11735339623367,29.11735339623367,Medium,28.816986855409503,False,Text Similarity,Project description has 0.96 semantic similarity with project WS/98826/2024/00323.,3.813129119566817,0
676,WS/28024/2023/00488,Jammu And Kashmir,JAMMU,VIKRAM SINGH RATHORE,Water Supply / Handpump,"Installation of handpump at Shanti Nagar village, JAMMU",654697.99,2023-10-06,2024-06-20,Metro Civil Works Pvt Ltd,Sanctioned,717170.38,5,constituency + work_category,-8.710955128961128,0.0,5,1,0.2,20.0,WS/43792/2024/00417,"Installation of handpump at Ram Nagar village, SRINAGAR",0.9246018908488175,92.46018908488175,0.0,6.0,23.115047271220437,29.115047271220437,Medium,16.582406471183013,False,Text Similarity,Project description has 0.92 semantic similarity with project WS/43792/2024/00417.,4.809455162078939,0
677,WS/98063/2023/00329,West Bengal,TAMLUK,ADITYA YADAV,Community Hall,"Multipurpose community centre building at Vivekanand Marg panchayat, TAMLUK",3316374.69,2023-11-14,2024-10-12,Progressive Engineers & Contractors,Sanctioned,3226904.3049999997,6,constituency + work_category,2.772638310388329,0.924212770129443,6,1,0.16666666666666666,16.666666666666664,WS/62354/2023/00413,"Multipurpose community centre building at Vivekanand Marg panchayat, LUCKNOW",0.9465353042837223,94.65353042837224,0.41589574655824935,4.999999999999999,23.66338260709306,29.079278353651308,Medium,0.10111223458038424,False,Text Similarity,Project description has 0.95 semantic similarity with project WS/62354/2023/00413.,5.827625514823937,0
678,WS/71263/2024/00158,Jammu And Kashmir,BARAMULLAH,ADV ADOOR PRAKASH,Solar Light Installation,"Solar light installation near Station Road hanuman mandir, BARAMULLAH",272907.68,2024-04-04,2025-03-13,Jai Hind Infrastructure,New Recommendation,280850.19999999995,12,constituency + work_category,-2.8280271831745045,0.0,12,2,0.16666666666666666,16.666666666666664,WS/59688/2024/00854,"Solar light installation near Shanti Nagar hanuman mandir, BARAMULLAH",0.9627352695993612,96.27352695993612,0.0,4.999999999999999,24.06838173998403,29.06838173998403,Medium,1.0111223458038423,False,Text Similarity,Project description has 0.96 semantic similarity with project WS/59688/2024/00854.,4.168326429703088,0
679,WS/27102/2024/00871,Kerala,KOTTAYAM,ADV ADOOR PRAKASH,Water Supply / Handpump,"Installation of handpump at Panchayat Bhavan Marg village, KOTTAYAM",393162.86,2024-11-19,2025-08-02,Om Sai Infra Pvt Ltd,Completed,502250.28,6,constituency + work_category,-21.71973303827726,0.0,6,1,0.16666666666666666,16.666666666666664,WS/78690/2025/00455,"Installation of handpump at Panchayat Bhavan Marg village, LUCKNOW",0.9625292320879781,96.25292320879781,0.0,4.999999999999999,24.063230802199453,29.063230802199453,Medium,10.414560161779574,False,Text Similarity,Project description has 0.96 semantic similarity with project WS/78690/2025/00455.,4.505663319940772,0
680,WS/71824/2023/00292,West Bengal,KANTHI,ADHIKARI SOUMENDU,Road Construction,"CC road construction at Station Road ward, KANTHI",1342091.86,2023-11-11,2024-01-25,Bharat Infra Solutions,Completed,1526581.795,10,constituency + work_category,-12.085165407072068,0.0,10,2,0.2,20.0,WS/85132/2024/00746,"CC road construction at Shanti Nagar ward, KANTHI",0.9217884580755475,92.17884580755475,0.0,6.0,23.044711451888688,29.044711451888688,Medium,21.23356926188069,False,Text Similarity,Project description has 0.92 semantic similarity with project WS/85132/2024/00746.,5.089711127269559,0
681,WS/51207/2023/00154,Bihar,PATNA_SAHIB,MEERA IYER,Solar Light Installation,"Solar light installation near Panchayat Bhavan Marg hanuman mandir, PATNA_SAHIB",126909.9,2023-08-19,2024-07-15,New India Construction Co.,Sanctioned,179785.09,13,constituency + work_category,-29.41021972400492,0.0,13,2,0.15384615384615385,15.384615384615385,WS/79501/2024/00545,"Solar light installation near Panchayat Bhavan Marg hanuman mandir, AURANGABAD_BR",0.9762093356193418,97.62093356193418,0.0,4.615384615384615,24.405233390483545,29.020618005868158,Medium,33.26592517694641,False,Text Similarity,Project description has 0.98 semantic similarity with project WS/79501/2024/00545.,3.06621583770653,0
682,WS/16674/2023/00687,West Bengal,HOWRAH,AASHTIKAR PATIL NAGESH BAPURAO,Solar Light Installation,"Solar light installation near Vivekanand Marg hanuman mandir, HOWRAH",257330.7,2023-12-05,2024-05-16,Bharat Infra Solutions,Sanctioned,301476.75,6,constituency + work_category,-14.6432685107558,0.0,6,1,0.16666666666666666,16.666666666666664,WS/12180/2024/00174,"Solar light installation near Vivekanand Marg hanuman mandir, VARANASI",0.9605425721330088,96.05425721330087,0.0,4.999999999999999,24.013564303325218,29.013564303325218,Medium,4.853387259858443,False,Text Similarity,Project description has 0.96 semantic similarity with project WS/12180/2024/00174.,4.480989004910444,0
683,WS/31319/2023/00303,West Bengal,HOWRAH,PRIYA VERMA,Community Hall,"Construction of community hall at Ambedkar Colony, HOWRAH",2865059.92,2023-07-13,2024-05-13,Jai Hind Infrastructure,Ongoing,2356058.86,9,constituency + work_category,21.6039195217729,7.201306507257634,9,1,0.1111111111111111,11.11111111111111,WS/41850/2023/00018,"Construction of community hall at Ambedkar Colony, AURANGABAD_MH",0.8975027193036262,89.75027193036263,3.2405879282659353,3.333333333333333,22.437567982590657,29.011489244189924,Medium,60.46511627906976,False,Text Similarity,Project description has 0.90 semantic similarity with project WS/41850/2023/00018.,5.485081993022309,0
684,WS/75374/2024/00425,Uttar Pradesh,VARANASI,ADV ADOOR PRAKASH,Community Hall,"Multipurpose community centre building at Subhash Nagar panchayat, VARANASI",2678363.41,2024-12-18,2025-08-10,New India Construction Co.,Ongoing,2368873.495,24,state + work_category,13.06485617122412,4.354952057074707,24,3,0.125,12.5,WS/37425/2025/00758,"Multipurpose community centre building at Kisan Nagar panchayat, VARANASI",0.9316797178700762,93.16797178700762,1.959728425683618,3.75,23.291992946751904,29.001721372435522,Medium,17.290192113245702,False,Text Similarity,Project description has 0.93 semantic similarity with project WS/37425/2025/00758.,5.548004955440738,0
685,WS/54062/2024/00470,West Bengal,HOWRAH,ANITA JOSHI,Road Construction,"CC road construction at Ram Nagar ward, HOWRAH",1177545.57,2024-01-22,2024-10-09,National Builders & Contractors,Ongoing,1703447.29,10,constituency + work_category,-30.872790903908744,0.0,10,2,0.2,20.0,WS/79603/2025/00336,"CC road construction at Gandhi Chowk ward, HOWRAH",0.9200609308469906,92.00609308469906,0.0,6.0,23.001523271174765,29.001523271174765,Medium,44.08493427704752,False,Text Similarity,Project description has 0.92 semantic similarity with project WS/79603/2025/00336.,5.7135017045084115,0
686,WS/99208/2024/00407,Uttar Pradesh,VARANASI,ADV DEAN KURIAKOSE,Solar Light Installation,"Solar street light at Subhash Nagar chowk parisar, VARANASI",287636.71,2024-10-30,2025-07-04,Jai Hind Infrastructure,New Recommendation,278399.94,7,constituency + work_category,3.3178060311363637,1.1059353437121213,7,1,0.14285714285714285,14.285714285714285,WS/80455/2024/00726,"Solar street light at Subhash Nagar chowk parisar, AURANGABAD_MH",0.9675595521737911,96.75595521737911,0.4976709046704546,4.285714285714286,24.188988804344778,28.972373994729516,Low,6.673407482305358,False,Text Similarity,Project description has 0.97 semantic similarity with project WS/80455/2024/00726.,4.810534785503771,0
687,WS/50063/2025/00850,Uttar Pradesh,VARANASI,ADV DEAN KURIAKOSE,School Building Repair,"Repair and renovation of Govt. School building at Subhash Nagar, VARANASI",1128832.53,2025-04-05,2025-09-29,Bharat Infra Solutions,Completed,1112755.5899999999,8,constituency + work_category,1.4447862715297777,0.4815954238432592,8,1,0.125,12.5,WS/45785/2024/00763,"Repair and renovation of Govt. School building at Subhash Nagar, VARANASI",0.9999999999999999,99.99999999999999,0.21671794072946665,3.75,24.999999999999996,28.966717940729463,Low,36.602628918099086,False,Text Similarity,Project description has 1.00 semantic similarity with project WS/45785/2024/00763.,41.38872898320778,0
688,WS/70031/2025/00591,West Bengal,KANTHI,ADV K FRANCIS GEORGE,School Building Repair,"Repair and renovation of Govt. School building at Nehru Path, KANTHI",1230700.16,2025-03-14,2026-02-08,United Rural Builders,Sanctioned,1336958.19,5,constituency + work_category,-7.9477451721957015,0.0,5,1,0.2,20.0,WS/36972/2024/00240,"Repair and renovation of Govt. School building at Nehru Path, AURANGABAD_MH",0.9183870881064548,91.83870881064547,0.0,6.0,22.959677202661368,28.959677202661368,Low,20.323559150657232,False,Text Similarity,Project description has 0.92 semantic similarity with project WS/36972/2024/00240.,4.945304655701251,0
689,WS/73461/2024/00724,West Bengal,HOWRAH,ABHIJIT GANGOPADHYAY,Community Hall,"Construction of community hall at Andouli, HOWRAH",1651579.94,2024-07-19,2025-06-27,Sri Lakshmi Contractors,Completed,2356058.86,9,constituency + work_category,-29.90073516244836,0.0,9,2,0.2222222222222222,22.22222222222222,WS/52413/2023/00296,"Construction of community hall at Andouli, KANPUR",0.8910566869103418,89.10566869103418,0.0,6.666666666666666,22.276417172758546,28.943083839425213,Low,71.89079878665319,False,Text Similarity,Project description has 0.89 semantic similarity with project WS/52413/2023/00296.,3.639372875996699,0
690,WS/37490/2025/00638,Kerala,ATTINGAL,ADV K FRANCIS GEORGE,Community Hall,"Multipurpose community centre building at Vivekanand Marg panchayat, ATTINGAL",1668174.44,2025-06-29,2026-05-26,Metro Civil Works Pvt Ltd,Sanctioned,2172665.62,6,constituency + work_category,-23.219918212725258,0.0,6,1,0.16666666666666666,16.666666666666664,WS/62354/2023/00413,"Multipurpose community centre building at Vivekanand Marg panchayat, LUCKNOW",0.9570978138418309,95.70978138418309,0.0,4.999999999999999,23.927445346045772,28.927445346045772,Low,8.291203235591507,False,Text Similarity,Project description has 0.96 semantic similarity with project WS/62354/2023/00413.,4.082466770831063,0
691,WS/28961/2024/00893,West Bengal,HOWRAH,VIKRAM SINGH RATHORE,Solar Light Installation,"Solar light installation near Ram Nagar hanuman mandir, HOWRAH",123559.77,2024-11-12,2025-08-17,Deep Construction Co.,New Recommendation,301476.75,6,constituency + work_category,-59.015157885309556,0.0,6,1,0.16666666666666666,16.666666666666664,WS/23937/2024/00563,"Solar light installation near Ram Nagar hanuman mandir, ATTINGAL",0.9564764722547223,95.64764722547223,0.0,4.999999999999999,23.911911806368057,28.911911806368057,Low,41.75935288169869,False,Text Similarity,Project description has 0.96 semantic similarity with project WS/23937/2024/00563.,3.5611987610893827,0
692,WS/68341/2025/00156,Uttar Pradesh,VARANASI,VIKRAM SINGH RATHORE,Drainage / Nala,"Covered drain construction from Ram Nagar to Panchayat Bhavan Marg, VARANASI",410373.68,2025-08-21,2025-11-26,Metro Civil Works Pvt Ltd,Ongoing,655737.06,5,constituency + work_category,-37.41795225055605,0.0,5,1,0.2,20.0,WS/97914/2024/00833,"Covered drain construction from Panchayat Bhavan Marg to Ram Nagar, BARAMULLAH",0.9163009568328082,91.63009568328081,0.0,6.0,22.907523920820204,28.907523920820204,Low,53.083923154701715,False,Text Similarity,Project description has 0.92 semantic similarity with project WS/97914/2024/00833.,4.833428830530429,0
693,WS/19116/2024/00005,West Bengal,TAMLUK,RAVI SHANKAR PRASAD JI,Community Hall,"Construction of community hall at Andouli, TAMLUK",3573511.66,2024-12-24,2025-08-26,Jai Hind Infrastructure,Ongoing,3226904.3049999997,6,constituency + work_category,10.741172412920392,3.5803908043067967,6,1,0.16666666666666666,16.666666666666664,WS/61546/2025/00701,"Construction of community hall at Andouli, ATTINGAL",0.8915964258863232,89.15964258863231,1.6111758619380585,4.999999999999999,22.289910647158077,28.901086509096135,Low,36.19817997977755,False,Text Similarity,Project description has 0.89 semantic similarity with project WS/61546/2025/00701.,5.549142550961671,0
694,WS/31964/2024/00431,Uttar Pradesh,KANPUR,MEERA IYER,Road Construction,"Widening and strengthening of road near Panchayat Bhavan Marg village, KANPUR",1447820.7,2024-01-19,2024-11-11,Progressive Engineers & Contractors,Ongoing,1592765.25,6,constituency + work_category,-9.100182842386852,0.0,6,1,0.16666666666666666,16.666666666666664,WS/69129/2023/00378,"Widening and strengthening of road near Panchayat Bhavan Marg village, SRINAGAR",0.9560376655650059,95.60376655650059,0.0,4.999999999999999,23.900941639125147,28.900941639125147,Low,1.2133468149646107,False,Text Similarity,Project description has 0.96 semantic similarity with project WS/69129/2023/00378.,4.211579166024127,0
695,WS/83272/2025/00452,Kerala,ERNAKULAM,RAJESH KUMAR SHARMA,Water Supply / Handpump,"Water supply pipeline extension to Nehru Path area, ERNAKULAM",294312.52,2025-10-07,2025-12-26,Metro Civil Works Pvt Ltd,Sanctioned,373343.33,5,constituency + work_category,-21.16840014257118,0.0,5,1,0.2,20.0,WS/48745/2023/00328,"Water supply pipeline extension to Nehru Path area, AURANGABAD_MH",0.915846817991435,91.5846817991435,0.0,6.0,22.896170449785874,28.896170449785874,Low,38.119312436804854,False,Text Similarity,Project description has 0.92 semantic similarity with project WS/48745/2023/00328.,4.833428830530429,0
696,WS/31012/2025/00138,Bihar,GAYA,ABHIJIT GANGOPADHYAY,Water Supply / Handpump,"Installation of handpump at Nehru Path village, GAYA",792124.59,2025-08-19,2025-12-20,Bharat Infra Solutions,Completed,792124.59,5,constituency + work_category,0.0,0.0,5,1,0.2,20.0,WS/35362/2025/00368,"Installation of handpump at Nehru Path village, KANPUR",0.915803164325818,91.5803164325818,0.0,6.0,22.89507910814545,28.89507910814545,Low,15.874620829120323,False,Text Similarity,Project description has 0.92 semantic similarity with project WS/35362/2025/00368.,6.342012218933933,0
697,WS/39156/2024/00795,Maharashtra,NANDURBAR(ST),ADV K FRANCIS GEORGE,Community Hall,"Multipurpose community centre building at Bazaar Road panchayat, NANDURBAR(ST)",2105622.46,2024-10-04,2024-12-30,Progressive Engineers & Contractors,Ongoing,2827636.605,6,constituency + work_category,-25.534191477196554,0.0,6,1,0.16666666666666666,16.666666666666664,WS/10803/2024/00507,"Multipurpose community centre building at Ram Nagar panchayat, NANDURBAR(ST)",0.9555658307838604,95.55658307838604,0.0,4.999999999999999,23.88914576959651,28.88914576959651,Low,8.998988877654195,False,Text Similarity,Project description has 0.96 semantic similarity with project WS/10803/2024/00507.,3.8395539856157144,0
698,WS/25674/2023/00606,Uttar Pradesh,VARANASI,VIKRAM SINGH RATHORE,Streetlight Installation,"Installation of streetlights at Vivekanand Marg chowk, VARANASI",346230.83,2023-12-21,2025-01-05,Progressive Engineers & Contractors,Sanctioned,370533.855,6,constituency + work_category,-6.558921586260983,0.0,6,1,0.16666666666666666,16.666666666666664,WS/88504/2024/00013,"Installation of streetlights at Vivekanand Marg chowk, KOTTAYAM",0.9553438078514327,95.53438078514327,0.0,4.999999999999999,23.883595196285818,28.883595196285818,Low,0.5055611729019212,False,Text Similarity,Project description has 0.96 semantic similarity with project WS/88504/2024/00013.,4.2150756695206315,0
699,WS/79391/2024/00214,Uttar Pradesh,KANPUR,VIKRAM SINGH RATHORE,Road Construction,"CC road construction at Kisan Nagar ward, KANPUR",811241.01,2024-10-16,2025-07-13,Shree Balaji Construction Co.,Completed,1592765.25,6,constituency + work_category,-49.06713277427418,0.0,6,1,0.16666666666666666,16.666666666666664,WS/78657/2024/00495,"CC road construction at Kisan Nagar ward, IDUKKI",0.952934397722905,95.2934397722905,0.0,4.999999999999999,23.823359943072624,28.823359943072624,Low,27.401415571284126,False,Text Similarity,Project description has 0.95 semantic similarity with project WS/78657/2024/00495.,5.240141311790746,0
700,WS/39041/2025/00123,Jammu And Kashmir,SRINAGAR,PRIYA VERMA,Streetlight Installation,"Installation of streetlights at Vivekanand Marg chowk, SRINAGAR",185391.19,2025-09-08,2026-04-14,Deep Construction Co.,New Recommendation,449703.55,11,constituency + work_category,-58.774799531824904,0.0,11,2,0.18181818181818182,18.181818181818183,WS/52344/2023/00447,"Installation of streetlights at Shanti Nagar chowk, SRINAGAR",0.9333435109275293,93.33435109275293,0.0,5.454545454545455,23.33358777318823,28.788133227733688,Low,53.28614762386249,False,Text Similarity,Project description has 0.93 semantic similarity with project WS/52344/2023/00447.,4.595073841336983,0
701,WS/63522/2025/00879,Kerala,KOTTAYAM,RAJESH KUMAR SHARMA,Community Hall,"Multipurpose community centre building at Bazaar Road panchayat, KOTTAYAM",1708115.39,2025-03-23,2026-02-27,Bharat Infra Solutions,Ongoing,2408036.685,6,constituency + work_category,-29.066056151050713,0.0,6,1,0.16666666666666666,16.666666666666664,WS/83420/2023/00356,"Multipurpose community centre building at Bazaar Road panchayat, LUCKNOW",0.9512948788754635,95.12948788754635,0.0,4.999999999999999,23.782371971886587,28.782371971886587,Low,8.695652173913043,False,Text Similarity,Project description has 0.95 semantic similarity with project WS/83420/2023/00356.,4.244137602588712,0
702,WS/52624/2023/00436,West Bengal,MURSHIDABAD,ABU TAHER KHAN,Streetlight Installation,"LED streetlight installation along Ambedkar Colony road, MURSHIDABAD",527333.0,2023-04-30,2023-07-16,Progressive Engineers & Contractors,New Recommendation,474252.15,17,state + work_category,11.192537556234585,3.7308458520781946,17,2,0.11764705882352941,11.76470588235294,WS/50481/2023/00792,"LED streetlight installation along Gandhi Chowk road, MURSHIDABAD",0.9426379937280303,94.26379937280302,1.6788806334351876,3.529411764705882,23.565949843200755,28.774242241341824,Low,11.425682507583417,False,Text Similarity,Project description has 0.94 semantic similarity with project WS/50481/2023/00792.,5.251983567606229,0
703,WS/23970/2025/00824,West Bengal,HOWRAH,ADV K FRANCIS GEORGE,Solar Light Installation,"Solar street light at Subhash Nagar chowk parisar, HOWRAH",227758.34,2025-02-24,2025-06-28,United Rural Builders,Ongoing,301476.75,6,constituency + work_category,-24.45243621605978,0.0,6,1,0.16666666666666666,16.666666666666664,WS/80455/2024/00726,"Solar street light at Subhash Nagar chowk parisar, AURANGABAD_MH",0.9505817804592192,95.05817804592192,0.0,4.999999999999999,23.76454451148048,28.76454451148048,Low,5.5611729019211324,False,Text Similarity,Project description has 0.95 semantic similarity with project WS/80455/2024/00726.,4.886994745445855,0
704,WS/69409/2025/00653,Uttar Pradesh,BADAUN,RAJESH KUMAR SHARMA,School Building Repair,"Repair and renovation of Govt. School building at Kisan Nagar, BADAUN",1242962.32,2025-07-11,2026-06-16,Deep Construction Co.,New Recommendation,1283055.99,8,constituency + work_category,-3.124857396129683,0.0,8,1,0.125,12.5,WS/23114/2024/00635,"Repair and renovation of Govt. School building at Kisan Nagar, BADAUN",1.0,100.0,0.0,3.75,25.0,28.75,Low,38.72598584428716,False,Text Similarity,Project description has 1.00 semantic similarity with project WS/23114/2024/00635.,75.0698489884549,1
705,WS/54657/2024/00066,Kerala,ERNAKULAM,ABHIJIT GANGOPADHYAY,Solar Light Installation,"Solar street light at Shanti Nagar chowk parisar, ERNAKULAM",104292.89,2024-01-17,2024-11-12,Metro Civil Works Pvt Ltd,Sanctioned,264186.325,8,constituency + work_category,-60.52297937828538,0.0,8,1,0.125,12.5,WS/16889/2025/00827,"Solar street light at Shanti Nagar chowk parisar, ERNAKULAM",1.0,100.0,0.0,3.75,25.0,28.75,Low,83.51870576339738,False,Text Similarity,Project description has 1.00 semantic similarity with project WS/16889/2025/00827.,71.15538213635658,1
706,WS/23114/2024/00635,Uttar Pradesh,BADAUN,ADV K FRANCIS GEORGE,School Building Repair,"Repair and renovation of Govt. School building at Kisan Nagar, BADAUN",1198494.96,2024-02-25,2025-02-12,Om Sai Infra Pvt Ltd,Sanctioned,1283055.99,8,constituency + work_category,-6.590595473545939,0.0,8,1,0.125,12.5,WS/69409/2025/00653,"Repair and renovation of Govt. School building at Kisan Nagar, BADAUN",1.0,100.0,0.0,3.75,25.0,28.75,Low,42.163801820020225,False,Text Similarity,Project description has 1.00 semantic similarity with project WS/69409/2025/00653.,75.74284188702917,1
707,WS/69245/2024/00106,Uttar Pradesh,BADAUN,ABHAY KUMAR SINHA,School Building Repair,"Repair and renovation of Govt. School building at Station Road, BADAUN",1027585.3,2024-04-05,2025-02-21,Jai Hind Infrastructure,Completed,1283055.99,8,constituency + work_category,-19.911110036593175,0.0,8,1,0.125,12.5,WS/15144/2023/00491,"Repair and renovation of Govt. School building at Station Road, BADAUN",1.0,100.0,0.0,3.75,25.0,28.75,Low,55.00505561172901,False,Text Similarity,Project description has 1.00 semantic similarity with project WS/15144/2023/00491.,77.65645413824822,1
708,WS/72347/2025/00621,Kerala,ERNAKULAM,ADV ADOOR PRAKASH,Streetlight Installation,"Installation of streetlights at Panchayat Bhavan Marg chowk, ERNAKULAM",333277.0,2025-08-23,2026-05-29,Ganesh Engineering Works,Completed,369398.16500000004,8,constituency + work_category,-9.778382358775398,0.0,8,1,0.125,12.5,WS/89635/2025/00152,"Installation of streetlights at Panchayat Bhavan Marg chowk, ERNAKULAM",1.0000000000000004,100.0,0.0,3.75,25.0,28.75,Low,45.601617795753285,False,Text Similarity,Project description has 1.00 semantic similarity with project WS/89635/2025/00152.,16.41951453891293,0
709,WS/86499/2025/00953,Uttar Pradesh,KANPUR,ADITYA YADAV,Community Hall,"Construction of community hall at Shanti Nagar, BARAMULLAH",1932398.79,2025-03-04,2025-09-23,Sri Lakshmi Contractors,Completed,2130894.795,8,constituency + work_category,-9.315148052628281,0.0,8,1,0.125,12.5,WS/71216/2024/00952,"Construction of community hall at Shanti Nagar, BARAMULLAH",1.0000000000000004,100.0,0.0,3.75,25.0,28.75,Low,44.99494438827098,False,Text Similarity,Project description has 1.00 semantic similarity with project WS/71216/2024/00952.,16.41951453891293,0
710,WS/24019/2024/00358,Uttar Pradesh,VARANASI,ABHIJIT GANGOPADHYAY,Road Construction,Construction of concrete road from Nehru Path to Bazaar Road in VARANASI,2324691.1,2024-08-17,2024-12-26,Deep Construction Co.,Sanctioned,2050184.63,8,constituency + work_category,13.389353621288254,4.4631178737627515,8,1,0.125,12.5,WS/27601/2024/00028,Construction of concrete road from Nehru Path to Ram Nagar in VARANASI,0.919603906723325,91.96039067233251,2.0084030431932383,3.75,22.990097668083127,28.748500711276364,Low,29.221435793731043,False,Text Similarity,Project description has 0.92 semantic similarity with project WS/27601/2024/00028.,6.366410141348627,0
711,WS/18566/2025/00736,Jammu And Kashmir,JAMMU,ADITYA YADAV,Water Supply / Handpump,"Installation of handpump at Bazaar Road village, JAMMU",717170.38,2025-02-17,2026-02-20,Jai Hind Infrastructure,Ongoing,717170.38,5,constituency + work_category,0.0,0.0,5,1,0.2,20.0,WS/75841/2023/00865,"Installation of handpump at Bazaar Road village, PUNE",0.9097260100618181,90.9726010061818,0.0,6.0,22.74315025154545,28.74315025154545,Low,19.817997977755308,False,Text Similarity,Project description has 0.91 semantic similarity with project WS/75841/2023/00865.,5.5072419236316845,0
712,WS/40254/2023/00625,Uttar Pradesh,VARANASI,ABU TAHER KHAN,Solar Light Installation,"Solar light installation near Panchayat Bhavan Marg hanuman mandir, VARANASI",259122.16,2023-08-04,2024-02-08,Metro Civil Works Pvt Ltd,Sanctioned,278399.94,7,constituency + work_category,-6.924491434876027,0.0,7,1,0.14285714285714285,14.285714285714285,WS/20322/2024/00908,"Solar light installation near Panchayat Bhavan Marg hanuman mandir, AURANGABAD_MH",0.9779138194274071,97.79138194274071,0.0,4.285714285714286,24.44784548568518,28.733559771399463,Low,15.975733063700709,False,Text Similarity,Project description has 0.98 semantic similarity with project WS/20322/2024/00908.,4.004428017183066,0
713,WS/75350/2025/00759,Kerala,ATTINGAL,ADHIKARI SOUMENDU,Streetlight Installation,"Installation of streetlights at Station Road chowk, ATTINGAL",324652.13,2025-09-20,2026-10-15,United Rural Builders,New Recommendation,324652.13,5,constituency + work_category,0.0,0.0,5,1,0.2,20.0,WS/70940/2025/00536,"Installation of streetlights at Station Road chowk, KOTTAYAM",0.9091985428520688,90.91985428520688,0.0,6.0,22.72996357130172,28.72996357130172,Low,20.424671385237612,False,Text Similarity,Project description has 0.91 semantic similarity with project WS/70940/2025/00536.,5.5072419236316845,0
714,WS/91830/2023/00539,Kerala,KOTTAYAM,ABDUL RASHID SHEIKH,Water Supply / Handpump,"Water supply pipeline extension to Andouli area, KOTTAYAM",531212.37,2023-09-21,2024-09-08,Shree Balaji Construction Co.,New Recommendation,502250.28,6,constituency + work_category,5.766465675240632,1.9221552250802107,6,1,0.16666666666666666,16.666666666666664,WS/88311/2024/00411,"Water supply pipeline extension to Andouli area, AURANGABAD_BR",0.9143940574237959,91.43940574237959,0.8649698512860948,4.999999999999999,22.859851435594898,28.724821286880992,Low,12.43680485338726,False,Text Similarity,Project description has 0.91 semantic similarity with project WS/88311/2024/00411.,6.041450253642458,0
715,WS/75715/2023/00128,West Bengal,TAMLUK,MEERA IYER,Solar Light Installation,"Solar street light at Shanti Nagar chowk parisar, TAMLUK",300079.84,2023-10-10,2024-05-21,Jai Hind Infrastructure,Sanctioned,315357.8,7,constituency + work_category,-4.84464313234046,0.0,7,1,0.14285714285714285,14.285714285714285,WS/75323/2024/00080,"Solar street light at Kisan Nagar chowk parisar, TAMLUK",0.9767141750768595,97.67141750768596,0.0,4.285714285714286,24.41785437692149,28.703568662635774,Low,13.346814964610717,False,Text Similarity,Project description has 0.98 semantic similarity with project WS/75323/2024/00080.,3.57604087285165,0
716,WS/29887/2024/00067,West Bengal,TAMLUK,ABHAY KUMAR SINHA,School Building Repair,"Construction of additional classroom at Shanti Nagar school, TAMLUK",1088445.18,2024-11-11,2025-11-28,Progressive Engineers & Contractors,Completed,1028136.42,7,constituency + work_category,5.865832473865665,1.955277491288555,7,1,0.14285714285714285,14.285714285714285,WS/59081/2023/00197,"Construction of additional classroom at Subhash Nagar school, TAMLUK",0.9409041300392689,94.09041300392688,0.8798748710798499,4.285714285714286,23.52260325098172,28.68819240777586,Low,3.640040444893832,False,Text Similarity,Project description has 0.94 semantic similarity with project WS/59081/2023/00197.,5.011149423493119,0
717,WS/27895/2023/00245,Jammu And Kashmir,BARAMULLAH,ADV K FRANCIS GEORGE,Solar Light Installation,"Solar street light at Gandhi Chowk chowk parisar, BARAMULLAH",257850.34,2023-05-25,2024-01-23,Shree Balaji Construction Co.,Sanctioned,280850.19999999995,12,constituency + work_category,-8.18936927942368,0.0,12,2,0.16666666666666666,16.666666666666664,WS/54778/2024/00730,"Solar street light at Gandhi Chowk chowk parisar, KOTTAYAM",0.9474605158476241,94.74605158476241,0.0,4.999999999999999,23.686512896190603,28.686512896190603,Low,0.3033367037411527,False,Text Similarity,Project description has 0.95 semantic similarity with project WS/54778/2024/00730.,4.902928452171761,0
718,WS/48152/2023/00830,Kerala,KOTTAYAM,MEERA IYER,Water Supply / Handpump,"Installation of handpump at Shanti Nagar village, KOTTAYAM",314586.13,2023-08-19,2024-05-31,Deep Construction Co.,Sanctioned,502250.28,6,constituency + work_category,-37.364668069473254,0.0,6,1,0.16666666666666666,16.666666666666664,WS/74463/2025/00889,"Installation of handpump at Shanti Nagar village, MURSHIDABAD",0.9473646003840474,94.73646003840473,0.0,4.999999999999999,23.684115009601182,28.684115009601182,Low,14.256825075834175,False,Text Similarity,Project description has 0.95 semantic similarity with project WS/74463/2025/00889.,4.127785556145632,0
719,WS/98000/2025/00783,Uttar Pradesh,BADAUN,ADHIKARI SOUMENDU,Community Hall,"Multipurpose community centre building at Andouli panchayat, BADAUN",1810378.46,2025-04-29,2026-01-14,National Builders & Contractors,Completed,2546964.68,5,constituency + work_category,-28.920158405965807,0.0,5,1,0.2,20.0,WS/79494/2024/00569,"Multipurpose community centre building at Ram Nagar panchayat, BADAUN",0.9068893377340252,90.68893377340252,0.0,6.0,22.67223344335063,28.67223344335063,Low,52.578361981799794,False,Text Similarity,Project description has 0.91 semantic similarity with project WS/79494/2024/00569.,4.154908535228178,0
720,WS/43016/2024/00548,West Bengal,TAMLUK,ANITA JOSHI,Road Construction,Construction of concrete road from Gandhi Chowk to Andouli in TAMLUK,1965349.24,2024-03-25,2024-09-13,Deep Construction Co.,New Recommendation,1708633.99,29,state + work_category,15.024589906466746,5.008196635488915,29,3,0.10344827586206896,10.344827586206897,WS/46428/2023/00598,Construction of concrete road from Gandhi Chowk to Andouli in AURANGABAD_BR,0.9325866158158159,93.25866158158159,2.2536884859700117,3.103448275862069,23.314665395395398,28.67180215722748,Low,25.985844287158745,False,Text Similarity,Project description has 0.93 semantic similarity with project WS/46428/2023/00598.,4.547435521263679,0
721,WS/64627/2024/00318,Bihar,PATNA_SAHIB,ABHIJIT GANGOPADHYAY,Solar Light Installation,"Solar light installation near Bazaar Road hanuman mandir, PATNA_SAHIB",179785.09,2024-02-02,2024-11-14,New India Construction Co.,New Recommendation,179785.09,13,constituency + work_category,0.0,0.0,13,2,0.15384615384615385,15.384615384615385,WS/76577/2025/00523,"Solar light installation near Ram Nagar hanuman mandir, PATNA_SAHIB",0.9615899454442263,96.15899454442263,0.0,4.615384615384615,24.039748636105656,28.65513325149027,Low,1.4155712841253791,False,Text Similarity,Project description has 0.96 semantic similarity with project WS/76577/2025/00523.,4.497982236146213,0
722,WS/41407/2025/00723,Jammu And Kashmir,SRINAGAR,ADV K FRANCIS GEORGE,Community Hall,"Construction of community hall at Bazaar Road, SRINAGAR",2438782.9,2025-07-26,2025-11-24,Shree Balaji Construction Co.,Ongoing,3117342.315,10,constituency + work_category,-21.76724101600629,0.0,10,2,0.2,20.0,WS/58270/2024/00277,"Construction of community hall at Bazaar Road, PUNE",0.9058204971725334,90.58204971725334,0.0,6.0,22.645512429313335,28.645512429313335,Low,47.320525783619814,False,Text Similarity,Project description has 0.91 semantic similarity with project WS/58270/2024/00277.,4.099145385715029,0
723,WS/15530/2024/00751,Uttar Pradesh,VARANASI,ADV K FRANCIS GEORGE,Streetlight Installation,"Installation of streetlights at Ambedkar Colony chowk, VARANASI",284834.22,2024-03-02,2024-07-23,Om Sai Infra Pvt Ltd,Sanctioned,370533.855,6,constituency + work_category,-23.128692248647567,0.0,6,1,0.16666666666666666,16.666666666666664,WS/37479/2023/00231,"Installation of streetlights at Ambedkar Colony chowk, AURANGABAD_BR",0.945478013121456,94.5478013121456,0.0,4.999999999999999,23.6369503280364,28.6369503280364,Low,5.763397371081901,False,Text Similarity,Project description has 0.95 semantic similarity with project WS/37479/2023/00231.,4.835563316711023,0
724,WS/95679/2025/00190,Jammu And Kashmir,SRINAGAR,ADV DEAN KURIAKOSE,Community Hall,"Construction of community hall at Vivekanand Marg, SRINAGAR",2254864.6,2025-04-10,2026-03-29,Shree Balaji Construction Co.,New Recommendation,3117342.315,10,constituency + work_category,-27.667083940378866,0.0,10,2,0.2,20.0,WS/62699/2023/00857,"Construction of community hall at Vivekanand Marg, AURANGABAD_BR",0.9054684319586409,90.54684319586408,0.0,6.0,22.63671079896602,28.63671079896602,Low,52.47724974721941,False,Text Similarity,Project description has 0.91 semantic similarity with project WS/62699/2023/00857.,4.15496354016332,0
725,WS/23538/2025/00553,Uttar Pradesh,KANPUR,ADITYA YADAV,Streetlight Installation,"Installation of streetlights at Andouli chowk, KANPUR",439502.18,2025-10-21,2026-08-03,Deep Construction Co.,New Recommendation,383496.405,10,constituency + work_category,14.603989573252965,4.867996524417655,10,1,0.1,10.0,WS/67732/2025/00474,"Installation of streetlights at Andouli chowk, AURANGABAD_BR",0.9375653854057078,93.75653854057077,2.190598435987945,3.0,23.439134635142693,28.629733071130637,Low,21.941354903943378,False,Text Similarity,Project description has 0.94 semantic similarity with project WS/67732/2025/00474.,5.128772473002267,0
726,WS/62642/2024/00597,Kerala,ATTINGAL,VIKRAM SINGH RATHORE,Road Construction,"Widening and strengthening of road near Bazaar Road village, ATTINGAL",1037019.6,2024-10-16,2025-02-12,Bharat Infra Solutions,Completed,1135609.91,5,constituency + work_category,-8.681705674794609,0.0,5,1,0.2,20.0,WS/83284/2023/00414,"Widening and strengthening of road near Bazaar Road village, MURSHIDABAD",0.9049090965649569,90.49090965649569,0.0,6.0,22.622727414123922,28.622727414123922,Low,34.37815975733064,False,Text Similarity,Project description has 0.90 semantic similarity with project WS/83284/2023/00414.,3.8421430273428077,0
727,WS/94675/2025/00132,Jammu And Kashmir,JAMMU,ABHAY KUMAR SINHA,Community Hall,"Multipurpose community centre building at Panchayat Bhavan Marg panchayat, JAMMU",2897305.18,2025-01-18,2025-09-03,National Builders & Contractors,Completed,2897305.18,7,constituency + work_category,0.0,0.0,7,1,0.14285714285714285,14.285714285714285,WS/28116/2024/00894,"Multipurpose community centre building at Panchayat Bhavan Marg panchayat, SRINAGAR",0.97274624877492,97.274624877492,0.0,4.285714285714286,24.318656219373,28.604370505087285,Low,7.684529828109202,False,Text Similarity,Project description has 0.97 semantic similarity with project WS/28116/2024/00894.,4.009880407678151,0
728,WS/84177/2025/00092,Uttar Pradesh,VARANASI,ADV GOWAAL KAGADA PADAVI,Road Construction,Construction of concrete road from Panchayat Bhavan Marg to Kisan Nagar in VARANASI,2462505.62,2025-02-03,2025-10-23,Bharat Infra Solutions,Completed,2050184.63,8,constituency + work_category,20.11140772233768,6.703802574112561,8,1,0.125,12.5,WS/27601/2024/00028,Construction of concrete road from Nehru Path to Ram Nagar in VARANASI,0.8721298965910851,87.2129896591085,3.0167111583506525,3.75,21.803247414777125,28.569958573127778,Low,72.80080889787665,False,Text Similarity,Project description has 0.87 semantic similarity with project WS/27601/2024/00028.,4.72237205155695,0
729,WS/24246/2024/00859,Bihar,AURANGABAD_BR,VIKRAM SINGH RATHORE,School Building Repair,"Construction of additional classroom at Ambedkar Colony school, AURANGABAD_BR",924033.25,2024-04-08,2025-01-12,National Builders & Contractors,New Recommendation,816376.1,9,constituency + work_category,13.187200115241005,4.395733371747001,9,1,0.1111111111111111,11.11111111111111,WS/58374/2025/00253,"Construction of additional classroom at Ambedkar Colony school, ERNAKULAM",0.9296824237754513,92.96824237754512,1.9780800172861506,3.333333333333333,23.24206059438628,28.553473945005763,Low,23.25581395348837,False,Text Similarity,Project description has 0.93 semantic similarity with project WS/58374/2025/00253.,5.878032757100389,0
730,WS/70106/2024/00576,Bihar,AURANGABAD_BR,ABDUL RASHID SHEIKH,Water Supply / Handpump,"Water supply pipeline extension to Subhash Nagar area, AURANGABAD_BR",598066.08,2024-01-13,2024-05-21,Om Sai Infra Pvt Ltd,Sanctioned,589581.39,9,constituency + work_category,1.4391041074074513,0.47970136913581707,9,1,0.1111111111111111,11.11111111111111,WS/11424/2025/00901,"Water supply pipeline extension to Subhash Nagar area, AURANGABAD_BR",1.0,100.0,0.21586561611111768,3.333333333333333,25.0,28.549198949444452,Low,42.06268958543984,False,Text Similarity,Project description has 1.00 semantic similarity with project WS/11424/2025/00901.,78.27968604972013,1
731,WS/86177/2025/00760,Bihar,GAYA,RAJESH KUMAR SHARMA,Streetlight Installation,"Installation of streetlights at Subhash Nagar chowk, GAYA",462529.35,2025-04-02,2026-02-09,Metro Civil Works Pvt Ltd,New Recommendation,462529.35,5,constituency + work_category,0.0,0.0,5,1,0.2,20.0,WS/25806/2023/00259,"Installation of streetlights at Subhash Nagar chowk, NANDURBAR(ST)",0.9012296281982457,90.12296281982456,0.0,6.0,22.53074070495614,28.53074070495614,Low,28.71587462082912,False,Text Similarity,Project description has 0.90 semantic similarity with project WS/25806/2023/00259.,5.787190033694824,0
732,WS/55109/2025/00702,Uttar Pradesh,BADAUN,ANITA JOSHI,Community Hall,"Construction of community hall at Andouli, BADAUN",2548263.24,2025-09-24,2026-09-02,Bharat Infra Solutions,New Recommendation,2546964.68,5,constituency + work_category,0.050984609649163085,0.01699486988305436,5,1,0.2,20.0,WS/61546/2025/00701,"Construction of community hall at Andouli, ATTINGAL",0.90040016100863,90.040016100863,0.007647691447374463,6.0,22.51000402521575,28.517651716663124,Low,29.726996966632964,False,Text Similarity,Project description has 0.90 semantic similarity with project WS/61546/2025/00701.,5.557015952456913,0
733,WS/67725/2024/00753,Maharashtra,PUNE,AASHTIKAR PATIL NAGESH BAPURAO,Road Construction,"CC road construction at Gandhi Chowk ward, PUNE",1408407.33,2024-10-20,2025-02-15,National Builders & Contractors,New Recommendation,1490771.79,6,constituency + work_category,-5.524954292299826,0.0,6,1,0.16666666666666666,16.666666666666664,WS/83563/2023/00002,"CC road construction at Gandhi Chowk ward, KANPUR",0.9406893224095281,94.0689322409528,0.0,4.999999999999999,23.5172330602382,28.5172330602382,Low,0.6066734074823054,False,Text Similarity,Project description has 0.94 semantic similarity with project WS/83563/2023/00002.,4.327700360811939,0
734,WS/55663/2025/00891,Uttar Pradesh,VARANASI,ADHIKARI SOUMENDU,Water Supply / Handpump,"Water supply pipeline extension to Ram Nagar area, VARANASI",497671.18,2025-10-01,2026-05-03,Jai Hind Infrastructure,New Recommendation,668568.4450000001,28,state + work_category,-25.561670802456142,0.0,28,5,0.17857142857142858,17.857142857142858,WS/82516/2023/00689,"Water supply pipeline extension to Ram Nagar area, KANPUR",0.9254400045413618,92.54400045413618,0.0,5.357142857142857,23.136000113534045,28.493142970676903,Low,23.761375126390295,False,Text Similarity,Project description has 0.93 semantic similarity with project WS/82516/2023/00689.,4.731990140423388,0
735,WS/42768/2023/00137,Bihar,PATNA_SAHIB,ANITA JOSHI,Streetlight Installation,"LED streetlight installation along Andouli road, PATNA_SAHIB",338397.37,2023-09-13,2024-02-22,Jai Hind Infrastructure,Ongoing,413897.96,7,constituency + work_category,-18.24135349688605,0.0,7,1,0.14285714285714285,14.285714285714285,WS/76467/2025/00749,"LED streetlight installation along Station Road road, PATNA_SAHIB",0.9681247643456536,96.81247643456537,0.0,4.285714285714286,24.203119108641342,28.488833394355627,Low,17.492416582406474,False,Text Similarity,Project description has 0.97 semantic similarity with project WS/76467/2025/00749.,3.9534380489217416,0
736,WS/76467/2025/00749,Bihar,PATNA_SAHIB,AASHTIKAR PATIL NAGESH BAPURAO,Streetlight Installation,"LED streetlight installation along Station Road road, PATNA_SAHIB",413897.96,2025-02-23,2025-07-07,Shree Balaji Construction Co.,Ongoing,413897.96,7,constituency + work_category,0.0,0.0,7,1,0.14285714285714285,14.285714285714285,WS/42768/2023/00137,"LED streetlight installation along Andouli road, PATNA_SAHIB",0.9681247643456536,96.81247643456537,0.0,4.285714285714286,24.203119108641342,28.488833394355627,Low,5.156723963599596,False,Text Similarity,Project description has 0.97 semantic similarity with project WS/42768/2023/00137.,4.210649373636853,0
737,WS/82534/2024/00263,Bihar,PATNA_SAHIB,ADV K FRANCIS GEORGE,Solar Light Installation,"Solar street light at Bazaar Road chowk parisar, PATNA_SAHIB",148940.57,2024-01-09,2025-02-02,Om Sai Infra Pvt Ltd,Ongoing,179785.09,13,constituency + work_category,-17.156328147122764,0.0,13,2,0.15384615384615385,15.384615384615385,WS/59160/2024/00463,"Solar street light at Station Road chowk parisar, PATNA_SAHIB",0.9542749731832333,95.42749731832333,0.0,4.615384615384615,23.856874329580833,28.472258944965446,Low,5.864509605662286,False,Text Similarity,Project description has 0.95 semantic similarity with project WS/59160/2024/00463.,4.299510202973553,0
738,WS/62941/2024/00555,Jammu And Kashmir,JAMMU,ADV K FRANCIS GEORGE,School Building Repair,"Repair and renovation of Govt. School building at Kisan Nagar, JAMMU",1204496.35,2024-09-09,2025-07-17,Metro Civil Works Pvt Ltd,Sanctioned,1324833.8900000001,14,state + work_category,-9.083217217518493,0.0,14,2,0.14285714285714285,14.285714285714285,WS/29815/2024/00695,"Repair and renovation of Govt. School building at Kisan Nagar, AURANGABAD_MH",0.9671684446613347,96.71684446613347,0.0,4.285714285714286,24.179211116533367,28.46492540224765,Low,10.51567239635996,False,Text Similarity,Project description has 0.97 semantic similarity with project WS/29815/2024/00695.,3.928258358754646,0
739,WS/47313/2023/00441,West Bengal,MURSHIDABAD,ADV DEAN KURIAKOSE,Road Construction,"CC road construction at Panchayat Bhavan Marg ward, MURSHIDABAD",1517806.95,2023-12-02,2024-10-21,Jai Hind Infrastructure,New Recommendation,1708633.99,7,constituency + work_category,-11.168397744446137,0.0,7,1,0.14285714285714285,14.285714285714285,WS/56548/2025/00357,"CC road construction at Panchayat Bhavan Marg ward, KOTTAYAM",0.9667453980648282,96.67453980648281,0.0,4.285714285714286,24.168634951620703,28.454349237334988,Low,12.133468149646106,False,Text Similarity,Project description has 0.97 semantic similarity with project WS/56548/2025/00357.,4.230172939019741,0
740,WS/61213/2024/00268,Kerala,IDUKKI,ADV DEAN KURIAKOSE,Road Construction,"CC road construction at Bazaar Road ward, IDUKKI",1326841.71,2024-09-05,2025-02-16,National Builders & Contractors,New Recommendation,1266207.67,6,constituency + work_category,4.788633131562063,1.5962110438540213,6,1,0.16666666666666666,16.666666666666664,WS/52287/2025/00370,"CC road construction at Bazaar Road ward, JAMMU",0.9089881301962124,90.89881301962124,0.7182949697343096,4.999999999999999,22.72470325490531,28.44299822463962,Low,14.863498483316482,False,Text Similarity,Project description has 0.91 semantic similarity with project WS/52287/2025/00370.,5.234935730345981,0
741,WS/28102/2025/00484,Uttar Pradesh,VARANASI,MEERA IYER,Streetlight Installation,"Installation of streetlights at Nehru Path chowk, VARANASI",209297.46,2025-01-28,2025-06-07,Jai Hind Infrastructure,Ongoing,370533.855,6,constituency + work_category,-43.51461892733121,0.0,6,1,0.16666666666666666,16.666666666666664,WS/56590/2023/00680,"Installation of streetlights at Nehru Path chowk, AURANGABAD_MH",0.937290044591568,93.7290044591568,0.0,4.999999999999999,23.4322511147892,28.4322511147892,Low,29.01921132457027,False,Text Similarity,Project description has 0.94 semantic similarity with project WS/56590/2023/00680.,3.9336036101952,0
742,WS/30591/2025/00305,Bihar,GAYA,VIKRAM SINGH RATHORE,Water Supply / Handpump,"Water supply pipeline extension to Andouli area, GAYA",221695.24,2025-11-21,2026-12-20,National Builders & Contractors,Sanctioned,792124.59,5,constituency + work_category,-72.01257948575993,0.0,5,1,0.2,20.0,WS/88311/2024/00411,"Water supply pipeline extension to Andouli area, AURANGABAD_BR",0.8968953299001798,89.68953299001798,0.0,6.0,22.422383247504495,28.422383247504495,Low,86.75429726996967,False,Text Similarity,Project description has 0.90 semantic similarity with project WS/88311/2024/00411.,5.683006941653781,0
743,WS/59998/2023/00744,Maharashtra,PUNE,SANJAY DESHMUKH,Road Construction,"CC road construction at Subhash Nagar ward, PUNE",973106.89,2023-05-28,2024-05-08,Shree Balaji Construction Co.,New Recommendation,1490771.79,6,constituency + work_category,-34.72462408213399,0.0,6,1,0.16666666666666666,16.666666666666664,WS/67725/2024/00753,"CC road construction at Gandhi Chowk ward, PUNE",0.9360615536813331,93.60615536813332,0.0,4.999999999999999,23.40153884203333,28.40153884203333,Low,19.716885743174924,False,Text Similarity,Project description has 0.94 semantic similarity with project WS/67725/2024/00753.,3.939285428377018,0
744,WS/14145/2025/00511,Kerala,IDUKKI,PRIYA VERMA,Drainage / Nala,"Construction of drainage/nala near Nehru Path area, IDUKKI",835672.68,2025-09-02,2026-04-07,Deep Construction Co.,New Recommendation,690293.3200000001,26,state + work_category,21.060519606360955,7.0201732021203185,26,2,0.07692307692307693,7.6923076923076925,WS/56284/2025/00592,"Construction of drainage/nala near Nehru Path area, AURANGABAD_BR",0.9173048071671986,91.73048071671987,3.1590779409541434,2.3076923076923075,22.932620179179967,28.399390427826418,Low,56.117290192113245,False,Text Similarity,Project description has 0.92 semantic similarity with project WS/56284/2025/00592.,8.108447367008745,0
745,WS/16932/2025/00607,Bihar,AURANGABAD_BR,ABDUL RASHID SHEIKH,Drainage / Nala,"Covered drain construction from Nehru Path to Vivekanand Marg, AURANGABAD_BR",587713.0,2025-09-16,2026-01-23,New India Construction Co.,Ongoing,644435.71,6,constituency + work_category,-8.801919123941776,0.0,6,1,0.16666666666666666,16.666666666666664,WS/53864/2024/00429,"Covered drain construction from Nehru Path to Vivekanand Marg, NANDURBAR(ST)",0.9351769809278023,93.51769809278024,0.0,4.999999999999999,23.37942452319506,28.37942452319506,Low,3.4378159757330633,False,Text Similarity,Project description has 0.94 semantic similarity with project WS/53864/2024/00429.,4.66442993040869,0
746,WS/95979/2025/00181,West Bengal,KANTHI,ABU TAHER KHAN,Community Hall,"Multipurpose community centre building at Nehru Path panchayat, KANTHI",1605166.22,2025-12-04,2026-03-14,New India Construction Co.,Sanctioned,2569205.535,24,state + work_category,-37.52285684687349,0.0,24,4,0.16666666666666666,16.666666666666664,WS/19681/2025/00090,"Multipurpose community centre building at Ambedkar Colony panchayat, KANTHI",0.9349270495966449,93.49270495966448,0.0,4.999999999999999,23.37317623991612,28.37317623991612,Low,22.95247724974722,False,Text Similarity,Project description has 0.93 semantic similarity with project WS/19681/2025/00090.,4.586863184272876,0
747,WS/95037/2025/00562,Kerala,IDUKKI,VIKRAM SINGH RATHORE,Water Supply / Handpump,"Installation of handpump at Shanti Nagar village, IDUKKI",213344.1,2025-10-15,2026-10-26,Shree Balaji Construction Co.,Ongoing,473073.31,7,constituency + work_category,-54.90252874337806,0.0,7,1,0.14285714285714285,14.285714285714285,WS/80809/2024/00374,"Installation of handpump at Kisan Nagar village, IDUKKI",0.9632753223627262,96.32753223627262,0.0,4.285714285714286,24.081883059068154,28.36759734478244,Low,51.56723963599595,False,Text Similarity,Project description has 0.96 semantic similarity with project WS/80809/2024/00374.,4.896175440200811,0
748,WS/59271/2023/00752,Kerala,IDUKKI,ADV ADOOR PRAKASH,School Building Repair,"Repair and renovation of Govt. School building at Gandhi Chowk, IDUKKI",1273488.02,2023-12-01,2024-10-02,Deep Construction Co.,New Recommendation,1101572.44,27,state + work_category,15.606379912700074,5.202126637566692,27,2,0.07407407407407407,7.4074074074074066,WS/37621/2025/00897,"Repair and renovation of Govt. School building at Gandhi Chowk, AURANGABAD_BR",0.9517311250322111,95.17311250322112,2.3409569869050113,2.222222222222222,23.79327812580528,28.356457334932514,Low,25.278058645096056,False,Text Similarity,Project description has 0.95 semantic similarity with project WS/37621/2025/00897.,6.827400056594215,0
749,WS/19849/2025/00967,Bihar,GAYA,ADV ADOOR PRAKASH,Road Construction,Construction of concrete road from Nehru Path to Nehru Path in GAYA,652993.99,2025-08-24,2026-02-05,Deep Construction Co.,Completed,1252226.57,9,constituency + work_category,-47.85336730237245,0.0,9,1,0.1111111111111111,11.11111111111111,WS/87401/2024/00968,Construction of concrete road from Nehru Path to Nehru Path in GAYA,1.0,100.0,0.0,3.333333333333333,25.0,28.333333333333332,Low,80.28311425682507,False,Text Similarity,Project description has 1.00 semantic similarity with project WS/87401/2024/00968.,76.38859997871845,1
750,WS/38019/2025/00957,Bihar,AURANGABAD_BR,ADV K FRANCIS GEORGE,School Building Repair,"Construction of additional classroom at Gandhi Chowk school, VARANASI",816376.1,2025-03-05,2025-05-09,Deep Construction Co.,New Recommendation,816376.1,9,constituency + work_category,0.0,0.0,9,1,0.1111111111111111,11.11111111111111,WS/41179/2024/00498,"Construction of additional classroom at Gandhi Chowk school, VARANASI",1.0000000000000002,100.0,0.0,3.333333333333333,25.0,28.333333333333332,Low,40.3943377148635,False,Text Similarity,Project description has 1.00 semantic similarity with project WS/41179/2024/00498.,18.65568600464335,0
751,WS/95542/2023/00838,Maharashtra,AURANGABAD_MH,MEERA IYER,Solar Light Installation,"Solar street light at Shanti Nagar chowk parisar, AURANGABAD_MH",210003.63,2023-05-11,2023-09-13,Jai Hind Infrastructure,Ongoing,358807.4,9,constituency + work_category,-41.4717673046877,0.0,9,1,0.1111111111111111,11.11111111111111,WS/91006/2024/00134,"Solar street light at Shanti Nagar chowk parisar, AURANGABAD_MH",1.0000000000000004,100.0,0.0,3.333333333333333,25.0,28.333333333333332,Low,75.73306370070779,False,Text Similarity,Project description has 1.00 semantic similarity with project WS/91006/2024/00134.,18.93148010198202,0
752,WS/11424/2025/00901,Bihar,AURANGABAD_BR,ABU TAHER KHAN,Water Supply / Handpump,"Water supply pipeline extension to Subhash Nagar area, AURANGABAD_BR",589581.39,2025-05-09,2025-10-04,United Rural Builders,Ongoing,589581.39,9,constituency + work_category,0.0,0.0,9,1,0.1111111111111111,11.11111111111111,WS/70106/2024/00576,"Water supply pipeline extension to Subhash Nagar area, AURANGABAD_BR",1.0,100.0,0.0,3.333333333333333,25.0,28.333333333333332,Low,40.24266936299292,False,Text Similarity,Project description has 1.00 semantic similarity with project WS/70106/2024/00576.,77.63526318720184,1
753,WS/15695/2025/00004,Bihar,AURANGABAD_BR,ABHAY KUMAR SINHA,School Building Repair,"Repair and renovation of Govt. School building at Kisan Nagar, AURANGABAD_BR",535402.93,2025-08-15,2026-04-08,Jai Hind Infrastructure,New Recommendation,816376.1,9,constituency + work_category,-34.41712343122244,0.0,9,1,0.1111111111111111,11.11111111111111,WS/87207/2025/00404,"Repair and renovation of Govt. School building at Kisan Nagar, AURANGABAD_BR",1.0,100.0,0.0,3.333333333333333,25.0,28.333333333333332,Low,70.87967644084934,False,Text Similarity,Project description has 1.00 semantic similarity with project WS/87207/2025/00404.,79.06350569417474,1
754,WS/68743/2023/00061,Maharashtra,NANDURBAR(ST),SANJAY DESHMUKH,School Building Repair,"Construction of additional classroom at Andouli school, NANDURBAR(ST)",1177246.7,2023-12-03,2024-10-01,Progressive Engineers & Contractors,Sanctioned,1180120.0899999999,18,state + work_category,-0.24348284758035924,0.0,18,2,0.1111111111111111,11.11111111111111,WS/72518/2024/00048,"Construction of additional classroom at Andouli school, NANDURBAR(ST)",1.0,100.0,0.0,3.333333333333333,25.0,28.333333333333332,Low,40.849342770475225,False,Text Similarity,Project description has 1.00 semantic similarity with project WS/72518/2024/00048.,77.00900049726634,1
755,WS/22265/2025/00669,Kerala,ERNAKULAM,MEERA IYER,School Building Repair,"Repair and renovation of Govt. School building at Gandhi Chowk, ERNAKULAM",557487.24,2025-04-07,2025-08-20,Om Sai Infra Pvt Ltd,New Recommendation,934267.0,9,constituency + work_category,-40.328916680135336,0.0,9,1,0.1111111111111111,11.11111111111111,WS/41897/2024/00819,"Repair and renovation of Govt. School building at Gandhi Chowk, ERNAKULAM",1.0000000000000004,100.0,0.0,3.333333333333333,25.0,28.333333333333332,Low,74.82305358948432,False,Text Similarity,Project description has 1.00 semantic similarity with project WS/41897/2024/00819.,19.116564135595468,0
756,WS/12596/2024/00799,West Bengal,MURSHIDABAD,VIKRAM SINGH RATHORE,School Building Repair,"Repair and renovation of Govt. School building at Subhash Nagar, MURSHIDABAD",991776.16,2024-12-15,2025-09-22,National Builders & Contractors,Sanctioned,1021864.43,9,constituency + work_category,-2.944448315908209,0.0,9,1,0.1111111111111111,11.11111111111111,WS/23970/2023/00043,"Repair and renovation of Govt. School building at Subhash Nagar, MURSHIDABAD",0.9999999999999999,99.99999999999999,0.0,3.333333333333333,24.999999999999996,28.33333333333333,Low,43.68048533872599,False,Text Similarity,Project description has 1.00 semantic similarity with project WS/23970/2023/00043.,41.674566076714484,0
757,WS/76046/2025/00363,Jammu And Kashmir,BARAMULLAH,ADV GOWAAL KAGADA PADAVI,Water Supply / Handpump,"Water supply pipeline extension to Station Road area, BARAMULLAH",441705.51,2025-02-17,2025-06-24,Deep Construction Co.,Ongoing,503772.11,9,constituency + work_category,-12.320372400131475,0.0,9,1,0.1111111111111111,11.11111111111111,WS/94498/2025/00384,"Water supply pipeline extension to Station Road area, BARAMULLAH",0.9999999999999999,99.99999999999999,0.0,3.333333333333333,24.999999999999996,28.33333333333333,Low,52.17391304347826,False,Text Similarity,Project description has 1.00 semantic similarity with project WS/94498/2025/00384.,40.5052628437156,0
758,WS/38760/2025/00049,West Bengal,HOWRAH,RAVI SHANKAR PRASAD JI,Water Supply / Handpump,"Water supply pipeline extension to Nehru Path area, HOWRAH",714243.84,2025-06-28,2026-07-01,Ganesh Engineering Works,Sanctioned,714243.84,9,constituency + work_category,0.0,0.0,9,1,0.1111111111111111,11.11111111111111,WS/38905/2024/00246,"Water supply pipeline extension to Nehru Path area, HOWRAH",0.9999999999999998,99.99999999999997,0.0,3.333333333333333,24.999999999999993,28.333333333333325,Low,40.141557128412536,False,Text Similarity,Project description has 1.00 semantic similarity with project WS/38905/2024/00246.,9.300755979271015,0
759,WS/64415/2023/00565,Bihar,AURANGABAD_BR,ABDUL RASHID SHEIKH,Streetlight Installation,"LED streetlight installation along Shanti Nagar road, AURANGABAD_BR",228051.44,2023-06-04,2023-10-03,Bharat Infra Solutions,Ongoing,364011.39,8,constituency + work_category,-37.3504658741585,0.0,8,1,0.125,12.5,WS/38014/2025/00704,"LED streetlight installation along Ram Nagar road, AURANGABAD_BR",0.9829762998844609,98.29762998844609,0.0,3.75,24.574407497111523,28.324407497111523,Low,57.53286147623863,False,Text Similarity,Project description has 0.98 semantic similarity with project WS/38014/2025/00704.,2.567122166299458,0
760,WS/84202/2025/00640,Maharashtra,AURANGABAD_MH,ADHIKARI SOUMENDU,Streetlight Installation,"Installation of streetlights at Kisan Nagar chowk, AURANGABAD_MH",374641.63,2025-02-05,2025-12-01,Bharat Infra Solutions,Sanctioned,374641.63,7,constituency + work_category,0.0,0.0,7,1,0.14285714285714285,14.285714285714285,WS/57124/2025/00233,"Installation of streetlights at Kisan Nagar chowk, KANPUR",0.9612711568939674,96.12711568939673,0.0,4.285714285714286,24.031778922349183,28.317493208063468,Low,2.62891809908999,False,Text Similarity,Project description has 0.96 semantic similarity with project WS/57124/2025/00233.,4.2796921792182925,0
761,WS/78925/2025/00776,Bihar,AURANGABAD_BR,AASHTIKAR PATIL NAGESH BAPURAO,Drainage / Nala,"Covered drain construction from Vivekanand Marg to Bazaar Road, AURANGABAD_BR",701158.42,2025-07-23,2026-04-13,Jai Hind Infrastructure,Ongoing,644435.71,6,constituency + work_category,8.801919123941794,2.9339730413139313,6,1,0.16666666666666666,16.666666666666664,WS/69048/2023/00070,"Covered drain construction from Kisan Nagar to Bazaar Road, ATTINGAL",0.8798644254927769,87.98644254927768,1.3202878685912691,4.999999999999999,21.99661063731942,28.31689850591069,Low,44.69160768452983,False,Text Similarity,Project description has 0.88 semantic similarity with project WS/69048/2023/00070.,4.6307560533057845,0
762,WS/25725/2025/00549,Uttar Pradesh,BADAUN,ABDUL RASHID SHEIKH,Streetlight Installation,"Installation of streetlights at Ram Nagar chowk, BADAUN",445472.48,2025-08-03,2026-01-21,Jai Hind Infrastructure,Completed,445472.48,7,constituency + work_category,0.0,0.0,7,1,0.14285714285714285,14.285714285714285,WS/75035/2025/00300,"Installation of streetlights at Shanti Nagar chowk, BADAUN",0.9606693645931893,96.06693645931892,0.0,4.285714285714286,24.01673411482973,28.302448400544016,Low,2.3255813953488373,False,Text Similarity,Project description has 0.96 semantic similarity with project WS/75035/2025/00300.,4.759490159016272,0
763,WS/64379/2025/00100,Jammu And Kashmir,SRINAGAR,MEERA IYER,Community Hall,"Multipurpose community centre building at Panchayat Bhavan Marg panchayat, SRINAGAR",3176215.55,2025-04-30,2026-04-01,Sri Lakshmi Contractors,Ongoing,3117342.315,10,constituency + work_category,1.8885713871304464,0.6295237957101488,10,1,0.1,10.0,WS/28116/2024/00894,"Multipurpose community centre building at Panchayat Bhavan Marg panchayat, SRINAGAR",1.0,100.0,0.283285708069567,3.0,25.0,28.283285708069567,Low,46.71385237613751,False,Text Similarity,Project description has 1.00 semantic similarity with project WS/28116/2024/00894.,78.69733466315198,1
764,WS/73766/2023/00558,Kerala,IDUKKI,ADV GOWAAL KAGADA PADAVI,Water Supply / Handpump,"Water supply pipeline extension to Ram Nagar area, IDUKKI",473073.31,2023-07-19,2024-08-04,Deep Construction Co.,New Recommendation,473073.31,7,constituency + work_category,0.0,0.0,7,1,0.14285714285714285,14.285714285714285,WS/68385/2024/00676,"Water supply pipeline extension to Subhash Nagar area, IDUKKI",0.9598643508700757,95.98643508700758,0.0,4.285714285714286,23.996608771751895,28.28232305746618,Low,2.224469160768453,False,Text Similarity,Project description has 0.96 semantic similarity with project WS/68385/2024/00676.,4.759490159016272,0
765,WS/21300/2025/00269,Kerala,ATTINGAL,ADV GOWAAL KAGADA PADAVI,Water Supply / Handpump,"Water supply pipeline extension to Subhash Nagar area, ATTINGAL",506240.23,2025-12-02,2026-06-02,Shree Balaji Construction Co.,Ongoing,472150.405,8,constituency + work_category,7.220119826011788,2.406706608670596,8,1,0.125,12.5,WS/11424/2025/00901,"Water supply pipeline extension to Subhash Nagar area, AURANGABAD_BR",0.9370155217110661,93.70155217110661,1.0830179739017682,3.75,23.425388042776653,28.25840601667842,Low,9.908998988877654,False,Text Similarity,Project description has 0.94 semantic similarity with project WS/11424/2025/00901.,4.999468173178235,0
766,WS/59807/2023/00223,Maharashtra,AURANGABAD_MH,ADV GOWAAL KAGADA PADAVI,Solar Light Installation,"Solar light installation near Kisan Nagar hanuman mandir, AURANGABAD_MH",186257.42,2023-06-15,2023-09-25,Bharat Infra Solutions,Ongoing,358807.4,9,constituency + work_category,-48.08986102293319,0.0,9,1,0.1111111111111111,11.11111111111111,WS/29119/2025/00825,"Solar light installation near Kisan Nagar hanuman mandir, AURANGABAD_BR",0.9967724172947738,99.67724172947739,0.0,3.333333333333333,24.919310432369347,28.25264376570268,Low,78.46309403437816,False,Text Similarity,Project description has 1.00 semantic similarity with project WS/29119/2025/00825.,5.498159742694251,0
767,WS/55093/2024/00291,Kerala,IDUKKI,RAVI SHANKAR PRASAD JI,Solar Light Installation,"Solar street light at Bazaar Road chowk parisar, IDUKKI",106835.49,2024-04-26,2024-12-25,Metro Civil Works Pvt Ltd,Sanctioned,324384.58,7,constituency + work_category,-67.0651761560306,0.0,7,1,0.14285714285714285,14.285714285714285,WS/41856/2023/00475,"Solar street light at Bazaar Road chowk parisar, KOTTAYAM",0.9586643115705883,95.86643115705883,0.0,4.285714285714286,23.966607789264707,28.25232207497899,Low,59.150657229524775,False,Text Similarity,Project description has 0.96 semantic similarity with project WS/41856/2023/00475.,4.96863044512589,0
768,WS/86568/2024/00386,Maharashtra,PUNE,ABHAY KUMAR SINHA,Drainage / Nala,"Covered drain construction from Shanti Nagar to Bazaar Road, PUNE",586007.34,2024-07-05,2025-02-18,Jai Hind Infrastructure,New Recommendation,715620.8999999999,6,constituency + work_category,-18.112042283840502,0.0,6,1,0.16666666666666666,16.666666666666664,WS/28030/2024/00133,"Covered drain construction from Shanti Nagar to Ram Nagar, PUNE",0.9292328541166996,92.92328541166997,0.0,4.999999999999999,23.23082135291749,28.23082135291749,Low,12.032355915065724,False,Text Similarity,Project description has 0.93 semantic similarity with project WS/28030/2024/00133.,4.706694380353387,0
769,WS/62354/2023/00413,Uttar Pradesh,LUCKNOW,ABDUL RASHID SHEIKH,Community Hall,"Multipurpose community centre building at Vivekanand Marg panchayat, LUCKNOW",2098141.56,2023-04-01,2023-08-19,Om Sai Infra Pvt Ltd,New Recommendation,2098141.56,7,constituency + work_category,0.0,0.0,7,1,0.14285714285714285,14.285714285714285,WS/25842/2023/00712,"Multipurpose community centre building at Vivekanand Marg panchayat, IDUKKI",0.9574583988735241,95.74583988735242,0.0,4.285714285714286,23.936459971838104,28.22217425755239,Low,1.6177957532861478,False,Text Similarity,Project description has 0.96 semantic similarity with project WS/25842/2023/00712.,4.861198233550434,0
770,WS/84603/2023/00899,West Bengal,MURSHIDABAD,AASHTIKAR PATIL NAGESH BAPURAO,Drainage / Nala,"Construction of drainage/nala near Subhash Nagar area, MURSHIDABAD",628719.8,2023-06-20,2023-12-22,Om Sai Infra Pvt Ltd,Completed,628719.8,7,constituency + work_category,0.0,0.0,7,1,0.14285714285714285,14.285714285714285,WS/23137/2023/00884,"Construction of drainage/nala near Kisan Nagar area, MURSHIDABAD",0.9571912176449215,95.71912176449216,0.0,4.285714285714286,23.92978044112304,28.215494726837324,Low,1.5166835187057632,False,Text Similarity,Project description has 0.96 semantic similarity with project WS/23137/2023/00884.,4.861198233550434,0
771,WS/28156/2024/00715,West Bengal,HOWRAH,ADV GOWAAL KAGADA PADAVI,Streetlight Installation,"LED streetlight installation along Station Road road, HOWRAH",353568.49,2024-03-11,2024-11-19,Metro Civil Works Pvt Ltd,Ongoing,427198.58,5,constituency + work_category,-17.23556524930397,0.0,5,1,0.2,20.0,WS/59326/2025/00395,"LED streetlight installation along Gandhi Chowk road, HOWRAH",0.8880890921390558,88.80890921390558,0.0,6.0,22.202227303476395,28.202227303476395,Low,57.43174924165824,False,Text Similarity,Project description has 0.89 semantic similarity with project WS/59326/2025/00395.,4.2879473840447435,0
772,WS/34116/2025/00383,Jammu And Kashmir,JAMMU,RAJESH KUMAR SHARMA,Drainage / Nala,"Covered drain construction from Gandhi Chowk to Bazaar Road, JAMMU",671389.05,2025-01-21,2025-12-09,National Builders & Contractors,Ongoing,837027.615,6,constituency + work_category,-19.788900871568014,0.0,6,1,0.16666666666666666,16.666666666666664,WS/18675/2025/00008,"Covered drain construction from Gandhi Chowk to Bazaar Road, KOTTAYAM",0.9278042286921937,92.78042286921936,0.0,4.999999999999999,23.19510571730484,28.19510571730484,Low,13.549039433771487,False,Text Similarity,Project description has 0.93 semantic similarity with project WS/18675/2025/00008.,4.269330068687399,0
773,WS/50173/2023/00150,West Bengal,MURSHIDABAD,RAVI SHANKAR PRASAD JI,Community Hall,"Multipurpose community centre building at Ambedkar Colony panchayat, MURSHIDABAD",2303028.57,2023-06-21,2024-02-03,Progressive Engineers & Contractors,New Recommendation,2411628.79,7,constituency + work_category,-4.50318973012427,0.0,7,1,0.14285714285714285,14.285714285714285,WS/86434/2024/00194,"Multipurpose community centre building at Ambedkar Colony panchayat, LUCKNOW",0.9561193507502614,95.61193507502614,0.0,4.285714285714286,23.902983768756535,28.18869805447082,Low,2.730030333670374,False,Text Similarity,Project description has 0.96 semantic similarity with project WS/86434/2024/00194.,3.8571679775681793,0
774,WS/25765/2024/00312,Maharashtra,NAGPUR,ABDUL RASHID SHEIKH,Streetlight Installation,"Installation of streetlights at Ambedkar Colony chowk, NAGPUR",407048.97,2024-09-11,2025-08-29,Progressive Engineers & Contractors,Ongoing,408970.885,30,state + work_category,-0.46993932098614727,0.0,30,5,0.16666666666666666,16.666666666666664,WS/20480/2023/00458,"Installation of streetlights at Ambedkar Colony chowk, PUNE",0.9271062845132338,92.71062845132339,0.0,4.999999999999999,23.177657112830847,28.177657112830847,Low,2.4266936299292214,False,Text Similarity,Project description has 0.93 semantic similarity with project WS/20480/2023/00458.,4.7669590416688274,0
775,WS/12727/2024/00690,West Bengal,TAMLUK,VIKRAM SINGH RATHORE,Streetlight Installation,"Installation of streetlights at Shanti Nagar chowk, TAMLUK",572534.01,2024-03-21,2025-01-04,Deep Construction Co.,Sanctioned,474252.15,17,state + work_category,20.723545481027337,6.907848493675779,17,1,0.058823529411764705,5.88235294117647,WS/31249/2025/00496,"Installation of streetlights at Shanti Nagar chowk, LUCKNOW",0.9318132398590102,93.18132398590102,3.1085318221541005,1.764705882352941,23.295330996475254,28.168568700982295,Low,49.646107178968656,False,Text Similarity,Project description has 0.93 semantic similarity with project WS/31249/2025/00496.,8.207130761327146,0
776,WS/54595/2024/00822,Kerala,ERNAKULAM,ADV ADOOR PRAKASH,Drainage / Nala,"Construction of drainage/nala near Kisan Nagar area, ERNAKULAM",533184.55,2024-01-23,2024-05-06,Om Sai Infra Pvt Ltd,Completed,690293.3200000001,26,state + work_category,-22.759711770063195,0.0,26,4,0.15384615384615385,15.384615384615385,WS/49515/2025/00872,"Construction of drainage/nala near Kisan Nagar area, AURANGABAD_MH",0.94173939650305,94.173939650305,0.0,4.615384615384615,23.54348491257625,28.158869527960867,Low,10.616784630940344,False,Text Similarity,Project description has 0.94 semantic similarity with project WS/49515/2025/00872.,4.7331488728398785,0
777,WS/82856/2024/00203,West Bengal,KANTHI,ADV DEAN KURIAKOSE,Road Construction,"Widening and strengthening of road near Ambedkar Colony village, KANTHI",1746420.8,2024-11-26,2025-04-24,Progressive Engineers & Contractors,Sanctioned,1526581.795,10,constituency + work_category,14.400735402455139,4.800245134151713,10,1,0.1,10.0,WS/62436/2023/00842,"Widening and strengthening of road near Ambedkar Colony village, AURANGABAD_BR",0.9193781526455185,91.93781526455184,2.160110310368271,3.0,22.98445381613796,28.144564126506232,Low,39.838220424671384,False,Text Similarity,Project description has 0.92 semantic similarity with project WS/62436/2023/00842.,6.233028960897652,0
778,WS/31596/2023/00588,Jammu And Kashmir,SRINAGAR,ABHAY KUMAR SINHA,Road Construction,"CC road construction at Nehru Path ward, SRINAGAR",1464160.25,2023-10-01,2024-04-25,Om Sai Infra Pvt Ltd,Completed,1864190.97,7,constituency + work_category,-21.458677058177145,0.0,7,1,0.14285714285714285,14.285714285714285,WS/96556/2025/00478,"CC road construction at Nehru Path ward, JAMMU",0.9543315118196722,95.43315118196722,0.0,4.285714285714286,23.858287795491805,28.14400208120609,Low,11.830131445904954,False,Text Similarity,Project description has 0.95 semantic similarity with project WS/96556/2025/00478.,3.9294945158389916,0
779,WS/73809/2025/00985,Kerala,IDUKKI,ANITA JOSHI,Community Hall,"Multipurpose community centre building at Nehru Path panchayat, IDUKKI",3059487.83,2025-02-09,2025-02-10,Bharat Infra Solutions,Completed,3059487.83,7,constituency + work_category,0.0,0.0,7,1,0.14285714285714285,14.285714285714285,WS/26090/2024/00623,"Multipurpose community centre building at Gandhi Chowk panchayat, IDUKKI",0.9542247739042782,95.42247739042782,0.0,4.285714285714286,23.855619347606954,28.14133363332124,Low,0.8088978766430739,False,Text Similarity,Project description has 0.95 semantic similarity with project WS/26090/2024/00623.,4.590073493921756,0
780,WS/73699/2025/00014,Maharashtra,PUNE,ADV GOWAAL KAGADA PADAVI,Drainage / Nala,"Construction of drainage/nala near Ram Nagar area, PUNE",352132.65,2025-09-16,2026-09-01,Om Sai Infra Pvt Ltd,Completed,715620.8999999999,6,constituency + work_category,-50.79340891245629,0.0,6,1,0.16666666666666666,16.666666666666664,WS/25644/2025/00605,"Construction of drainage/nala near Nehru Path area, PUNE",0.9252648681578467,92.52648681578466,0.0,4.999999999999999,23.131621703946166,28.131621703946166,Low,47.72497472194136,False,Text Similarity,Project description has 0.93 semantic similarity with project WS/25644/2025/00605.,4.029910884012191,0
781,WS/62509/2025/00556,Maharashtra,NAGPUR,VIKRAM SINGH RATHORE,Road Construction,"CC road construction at Andouli ward, NAGPUR",1764314.61,2025-11-13,2026-07-14,New India Construction Co.,New Recommendation,1608217.0,8,constituency + work_category,9.706252949695228,3.2354176498984097,8,1,0.125,12.5,WS/31178/2025/00030,"CC road construction at Kisan Nagar ward, NAGPUR",0.916976725154153,91.69767251541529,1.4559379424542844,3.75,22.924418128853823,28.130356071308107,Low,26.99696663296259,False,Text Similarity,Project description has 0.92 semantic similarity with project WS/31178/2025/00030.,6.4688813171747555,0
782,WS/38199/2024/00168,West Bengal,KANTHI,VIKRAM SINGH RATHORE,Road Construction,Construction of concrete road from Bazaar Road to Vivekanand Marg in KANTHI,953083.46,2024-05-07,2025-03-21,Metro Civil Works Pvt Ltd,Ongoing,1526581.795,10,constituency + work_category,-37.56748160356517,0.0,10,2,0.2,20.0,WS/98117/2025/00074,Construction of concrete road from Nehru Path to Bazaar Road in KANTHI,0.8851244856387193,88.51244856387193,0.0,6.0,22.128112140967982,28.128112140967982,Low,74.92416582406472,False,Text Similarity,Project description has 0.89 semantic similarity with project WS/98117/2025/00074.,4.045816555300643,0
783,WS/19681/2025/00090,West Bengal,KANTHI,MEERA IYER,Community Hall,"Multipurpose community centre building at Ambedkar Colony panchayat, KANTHI",3167101.79,2025-10-07,2026-08-01,Bharat Infra Solutions,Ongoing,2569205.535,24,state + work_category,23.271639689971316,7.757213229990438,24,1,0.041666666666666664,4.166666666666666,WS/95979/2025/00181,"Multipurpose community centre building at Nehru Path panchayat, KANTHI",0.9349270495966449,93.49270495966448,3.4907459534956975,1.2499999999999998,23.37317623991612,28.113922193411817,Low,55.91506572295247,False,Text Similarity,Project description has 0.93 semantic similarity with project WS/95979/2025/00181.,6.127717534939722,0
784,WS/16256/2025/00706,Uttar Pradesh,BADAUN,ABDUL RASHID SHEIKH,Solar Light Installation,"Solar street light at Panchayat Bhavan Marg chowk parisar, BADAUN",230542.6,2025-01-02,2025-11-17,New India Construction Co.,Completed,280651.87,22,state + work_category,-17.85460043433881,0.0,22,3,0.13636363636363635,13.636363636363635,WS/99300/2023/00671,"Solar street light at Panchayat Bhavan Marg chowk parisar, TAMLUK",0.9601244627479679,96.01244627479679,0.0,4.09090909090909,24.003111568699197,28.094020659608287,Low,14.155712841253793,False,Text Similarity,Project description has 0.96 semantic similarity with project WS/99300/2023/00671.,4.050905762928088,0
785,WS/41278/2025/00585,Bihar,AURANGABAD_BR,RAVI SHANKAR PRASAD JI,Water Supply / Handpump,"Water supply pipeline extension to Station Road area, AURANGABAD_BR",246904.14,2025-03-27,2025-09-07,National Builders & Contractors,New Recommendation,589581.39,9,constituency + work_category,-58.12212797286562,0.0,9,1,0.1111111111111111,11.11111111111111,WS/46261/2024/00516,"Water supply pipeline extension to Station Road area, AURANGABAD_MH",0.989976358527139,98.9976358527139,0.0,3.333333333333333,24.749408963178475,28.082742296511807,Low,80.99089989888778,False,Text Similarity,Project description has 0.99 semantic similarity with project WS/46261/2024/00516.,5.004705643491448,0
786,WS/56590/2023/00680,Maharashtra,AURANGABAD_MH,ABHIJIT GANGOPADHYAY,Streetlight Installation,"Installation of streetlights at Nehru Path chowk, AURANGABAD_MH",341211.08,2023-07-06,2024-04-28,Progressive Engineers & Contractors,New Recommendation,374641.63,7,constituency + work_category,-8.923340953860356,0.0,7,1,0.14285714285714285,14.285714285714285,WS/85197/2024/00419,"Installation of streetlights at Nehru Path chowk, KOTTAYAM",0.9517787151970273,95.17787151970273,0.0,4.285714285714286,23.794467879925683,28.080182165639968,Low,3.1344792719919106,False,Text Similarity,Project description has 0.95 semantic similarity with project WS/85197/2024/00419.,4.5605738593077145,0
787,WS/82733/2025/00244,Jammu And Kashmir,JAMMU,PRIYA VERMA,School Building Repair,"Construction of additional classroom at Shanti Nagar school, JAMMU",660055.18,2025-01-10,2025-12-11,Deep Construction Co.,Ongoing,1324833.8900000001,14,state + work_category,-50.178268763942924,0.0,14,2,0.14285714285714285,14.285714285714285,WS/10235/2025/00299,"Construction of additional classroom at Kisan Nagar school, JAMMU",0.9515759731617404,95.15759731617403,0.0,4.285714285714286,23.78939932904351,28.075113614757793,Low,36.905965621840245,False,Text Similarity,Project description has 0.95 semantic similarity with project WS/10235/2025/00299.,6.0495096530586,0
788,WS/53399/2023/00500,Maharashtra,NANDURBAR(ST),ABU TAHER KHAN,Road Construction,Construction of concrete road from Ram Nagar to Andouli in NANDURBAR(ST),1910570.69,2023-05-08,2023-09-19,Shree Balaji Construction Co.,New Recommendation,1587568.025,26,state + work_category,20.345752743413943,6.781917581137982,26,3,0.11538461538461539,11.538461538461538,WS/36171/2024/00307,Construction of concrete road from Ram Nagar to Andouli in HOWRAH,0.8615598374763643,86.15598374763643,3.051862911512092,3.4615384615384612,21.538995936909107,28.05239730995966,Low,81.29423660262893,False,Text Similarity,Project description has 0.86 semantic similarity with project WS/36171/2024/00307.,4.802729376242629,0
789,WS/79603/2025/00336,West Bengal,HOWRAH,AASHTIKAR PATIL NAGESH BAPURAO,Road Construction,"CC road construction at Gandhi Chowk ward, HOWRAH",1707430.42,2025-04-18,2025-12-25,Shree Balaji Construction Co.,New Recommendation,1703447.29,10,constituency + work_category,0.23382760496216398,0.077942534987388,10,1,0.1,10.0,WS/93914/2025/00918,"CC road construction at Gandhi Chowk ward, HOWRAH",1.0000000000000004,100.0,0.0350741407443246,3.0,25.0,28.035074140744324,Low,44.893832153690596,False,Text Similarity,Project description has 1.00 semantic similarity with project WS/93914/2025/00918.,18.98852314299519,0
790,WS/16259/2023/00784,Jammu And Kashmir,SRINAGAR,RAJESH KUMAR SHARMA,Drainage / Nala,"Construction of drainage/nala near Panchayat Bhavan Marg area, SRINAGAR",495005.19,2023-05-06,2024-04-02,Ganesh Engineering Works,Sanctioned,641075.81,7,constituency + work_category,-22.785233465602147,0.0,7,1,0.14285714285714285,14.285714285714285,WS/43767/2024/00820,"Construction of drainage/nala near Panchayat Bhavan Marg area, NAGPUR",0.949665944663348,94.9665944663348,0.0,4.285714285714286,23.7416486165837,28.027362902297984,Low,9.504550050556118,False,Text Similarity,Project description has 0.95 semantic similarity with project WS/43767/2024/00820.,4.951326656841214,0
791,WS/60434/2023/00620,West Bengal,KANTHI,ADV GOWAAL KAGADA PADAVI,Streetlight Installation,"LED streetlight installation along Nehru Path road, KANTHI",474961.46,2023-06-24,2024-02-06,Metro Civil Works Pvt Ltd,Completed,516926.645,6,constituency + work_category,-8.118208919178464,0.0,6,1,0.16666666666666666,16.666666666666664,WS/58434/2025/00027,"LED streetlight installation along Nehru Path road, AURANGABAD_MH",0.92103692685049,92.103692685049,0.0,4.999999999999999,23.02592317126225,28.02592317126225,Low,9.605662285136502,False,Text Similarity,Project description has 0.92 semantic similarity with project WS/58434/2025/00027.,4.835094275636259,0
792,WS/67438/2023/00302,Jammu And Kashmir,JAMMU,ABHAY KUMAR SINHA,Community Hall,"Construction of community hall at Kisan Nagar, JAMMU",2141644.85,2023-07-20,2023-09-18,Shree Balaji Construction Co.,Sanctioned,2897305.18,7,constituency + work_category,-26.081488937247542,0.0,7,1,0.14285714285714285,14.285714285714285,WS/80206/2025/00206,"Construction of community hall at Kisan Nagar, SRINAGAR",0.9489664254719692,94.89664254719692,0.0,4.285714285714286,23.72416063679923,28.009874922513514,Low,11.729019211324571,False,Text Similarity,Project description has 0.95 semantic similarity with project WS/80206/2025/00206.,4.596803969563558,0
793,WS/27677/2024/00471,Kerala,ATTINGAL,RAVI SHANKAR PRASAD JI,School Building Repair,"Repair and renovation of Govt. School building at Ambedkar Colony, ATTINGAL",767581.17,2024-05-13,2025-03-25,Sri Lakshmi Contractors,Ongoing,977273.97,7,constituency + work_category,-21.45691038921255,0.0,7,1,0.14285714285714285,14.285714285714285,WS/19643/2025/00947,"Repair and renovation of Govt. School building at Ambedkar Colony, AURANGABAD_MH",0.9488632040160846,94.88632040160846,0.0,4.285714285714286,23.721580100402115,28.0072943861164,Low,7.987866531850354,False,Text Similarity,Project description has 0.95 semantic similarity with project WS/19643/2025/00947.,4.223407904550727,0
794,WS/62530/2025/00348,Bihar,PATNA_SAHIB,ADV DEAN KURIAKOSE,Water Supply / Handpump,"Water supply pipeline extension to Subhash Nagar area, PATNA_SAHIB",265065.92,2025-07-13,2026-03-05,National Builders & Contractors,Completed,593823.735,18,state + work_category,-55.36286201156982,0.0,18,3,0.16666666666666666,16.666666666666664,WS/70931/2025/00058,"Water supply pipeline extension to Subhash Nagar area, SRINAGAR",0.9202541769871179,92.02541769871179,0.0,4.999999999999999,23.006354424677948,28.006354424677948,Low,55.61172901921132,False,Text Similarity,Project description has 0.92 semantic similarity with project WS/70931/2025/00058.,4.291470439792642,0
795,WS/99740/2025/00583,West Bengal,KANTHI,ANITA JOSHI,Road Construction,"Widening and strengthening of road near Ram Nagar village, KANTHI",1304202.97,2025-05-10,2025-11-24,Deep Construction Co.,Ongoing,1526581.795,10,constituency + work_category,-14.567108407053942,0.0,10,1,0.1,10.0,WS/15014/2023/00036,"Widening and strengthening of road near Ram Nagar village, KANTHI",1.0000000000000002,100.0,0.0,3.0,25.0,28.0,Low,58.341759352881695,False,Text Similarity,Project description has 1.00 semantic similarity with project WS/15014/2023/00036.,17.114076220370222,0
796,WS/69925/2024/00423,Uttar Pradesh,KANPUR,VIKRAM SINGH RATHORE,Streetlight Installation,"LED streetlight installation along Ram Nagar road, KANPUR",164653.19,2024-03-21,2024-12-07,Progressive Engineers & Contractors,Ongoing,383496.405,10,constituency + work_category,-57.065258538733886,0.0,10,1,0.1,10.0,WS/86986/2025/00266,"LED streetlight installation along Ram Nagar road, KANPUR",1.0000000000000002,100.0,0.0,3.0,25.0,28.0,Low,85.54095045500506,False,Text Similarity,Project description has 1.00 semantic similarity with project WS/86986/2025/00266.,19.9070799252079,0
797,WS/40968/2025/00124,Uttar Pradesh,BADAUN,ANITA JOSHI,Streetlight Installation,"LED streetlight installation along Ram Nagar road, BADAUN",237256.67,2025-06-03,2026-01-27,New India Construction Co.,Ongoing,445472.48,7,constituency + work_category,-46.74044286641455,0.0,7,1,0.14285714285714285,14.285714285714285,WS/69925/2024/00423,"LED streetlight installation along Ram Nagar road, KANPUR",0.9479902587372828,94.79902587372828,0.0,4.285714285714286,23.69975646843207,27.985470754146355,Low,31.749241658240646,False,Text Similarity,Project description has 0.95 semantic similarity with project WS/69925/2024/00423.,3.948265008524597,0
798,WS/35106/2025/00617,Uttar Pradesh,LUCKNOW,ANITA JOSHI,Streetlight Installation,"Installation of streetlights at Nehru Path chowk, LUCKNOW",180751.67,2025-07-18,2026-07-09,Shree Balaji Construction Co.,Ongoing,186892.53,7,constituency + work_category,-3.2857707046932196,0.0,7,1,0.14285714285714285,14.285714285714285,WS/56590/2023/00680,"Installation of streetlights at Nehru Path chowk, AURANGABAD_MH",0.9473095045410025,94.73095045410025,0.0,4.285714285714286,23.682737613525063,27.968451899239348,Low,0.7077856420626896,False,Text Similarity,Project description has 0.95 semantic similarity with project WS/56590/2023/00680.,4.103462318660869,0
799,WS/17944/2024/00019,Maharashtra,HINGOLI,SANJAY DESHMUKH,Community Hall,"Multipurpose community centre building at Subhash Nagar panchayat, HINGOLI",2558946.56,2024-07-22,2024-10-17,Progressive Engineers & Contractors,Completed,2558946.56,7,constituency + work_category,0.0,0.0,7,1,0.14285714285714285,14.285714285714285,WS/25389/2025/00191,"Multipurpose community centre building at Panchayat Bhavan Marg panchayat, HINGOLI",0.9471032695693558,94.71032695693557,0.0,4.285714285714286,23.677581739233894,27.96329602494818,Low,0.40444893832153694,False,Text Similarity,Project description has 0.95 semantic similarity with project WS/25389/2025/00191.,4.883986882633491,0
800,WS/57329/2024/00265,West Bengal,HOWRAH,ABHIJIT GANGOPADHYAY,Drainage / Nala,"Covered drain construction from Vivekanand Marg to Shanti Nagar, HOWRAH",749624.29,2024-11-29,2025-03-05,United Rural Builders,Completed,711107.83,7,constituency + work_category,5.416402179118191,1.805467393039397,7,1,0.14285714285714285,14.285714285714285,WS/80189/2024/00923,"Covered drain construction from Kisan Nagar to Shanti Nagar, HOWRAH",0.9142215555078421,91.42215555078421,0.8124603268677286,4.285714285714286,22.855538887696053,27.953713500278067,Low,18.099089989888775,False,Text Similarity,Project description has 0.91 semantic similarity with project WS/80189/2024/00923.,5.782886105458837,0
801,WS/28661/2023/00279,Maharashtra,NAGPUR,ADV GOWAAL KAGADA PADAVI,Road Construction,Construction of concrete road from Kisan Nagar to Nehru Path in NAGPUR,1148830.43,2023-11-30,2024-08-30,Metro Civil Works Pvt Ltd,Completed,1608217.0,8,constituency + work_category,-28.5649616936023,0.0,8,1,0.125,12.5,WS/99573/2023/00365,Construction of concrete road from Nehru Path to Shanti Nagar in NAGPUR,0.9679592162474074,96.79592162474074,0.0,3.75,24.198980406185186,27.948980406185186,Low,35.69261880687563,False,Text Similarity,Project description has 0.97 semantic similarity with project WS/99573/2023/00365.,3.9613348025871997,0
802,WS/33038/2025/00388,Kerala,KOTTAYAM,VIKRAM SINGH RATHORE,School Building Repair,"Repair and renovation of Govt. School building at Panchayat Bhavan Marg, KOTTAYAM",1023501.16,2025-06-02,2026-01-04,Metro Civil Works Pvt Ltd,Completed,1614055.3199999998,8,constituency + work_category,-36.5882230108445,0.0,8,1,0.125,12.5,WS/54514/2025/00745,"Repair and renovation of Govt. School building at Panchayat Bhavan Marg, MURSHIDABAD",0.9671656357891996,96.71656357891996,0.0,3.75,24.17914089472999,27.92914089472999,Low,43.98382204246714,False,Text Similarity,Project description has 0.97 semantic similarity with project WS/54514/2025/00745.,3.796619736232789,0
803,WS/90967/2023/00442,Bihar,PATNA_SAHIB,ADITYA YADAV,Solar Light Installation,"Solar street light at Ambedkar Colony chowk parisar, PATNA_SAHIB",123962.38,2023-08-18,2024-03-13,Om Sai Infra Pvt Ltd,Sanctioned,179785.09,13,constituency + work_category,-31.049688269477738,0.0,13,2,0.15384615384615385,15.384615384615385,WS/72835/2025/00207,"Solar street light at Gandhi Chowk chowk parisar, PATNA_SAHIB",0.9322005451991697,93.22005451991697,0.0,4.615384615384615,23.305013629979243,27.920398245363856,Low,23.660262891809907,False,Text Similarity,Project description has 0.93 semantic similarity with project WS/72835/2025/00207.,4.551618394953945,0
804,WS/93726/2024/00550,West Bengal,MURSHIDABAD,ABHIJIT GANGOPADHYAY,Water Supply / Handpump,"Water supply pipeline extension to Ambedkar Colony area, MURSHIDABAD",328984.09,2024-01-27,2024-11-21,Progressive Engineers & Contractors,Completed,400792.35,11,constituency + work_category,-17.916574505476454,0.0,11,2,0.18181818181818182,18.181818181818183,WS/98407/2025/00461,"Water supply pipeline extension to Ambedkar Colony area, LUCKNOW",0.8980294938585549,89.80294938585548,0.0,5.454545454545455,22.45073734646387,27.905282801009328,Low,43.78159757330637,False,Text Similarity,Project description has 0.90 semantic similarity with project WS/98407/2025/00461.,4.424612371992715,0
805,WS/30079/2024/00469,Maharashtra,PUNE,ANITA JOSHI,Road Construction,"CC road construction at Andouli ward, PUNE",1342838.12,2024-10-30,2025-03-15,New India Construction Co.,Ongoing,1490771.79,6,constituency + work_category,-9.92329416161007,0.0,6,1,0.16666666666666666,16.666666666666664,WS/67725/2024/00753,"CC road construction at Gandhi Chowk ward, PUNE",0.916132197845786,91.6132197845786,0.0,4.999999999999999,22.90330494614465,27.90330494614465,Low,13.852376137512639,False,Text Similarity,Project description has 0.92 semantic similarity with project WS/67725/2024/00753.,4.702121004740717,0
806,WS/15759/2024/00789,Jammu And Kashmir,SRINAGAR,ADV ADOOR PRAKASH,Road Construction,"Widening and strengthening of road near Ram Nagar village, SRINAGAR",1918534.89,2024-01-11,2025-02-06,Jai Hind Infrastructure,New Recommendation,1864190.97,7,constituency + work_category,2.915147690045936,0.9717158966819786,7,1,0.14285714285714285,14.285714285714285,WS/57537/2023/00101,"Widening and strengthening of road near Ram Nagar village, KANPUR",0.9257186901912651,92.57186901912651,0.43727215350689036,4.285714285714286,23.142967254781627,27.865953694002805,Low,9.201213346814964,False,Text Similarity,Project description has 0.93 semantic similarity with project WS/57537/2023/00101.,4.929145597711208,0
807,WS/85483/2024/00426,Kerala,KOTTAYAM,RAJESH KUMAR SHARMA,Solar Light Installation,"Solar light installation near Panchayat Bhavan Marg hanuman mandir, KOTTAYAM",240207.41,2024-07-05,2024-12-04,Jai Hind Infrastructure,Ongoing,293516.93,9,constituency + work_category,-18.162332237530553,0.0,9,1,0.1111111111111111,11.11111111111111,WS/20322/2024/00908,"Solar light installation near Panchayat Bhavan Marg hanuman mandir, AURANGABAD_MH",0.9808465163455784,98.08465163455784,0.0,3.333333333333333,24.52116290863946,27.854496241972793,Low,42.2649140546006,False,Text Similarity,Project description has 0.98 semantic similarity with project WS/20322/2024/00908.,4.651000583129848,0
808,WS/12179/2023/00816,Bihar,PATNA_SAHIB,VIKRAM SINGH RATHORE,Streetlight Installation,"Installation of streetlights at Panchayat Bhavan Marg chowk, PATNA_SAHIB",335906.97,2023-10-10,2023-12-10,Progressive Engineers & Contractors,New Recommendation,413897.96,7,constituency + work_category,-18.84304769223797,0.0,7,1,0.14285714285714285,14.285714285714285,WS/72347/2025/00621,"Installation of streetlights at Panchayat Bhavan Marg chowk, ERNAKULAM",0.9421769129376576,94.21769129376575,0.0,4.285714285714286,23.55442282344144,27.840137109155723,Low,10.313447927199192,False,Text Similarity,Project description has 0.94 semantic similarity with project WS/72347/2025/00621.,4.244315875271239,0
809,WS/32439/2024/00162,Jammu And Kashmir,JAMMU,ADV GOWAAL KAGADA PADAVI,Streetlight Installation,"LED streetlight installation along Panchayat Bhavan Marg road, JAMMU",390065.11,2024-08-27,2025-09-19,National Builders & Contractors,Ongoing,361260.085,22,state + work_category,7.9734867470896935,2.657828915696564,22,2,0.09090909090909091,9.090909090909092,WS/70901/2025/00044,"LED streetlight installation along Panchayat Bhavan Marg road, ERNAKULAM",0.9566720021914004,95.66720021914004,1.1960230120634538,2.7272727272727275,23.91680005478501,27.84009579412119,Low,16.78463094034378,False,Text Similarity,Project description has 0.96 semantic similarity with project WS/70901/2025/00044.,5.897643528197674,0
810,WS/54914/2025/00333,Kerala,ERNAKULAM,ANITA JOSHI,Community Hall,"Multipurpose community centre building at Subhash Nagar panchayat, ERNAKULAM",2532768.14,2025-09-08,2026-01-23,National Builders & Contractors,Ongoing,2323014.515,12,constituency + work_category,9.029372121680437,3.009790707226812,12,1,0.08333333333333333,8.333333333333332,WS/84421/2023/00520,"Multipurpose community centre building at Shanti Nagar panchayat, ERNAKULAM",0.9592830127189331,95.92830127189332,1.3544058182520655,2.4999999999999996,23.98207531797333,27.836481136225395,Low,21.73913043478261,False,Text Similarity,Project description has 0.96 semantic similarity with project WS/84421/2023/00520.,5.277284110545263,0
811,WS/54579/2024/00513,Jammu And Kashmir,BARAMULLAH,MEERA IYER,Streetlight Installation,"LED streetlight installation along Ambedkar Colony road, BARAMULLAH",161220.65,2024-08-07,2025-06-19,National Builders & Contractors,Ongoing,293101.97,7,constituency + work_category,-44.99503022787598,0.0,7,1,0.14285714285714285,14.285714285714285,WS/13418/2023/00487,"LED streetlight installation along Vivekanand Marg road, BARAMULLAH",0.9411559813256394,94.11559813256393,0.0,4.285714285714286,23.528899533140983,27.814613818855268,Low,36.09706774519717,False,Text Similarity,Project description has 0.94 semantic similarity with project WS/13418/2023/00487.,3.945363455435586,0
812,WS/59081/2023/00197,West Bengal,TAMLUK,ADV GOWAAL KAGADA PADAVI,School Building Repair,"Construction of additional classroom at Subhash Nagar school, TAMLUK",651973.86,2023-08-17,2024-09-08,Deep Construction Co.,Sanctioned,1028136.42,7,constituency + work_category,-36.58683348655231,0.0,7,1,0.14285714285714285,14.285714285714285,WS/29887/2024/00067,"Construction of additional classroom at Shanti Nagar school, TAMLUK",0.9409041300392689,94.09041300392688,0.0,4.285714285714286,23.52260325098172,27.808317536696006,Low,26.289180990899897,False,Text Similarity,Project description has 0.94 semantic similarity with project WS/29887/2024/00067.,3.945363455435586,0
813,WS/60173/2024/00531,Maharashtra,PUNE,AASHTIKAR PATIL NAGESH BAPURAO,Drainage / Nala,"Covered drain construction from Subhash Nagar to Subhash Nagar, PUNE",688543.95,2024-11-25,2025-08-13,Progressive Engineers & Contractors,New Recommendation,715620.8999999999,6,constituency + work_category,-3.7837002804138278,0.0,6,1,0.16666666666666666,16.666666666666664,WS/28030/2024/00133,"Covered drain construction from Shanti Nagar to Ram Nagar, PUNE",0.9120176689883651,91.20176689883651,0.0,4.999999999999999,22.800441724709128,27.800441724709128,Low,12.537917087967642,False,Text Similarity,Project description has 0.91 semantic similarity with project WS/28030/2024/00133.,4.782355149442908,0
814,WS/64596/2025/00589,Jammu And Kashmir,SRINAGAR,ABU TAHER KHAN,Solar Light Installation,"Solar light installation near Panchayat Bhavan Marg hanuman mandir, SRINAGAR",171489.66,2025-11-30,2026-12-16,Shree Balaji Construction Co.,New Recommendation,262058.81,9,constituency + work_category,-34.56062019055952,0.0,9,1,0.1111111111111111,11.11111111111111,WS/79501/2024/00545,"Solar light installation near Panchayat Bhavan Marg hanuman mandir, AURANGABAD_BR",0.9784732683642823,97.84732683642822,0.0,3.333333333333333,24.461831709107056,27.795165042440388,Low,55.71284125379171,False,Text Similarity,Project description has 0.98 semantic similarity with project WS/79501/2024/00545.,3.9225706134808234,0
815,WS/36475/2024/00643,Maharashtra,NANDURBAR(ST),ADV GOWAAL KAGADA PADAVI,School Building Repair,"Repair and renovation of Govt. School building at Shanti Nagar, NANDURBAR(ST)",1079535.29,2024-06-20,2025-03-23,Progressive Engineers & Contractors,Completed,1180120.0899999999,18,state + work_category,-8.5232681701063,0.0,18,2,0.1111111111111111,11.11111111111111,WS/86122/2024/00280,"Repair and renovation of Govt. School building at Ram Nagar, NANDURBAR(ST)",0.978169404536672,97.8169404536672,0.0,3.333333333333333,24.4542351134168,27.787568446750132,Low,29.625884732052576,False,Text Similarity,Project description has 0.98 semantic similarity with project WS/86122/2024/00280.,5.142886392179836,0
816,WS/75230/2024/00089,Uttar Pradesh,KANPUR,ADHIKARI SOUMENDU,Drainage / Nala,"Construction of drainage/nala near Bazaar Road area, KANPUR",457562.42,2024-12-15,2025-08-27,Jai Hind Infrastructure,Ongoing,590159.745,14,state + work_category,-22.468039564440303,0.0,14,2,0.14285714285714285,14.285714285714285,WS/70693/2025/00856,"Construction of drainage/nala near Bazaar Road area, AURANGABAD_MH",0.9400533561871948,94.00533561871947,0.0,4.285714285714286,23.501333904679868,27.787048190394152,Low,14.459049544994945,False,Text Similarity,Project description has 0.94 semantic similarity with project WS/70693/2025/00856.,4.593902416474546,0
817,WS/99825/2023/00226,West Bengal,TAMLUK,ADV GOWAAL KAGADA PADAVI,School Building Repair,"Repair and renovation of Govt. School building at Subhash Nagar, TAMLUK",942919.38,2023-06-26,2024-06-06,Ganesh Engineering Works,Ongoing,1028136.42,7,constituency + work_category,-8.28849541192209,0.0,7,1,0.14285714285714285,14.285714285714285,WS/12596/2024/00799,"Repair and renovation of Govt. School building at Subhash Nagar, MURSHIDABAD",0.9397609005791124,93.97609005791125,0.0,4.285714285714286,23.494022514477813,27.779736800192097,Low,4.954499494438827,False,Text Similarity,Project description has 0.94 semantic similarity with project WS/12596/2024/00799.,4.720506351461715,0
818,WS/86015/2025/00766,Kerala,KOTTAYAM,AASHTIKAR PATIL NAGESH BAPURAO,Solar Light Installation,"Solar street light at Panchayat Bhavan Marg chowk parisar, KOTTAYAM",204815.95,2025-07-21,2026-03-15,Sri Lakshmi Contractors,Sanctioned,293516.93,9,constituency + work_category,-30.220055790308244,0.0,9,1,0.1111111111111111,11.11111111111111,WS/89822/2025/00114,"Solar street light at Panchayat Bhavan Marg chowk parisar, LUCKNOW",0.9776944511016024,97.76944511016023,0.0,3.333333333333333,24.44236127754006,27.77569461087339,Low,50.859453993933265,False,Text Similarity,Project description has 0.98 semantic similarity with project WS/89822/2025/00114.,3.7598722007824112,0
819,WS/96858/2023/00391,Kerala,KOTTAYAM,ABU TAHER KHAN,School Building Repair,"Repair and renovation of Govt. School building at Gandhi Chowk, KOTTAYAM",1101572.44,2023-07-02,2024-03-21,New India Construction Co.,Completed,1614055.3199999998,8,constituency + work_category,-31.751258686722082,0.0,8,1,0.125,12.5,WS/37621/2025/00897,"Repair and renovation of Govt. School building at Gandhi Chowk, AURANGABAD_BR",0.9601764434312274,96.01764434312274,0.0,3.75,24.004411085780685,27.754411085780685,Low,32.355915065722954,False,Text Similarity,Project description has 0.96 semantic similarity with project WS/37621/2025/00897.,3.872407115185551,0
820,WS/83007/2024/00662,Kerala,IDUKKI,PRIYA VERMA,Water Supply / Handpump,"Water supply pipeline extension to Andouli area, IDUKKI",496303.67,2024-12-02,2025-06-11,Om Sai Infra Pvt Ltd,Completed,473073.31,7,constituency + work_category,4.91052010522428,1.6368400350747598,7,1,0.14285714285714285,14.285714285714285,WS/88311/2024/00411,"Water supply pipeline extension to Andouli area, AURANGABAD_BR",0.9090742478831089,90.90742478831089,0.7365780157836419,4.285714285714286,22.726856197077723,27.74914849857565,Low,21.53690596562184,False,Text Similarity,Project description has 0.91 semantic similarity with project WS/88311/2024/00411.,4.834079883944376,0
821,WS/58434/2025/00027,Maharashtra,AURANGABAD_MH,ADITYA YADAV,Streetlight Installation,"LED streetlight installation along Nehru Path road, AURANGABAD_MH",269340.19,2025-11-11,2026-07-07,Om Sai Infra Pvt Ltd,Ongoing,374641.63,7,constituency + work_category,-28.107244782166894,0.0,7,1,0.14285714285714285,14.285714285714285,WS/10702/2025/00663,"LED streetlight installation along Nehru Path road, SRINAGAR",0.938170805383564,93.81708053835641,0.0,4.285714285714286,23.454270134589102,27.739984420303387,Low,19.919110212335692,False,Text Similarity,Project description has 0.94 semantic similarity with project WS/10702/2025/00663.,3.7597648807559834,0
822,WS/30369/2023/00282,Kerala,KOTTAYAM,ADV K FRANCIS GEORGE,School Building Repair,"Construction of additional classroom at Ram Nagar school, KOTTAYAM",780738.22,2023-06-16,2023-11-26,National Builders & Contractors,Completed,1614055.3199999998,8,constituency + work_category,-51.62878184373507,0.0,8,1,0.125,12.5,WS/84086/2025/00596,"Construction of additional classroom at Kisan Nagar school, KOTTAYAM",0.9591031326880073,95.91031326880073,0.0,3.75,23.977578317200184,27.727578317200184,Low,51.061678463094026,False,Text Similarity,Project description has 0.96 semantic similarity with project WS/84086/2025/00596.,4.752799029962533,0
823,WS/42728/2023/00420,West Bengal,MURSHIDABAD,ADV ADOOR PRAKASH,Water Supply / Handpump,"Installation of handpump at Bazaar Road village, MURSHIDABAD",369439.56,2023-12-28,2024-06-10,Ganesh Engineering Works,Ongoing,400792.35,11,constituency + work_category,-7.8227017057586,0.0,11,1,0.09090909090909091,9.090909090909092,WS/57540/2024/00904,"Installation of handpump at Bazaar Road village, MURSHIDABAD",1.0000000000000004,100.0,0.0,2.7272727272727275,25.0,27.727272727272727,Low,55.409504550050556,False,Text Similarity,Project description has 1.00 semantic similarity with project WS/57540/2024/00904.,19.843782843655607,0
824,WS/56388/2024/00225,Jammu And Kashmir,SRINAGAR,MEERA IYER,Streetlight Installation,"LED streetlight installation along Station Road road, SRINAGAR",399633.0,2024-05-22,2024-09-11,Shree Balaji Construction Co.,Completed,449703.55,11,constituency + work_category,-11.134123802224819,0.0,11,1,0.09090909090909091,9.090909090909092,WS/98832/2024/00737,"LED streetlight installation along Station Road road, SRINAGAR",1.0000000000000002,100.0,0.0,2.7272727272727275,25.0,27.727272727272727,Low,58.139534883720934,False,Text Similarity,Project description has 1.00 semantic similarity with project WS/98832/2024/00737.,20.26452876440153,0
825,WS/52344/2023/00447,Jammu And Kashmir,SRINAGAR,ABHIJIT GANGOPADHYAY,Streetlight Installation,"Installation of streetlights at Shanti Nagar chowk, SRINAGAR",449703.55,2023-10-31,2024-08-28,Sri Lakshmi Contractors,New Recommendation,449703.55,11,constituency + work_category,0.0,0.0,11,1,0.09090909090909091,9.090909090909092,WS/55121/2025/00322,"Installation of streetlights at Shanti Nagar chowk, SRINAGAR",0.9999999999999998,99.99999999999997,0.0,2.7272727272727275,24.999999999999993,27.72727272727272,Low,47.92719919110212,False,Text Similarity,Project description has 1.00 semantic similarity with project WS/55121/2025/00322.,9.948944516461749,0
826,WS/37470/2025/00768,Kerala,ERNAKULAM,ADV K FRANCIS GEORGE,Solar Light Installation,"Solar light installation near Ambedkar Colony hanuman mandir, ERNAKULAM",130056.55,2025-08-14,2026-01-17,Sri Lakshmi Contractors,Sanctioned,264186.325,8,constituency + work_category,-50.77090004564015,0.0,8,1,0.125,12.5,WS/38919/2024/00881,"Solar light installation near Vivekanand Marg hanuman mandir, ERNAKULAM",0.9582247430788373,95.82247430788374,0.0,3.75,23.955618576970934,27.705618576970934,Low,49.24165824064712,False,Text Similarity,Project description has 0.96 semantic similarity with project WS/38919/2024/00881.,3.934406774070277,0
827,WS/46264/2025/00387,Bihar,PATNA_SAHIB,ADHIKARI SOUMENDU,Road Construction,"CC road construction at Vivekanand Marg ward, PATNA_SAHIB",1332465.13,2025-06-13,2025-12-03,Deep Construction Co.,Sanctioned,1339439.56,7,constituency + work_category,-0.5206976266999436,0.0,7,1,0.14285714285714285,14.285714285714285,WS/79806/2024/00120,"CC road construction at Kisan Nagar ward, PATNA_SAHIB",0.9363697369381692,93.63697369381691,0.0,4.285714285714286,23.409243423454228,27.694957709168513,Low,2.932254802831143,False,Text Similarity,Project description has 0.94 semantic similarity with project WS/79806/2024/00120.,4.540247788724581,0
828,WS/41258/2025/00642,West Bengal,KANTHI,ADV GOWAAL KAGADA PADAVI,Water Supply / Handpump,"Installation of handpump at Ram Nagar village, KANTHI",312409.02,2025-03-04,2026-03-06,Ganesh Engineering Works,Sanctioned,412863.83,27,state + work_category,-24.33122078046895,0.0,27,3,0.1111111111111111,11.11111111111111,WS/25408/2024/00497,"Installation of handpump at Shanti Nagar village, KANTHI",0.974384149280167,97.4384149280167,0.0,3.333333333333333,24.359603732004175,27.692937065337507,Low,42.9726996966633,False,Text Similarity,Project description has 0.97 semantic similarity with project WS/25408/2024/00497.,4.49396214329932,0
829,WS/86689/2025/00574,Maharashtra,NANDURBAR(ST),SANJAY DESHMUKH,Solar Light Installation,"Solar street light at Ambedkar Colony chowk parisar, NANDURBAR(ST)",169984.54,2025-09-29,2026-03-20,Om Sai Infra Pvt Ltd,Sanctioned,320745.58,15,state + work_category,-47.00331022488291,0.0,15,2,0.13333333333333333,13.333333333333334,WS/31694/2023/00875,"Solar street light at Ambedkar Colony chowk parisar, AURANGABAD_BR",0.9477004357731367,94.77004357731367,0.0,4.0,23.692510894328418,27.692510894328418,Low,35.591506572295245,False,Text Similarity,Project description has 0.95 semantic similarity with project WS/31694/2023/00875.,3.8887778290374175,0
830,WS/70901/2025/00044,Kerala,ERNAKULAM,ABDUL RASHID SHEIKH,Streetlight Installation,"LED streetlight installation along Panchayat Bhavan Marg road, ERNAKULAM",262139.23,2025-08-16,2025-12-16,Metro Civil Works Pvt Ltd,Ongoing,369398.16500000004,8,constituency + work_category,-29.036130972659276,0.0,8,1,0.125,12.5,WS/32439/2024/00162,"LED streetlight installation along Panchayat Bhavan Marg road, JAMMU",0.9566720021914004,95.66720021914004,0.0,3.75,23.91680005478501,27.66680005478501,Low,24.469160768452983,False,Text Similarity,Project description has 0.96 semantic similarity with project WS/32439/2024/00162.,3.9741151897197122,0
831,WS/59105/2023/00785,West Bengal,KANTHI,MEERA IYER,Road Construction,Construction of concrete road from Gandhi Chowk to Gandhi Chowk in KANTHI,1816949.1,2023-05-20,2024-01-28,Ganesh Engineering Works,Ongoing,1526581.795,10,constituency + work_category,19.02074988389339,6.340249961297798,10,1,0.1,10.0,WS/98117/2025/00074,Construction of concrete road from Nehru Path to Bazaar Road in KANTHI,0.8714546697937757,87.14546697937757,2.853112482584009,3.0,21.786366744844393,27.639479227428403,Low,78.76643073811931,False,Text Similarity,Project description has 0.87 semantic similarity with project WS/98117/2025/00074.,5.190541691081198,0
832,WS/39035/2025/00733,West Bengal,MURSHIDABAD,AASHTIKAR PATIL NAGESH BAPURAO,Road Construction,"Widening and strengthening of road near Kisan Nagar village, MURSHIDABAD",1586577.3,2025-11-14,2026-04-21,Metro Civil Works Pvt Ltd,Completed,1708633.99,7,constituency + work_category,-7.143524635138503,0.0,7,1,0.14285714285714285,14.285714285714285,WS/53920/2023/00937,"Widening and strengthening of road near Shanti Nagar village, KOTTAYAM",0.9328188212970562,93.28188212970562,0.0,4.285714285714286,23.320470532426405,27.60618481814069,Low,7.785642062689585,False,Text Similarity,Project description has 0.93 semantic similarity with project WS/53920/2023/00937.,4.799478374116787,0
833,WS/92245/2023/00887,Uttar Pradesh,KANPUR,ADHIKARI SOUMENDU,Community Hall,"Construction of community hall at Station Road, KANPUR",2329390.8,2023-09-06,2024-03-08,Shree Balaji Construction Co.,New Recommendation,2130894.795,8,constituency + work_category,9.315148052628281,3.1050493508760937,8,1,0.125,12.5,WS/37521/2024/00878,"Construction of community hall at Station Road, AURANGABAD_BR",0.8981616708117464,89.81616708117464,1.3972722078942421,3.75,22.45404177029366,27.601313978187903,Low,44.28715874620829,False,Text Similarity,Project description has 0.90 semantic similarity with project WS/37521/2024/00878.,4.934056902575262,0
834,WS/91233/2023/00499,West Bengal,HOWRAH,MEERA IYER,Road Construction,Construction of concrete road from Panchayat Bhavan Marg to Station Road in HOWRAH,1822068.16,2023-04-07,2023-10-09,United Rural Builders,New Recommendation,1703447.29,10,constituency + work_category,6.963577370216127,2.321192456738709,10,1,0.1,10.0,WS/43039/2023/00920,Construction of concrete road from Panchayat Bhavan Marg to Shanti Nagar in HOWRAH,0.9412576937742354,94.12576937742354,1.044536605532419,3.0,23.531442344355884,27.575978949888302,Low,13.447927199191101,False,Text Similarity,Project description has 0.94 semantic similarity with project WS/43039/2023/00920.,5.102247014385705,0
835,WS/69241/2023/00587,Bihar,PATNA_SAHIB,VIKRAM SINGH RATHORE,Streetlight Installation,"Installation of streetlights at Bazaar Road chowk, PATNA_SAHIB",387007.17,2023-08-04,2024-05-30,Deep Construction Co.,New Recommendation,413897.96,7,constituency + work_category,-6.496961231700691,0.0,7,1,0.14285714285714285,14.285714285714285,WS/89415/2024/00054,"Installation of streetlights at Bazaar Road chowk, SRINAGAR",0.9313469281668496,93.13469281668496,0.0,4.285714285714286,23.28367320417124,27.569387489885525,Low,8.088978766430738,False,Text Similarity,Project description has 0.93 semantic similarity with project WS/89415/2024/00054.,4.6268662795889774,0
836,WS/76164/2024/00627,Maharashtra,AURANGABAD_MH,VIKRAM SINGH RATHORE,Solar Light Installation,"Solar street light at Nehru Path chowk parisar, AURANGABAD_MH",263107.64,2024-01-26,2025-02-27,Metro Civil Works Pvt Ltd,Sanctioned,358807.4,9,constituency + work_category,-26.671623829385904,0.0,9,1,0.1111111111111111,11.11111111111111,WS/31567/2025/00095,"Solar street light at Nehru Path chowk parisar, BARAMULLAH",0.9693928110667333,96.93928110667332,0.0,3.333333333333333,24.23482027666833,27.568153610001662,Low,40.74823053589484,False,Text Similarity,Project description has 0.97 semantic similarity with project WS/31567/2025/00095.,4.290360189697367,0
837,WS/60202/2024/00290,Kerala,KOTTAYAM,VIKRAM SINGH RATHORE,School Building Repair,"Repair and renovation of Govt. School building at Shanti Nagar, KOTTAYAM",1635890.0,2024-08-03,2024-11-02,Om Sai Infra Pvt Ltd,New Recommendation,1614055.3199999998,8,constituency + work_category,1.35278386864709,0.45092795621569676,8,1,0.125,12.5,WS/15695/2025/00004,"Repair and renovation of Govt. School building at Kisan Nagar, AURANGABAD_BR",0.9446054948687226,94.46054948687225,0.20291758029706355,3.75,23.615137371718063,27.568054952015128,Low,3.2355915065722956,False,Text Similarity,Project description has 0.94 semantic similarity with project WS/15695/2025/00004.,5.171495062007102,0
838,WS/33659/2024/00720,Maharashtra,AURANGABAD_MH,ADV K FRANCIS GEORGE,School Building Repair,"Construction of additional classroom at Subhash Nagar school, AURANGABAD_MH",1224450.24,2024-08-16,2024-10-26,New India Construction Co.,Sanctioned,1224450.24,7,constituency + work_category,0.0,0.0,7,1,0.14285714285714285,14.285714285714285,WS/41091/2023/00091,"Construction of additional classroom at Subhash Nagar school, ERNAKULAM",0.9312235183990634,93.12235183990634,0.0,4.285714285714286,23.280587959976586,27.56630224569087,Low,4.3478260869565215,False,Text Similarity,Project description has 0.93 semantic similarity with project WS/41091/2023/00091.,5.31346012330925,0
839,WS/59925/2023/00108,Maharashtra,HINGOLI,ADV K FRANCIS GEORGE,Streetlight Installation,"LED streetlight installation along Bazaar Road road, HINGOLI",216750.22,2023-08-08,2024-02-24,Jai Hind Infrastructure,New Recommendation,321625.92,7,constituency + work_category,-32.607975128372736,0.0,7,1,0.14285714285714285,14.285714285714285,WS/96266/2025/00839,"LED streetlight installation along Andouli road, HINGOLI",0.9311665743779834,93.11665743779834,0.0,4.285714285714286,23.279164359449585,27.56487864516387,Low,32.25480283114257,False,Text Similarity,Project description has 0.93 semantic similarity with project WS/96266/2025/00839.,4.412371938588612,0
840,WS/21086/2023/00851,Kerala,ATTINGAL,ABHAY KUMAR SINHA,Water Supply / Handpump,"Water supply pipeline extension to Kisan Nagar area, ATTINGAL",368025.72,2023-07-05,2023-11-26,Jai Hind Infrastructure,Completed,472150.405,8,constituency + work_category,-22.053287235875622,0.0,8,1,0.125,12.5,WS/32833/2025/00298,"Water supply pipeline extension to Kisan Nagar area, AURANGABAD_BR",0.9517176370697826,95.17176370697827,0.0,3.75,23.792940926744567,27.542940926744567,Low,15.06572295247725,False,Text Similarity,Project description has 0.95 semantic similarity with project WS/32833/2025/00298.,4.909143127016328,0
841,WS/21552/2023/00410,Jammu And Kashmir,SRINAGAR,AASHTIKAR PATIL NAGESH BAPURAO,Solar Light Installation,"Solar light installation near Ram Nagar hanuman mandir, SRINAGAR",131881.0,2023-08-27,2024-06-23,Jai Hind Infrastructure,Sanctioned,262058.81,9,constituency + work_category,-49.67503668355969,0.0,9,1,0.1111111111111111,11.11111111111111,WS/29441/2024/00284,"Solar light installation near Ram Nagar hanuman mandir, JAMMU",0.9680592365674402,96.80592365674401,0.0,3.333333333333333,24.201480914186003,27.534814247519336,Low,60.76845298281091,False,Text Similarity,Project description has 0.97 semantic similarity with project WS/29441/2024/00284.,6.435901533599369,0
842,WS/26426/2024/00159,Maharashtra,PUNE,PRIYA VERMA,Water Supply / Handpump,"Installation of handpump at Vivekanand Marg village, PUNE",703208.76,2024-09-20,2025-06-17,Sri Lakshmi Contractors,Completed,774426.59,7,constituency + work_category,-9.196201540548854,0.0,7,1,0.14285714285714285,14.285714285714285,WS/85842/2025/00394,"Installation of handpump at Station Road village, PUNE",0.9298424434435067,92.98424434435067,0.0,4.285714285714286,23.246061086087668,27.531775371801952,Low,11.223458038422649,False,Text Similarity,Project description has 0.93 semantic similarity with project WS/85842/2025/00394.,4.623369776092474,0
843,WS/69513/2023/00672,Bihar,GAYA,ABHIJIT GANGOPADHYAY,Solar Light Installation,"Solar light installation near Panchayat Bhavan Marg hanuman mandir, GAYA",213238.42,2023-04-30,2023-08-09,Metro Civil Works Pvt Ltd,Sanctioned,288691.87,9,constituency + work_category,-26.136326596242554,0.0,9,1,0.1111111111111111,11.11111111111111,WS/40254/2023/00625,"Solar light installation near Panchayat Bhavan Marg hanuman mandir, VARANASI",0.9672991704343539,96.72991704343539,0.0,3.333333333333333,24.182479260858848,27.51581259419218,Low,38.624873609706775,False,Text Similarity,Project description has 0.97 semantic similarity with project WS/40254/2023/00625.,4.005849349794914,0
844,WS/26759/2023/00818,Kerala,ERNAKULAM,ADV GOWAAL KAGADA PADAVI,Streetlight Installation,"LED streetlight installation along Ambedkar Colony road, ERNAKULAM",237784.63,2023-08-25,2024-07-16,Jai Hind Infrastructure,Completed,369398.16500000004,8,constituency + work_category,-35.629179424862606,0.0,8,1,0.125,12.5,WS/47606/2024/00040,"LED streetlight installation along Gandhi Chowk road, ERNAKULAM",0.9505129874095631,95.05129874095631,0.0,3.75,23.762824685239078,27.512824685239078,Low,26.39029322548028,False,Text Similarity,Project description has 0.95 semantic similarity with project WS/47606/2024/00040.,3.9994480572986797,0
845,WS/54514/2025/00745,West Bengal,MURSHIDABAD,AASHTIKAR PATIL NAGESH BAPURAO,School Building Repair,"Repair and renovation of Govt. School building at Panchayat Bhavan Marg, MURSHIDABAD",937488.03,2025-06-23,2026-03-29,Jai Hind Infrastructure,Completed,1021864.43,9,constituency + work_category,-8.25710314625591,0.0,9,1,0.1111111111111111,11.11111111111111,WS/33038/2025/00388,"Repair and renovation of Govt. School building at Panchayat Bhavan Marg, KOTTAYAM",0.9671656357891996,96.71656357891996,0.0,3.333333333333333,24.17914089472999,27.512474228063322,Low,18.200202224469162,False,Text Similarity,Project description has 0.97 semantic similarity with project WS/33038/2025/00388.,4.632453284782083,0
846,WS/79501/2024/00545,Bihar,AURANGABAD_BR,ANITA JOSHI,Solar Light Installation,"Solar light installation near Panchayat Bhavan Marg hanuman mandir, AURANGABAD_BR",252157.02,2024-01-21,2024-11-05,Sri Lakshmi Contractors,New Recommendation,298203.85,12,constituency + work_category,-15.441393529962804,0.0,12,1,0.08333333333333333,8.333333333333332,WS/89988/2025/00249,"Solar light installation near Panchayat Bhavan Marg hanuman mandir, AURANGABAD_BR",1.0,100.0,0.0,2.4999999999999996,25.0,27.5,Low,63.80182002022244,False,Text Similarity,Project description has 1.00 semantic similarity with project WS/89988/2025/00249.,75.63275509800556,1
847,WS/53165/2023/00964,Kerala,ATTINGAL,ADV DEAN KURIAKOSE,Drainage / Nala,"Construction of drainage/nala near Kisan Nagar area, GAYA",115076.66,2023-05-20,2023-12-21,Om Sai Infra Pvt Ltd,New Recommendation,507526.095,12,constituency + work_category,-77.32596192911025,0.0,12,1,0.08333333333333333,8.333333333333332,WS/86563/2023/00965,"Construction of drainage/nala near Kisan Nagar area, GAYA",1.0000000000000004,100.0,0.0,2.4999999999999996,25.0,27.5,Low,92.51769464105156,True,Text Similarity,Project description has 1.00 semantic similarity with project WS/86563/2023/00965.,19.31022206359547,0
848,WS/52193/2024/00966,Kerala,ATTINGAL,ANITA JOSHI,Drainage / Nala,"Construction of drainage/nala near Kisan Nagar area, GAYA",258235.55,2024-08-02,2025-09-04,Metro Civil Works Pvt Ltd,New Recommendation,507526.095,12,constituency + work_category,-49.11876403123666,0.0,12,1,0.08333333333333333,8.333333333333332,WS/53165/2023/00964,"Construction of drainage/nala near Kisan Nagar area, GAYA",1.0000000000000004,100.0,0.0,2.4999999999999996,25.0,27.5,Low,85.03538928210314,False,Text Similarity,Project description has 1.00 semantic similarity with project WS/53165/2023/00964.,19.936517077558545,0
849,WS/18849/2025/00791,Kerala,ERNAKULAM,ABU TAHER KHAN,Community Hall,"Multipurpose community centre building at Vivekanand Marg panchayat, ERNAKULAM",1938327.61,2025-05-19,2025-12-27,Progressive Engineers & Contractors,Sanctioned,2323014.515,12,constituency + work_category,-16.559814952340062,0.0,12,1,0.08333333333333333,8.333333333333332,WS/30144/2023/00770,"Multipurpose community centre building at Vivekanand Marg panchayat, ERNAKULAM",0.9999999999999996,99.99999999999996,0.0,2.4999999999999996,24.99999999999999,27.49999999999999,Low,65.31850353892821,False,Text Similarity,Project description has 1.00 semantic similarity with project WS/30144/2023/00770.,8.055945936326808,0
850,WS/83044/2023/00205,Jammu And Kashmir,SRINAGAR,ABU TAHER KHAN,Solar Light Installation,"Solar street light at Station Road chowk parisar, SRINAGAR",262058.81,2023-05-30,2024-05-11,Sri Lakshmi Contractors,Sanctioned,262058.81,9,constituency + work_category,0.0,0.0,9,1,0.1111111111111111,11.11111111111111,WS/77537/2024/00319,"Solar street light at Shanti Nagar chowk parisar, SRINAGAR",0.9665080341020941,96.6508034102094,0.0,3.333333333333333,24.16270085255235,27.496034185885684,Low,12.335692618806876,False,Text Similarity,Project description has 0.97 semantic similarity with project WS/77537/2024/00319.,4.845365294368068,0
851,WS/55157/2024/00473,Kerala,ATTINGAL,ABHIJIT GANGOPADHYAY,Water Supply / Handpump,"Installation of handpump at Bazaar Road village, ATTINGAL",489507.44,2024-04-09,2024-12-03,Ganesh Engineering Works,New Recommendation,472150.405,8,constituency + work_category,3.676166496140139,1.225388832046713,8,1,0.125,12.5,WS/42728/2023/00420,"Installation of handpump at Bazaar Road village, MURSHIDABAD",0.9265372675670297,92.65372675670297,0.5514249744210209,3.75,23.16343168917574,27.464856663596763,Low,13.65015166835187,False,Text Similarity,Project description has 0.93 semantic similarity with project WS/42728/2023/00420.,5.1316113417388864,0
852,WS/65444/2024/00022,Jammu And Kashmir,SRINAGAR,ABDUL RASHID SHEIKH,Drainage / Nala,"Covered drain construction from Kisan Nagar to Kisan Nagar, SRINAGAR",641075.81,2024-05-04,2024-11-15,Metro Civil Works Pvt Ltd,New Recommendation,641075.81,7,constituency + work_category,0.0,0.0,7,1,0.14285714285714285,14.285714285714285,WS/37168/2024/00179,"Covered drain construction from Kisan Nagar to Kisan Nagar, KANPUR",0.9257177224969404,92.57177224969404,0.0,4.285714285714286,23.14294306242351,27.428657348137794,Low,7.280080889787664,False,Text Similarity,Project description has 0.93 semantic similarity with project WS/37168/2024/00179.,4.869071113704385,0
853,WS/13148/2023/00741,Jammu And Kashmir,SRINAGAR,ADV GOWAAL KAGADA PADAVI,Road Construction,"Widening and strengthening of road near Bazaar Road village, SRINAGAR",1864190.97,2023-07-09,2023-09-21,Metro Civil Works Pvt Ltd,Sanctioned,1864190.97,7,constituency + work_category,0.0,0.0,7,1,0.14285714285714285,14.285714285714285,WS/45058/2023/00432,"Widening and strengthening of road near Bazaar Road village, ERNAKULAM",0.9256564793605427,92.56564793605428,0.0,4.285714285714286,23.14141198401357,27.427126269727854,Low,7.482305358948432,False,Text Similarity,Project description has 0.93 semantic similarity with project WS/45058/2023/00432.,4.869071113704385,0
854,WS/29119/2025/00825,Bihar,AURANGABAD_BR,ADV GOWAAL KAGADA PADAVI,Solar Light Installation,"Solar light installation near Kisan Nagar hanuman mandir, AURANGABAD_BR",176616.48,2025-02-25,2025-12-15,National Builders & Contractors,New Recommendation,298203.85,12,constituency + work_category,-40.77323951384262,0.0,12,1,0.08333333333333333,8.333333333333332,WS/59807/2023/00223,"Solar light installation near Kisan Nagar hanuman mandir, AURANGABAD_MH",0.9967724172947738,99.67724172947739,0.0,2.4999999999999996,24.919310432369347,27.419310432369347,Low,80.48533872598584,False,Text Similarity,Project description has 1.00 semantic similarity with project WS/59807/2023/00223.,5.291774883932277,0
855,WS/94819/2024/00366,Kerala,KOTTAYAM,ADITYA YADAV,Solar Light Installation,"Solar light installation near Station Road hanuman mandir, KOTTAYAM",289410.23,2024-04-02,2025-01-18,Om Sai Infra Pvt Ltd,Ongoing,293516.93,9,constituency + work_category,-1.3991356478142545,0.0,9,1,0.1111111111111111,11.11111111111111,WS/95964/2025/00892,"Solar light installation near Shanti Nagar hanuman mandir, KOTTAYAM",0.9631604267235873,96.31604267235872,0.0,3.333333333333333,24.07901066808968,27.412344001423012,Low,10.920121334681497,False,Text Similarity,Project description has 0.96 semantic similarity with project WS/95964/2025/00892.,4.53299181125839,0
856,WS/47304/2024/00430,Uttar Pradesh,VARANASI,RAJESH KUMAR SHARMA,Road Construction,"CC road construction at Vivekanand Marg ward, VARANASI",1499993.54,2024-03-25,2025-03-30,Ganesh Engineering Works,Ongoing,2050184.63,8,constituency + work_category,-26.83617279873959,0.0,8,1,0.125,12.5,WS/46585/2024/00035,"CC road construction at Vivekanand Marg ward, AURANGABAD_BR",0.9460239763684385,94.60239763684385,0.0,3.75,23.65059940921096,27.40059940921096,Low,18.301314459049543,False,Text Similarity,Project description has 0.95 semantic similarity with project WS/46585/2024/00035.,4.024843421290917,0
857,WS/46352/2025/00735,Bihar,PATNA_SAHIB,ADITYA YADAV,Road Construction,"Widening and strengthening of road near Bazaar Road village, PATNA_SAHIB",1133347.55,2025-07-19,2026-08-09,Sri Lakshmi Contractors,Completed,1339439.56,7,constituency + work_category,-15.386435950868885,0.0,7,1,0.14285714285714285,14.285714285714285,WS/13148/2023/00741,"Widening and strengthening of road near Bazaar Road village, SRINAGAR",0.9244283551134105,92.44283551134104,0.0,4.285714285714286,23.11070887783526,27.396423163549546,Low,19.11021233569262,False,Text Similarity,Project description has 0.92 semantic similarity with project WS/13148/2023/00741.,4.507185894692738,0
858,WS/80436/2024/00880,Maharashtra,HINGOLI,RAJESH KUMAR SHARMA,Drainage / Nala,"Construction of drainage/nala near Panchayat Bhavan Marg area, HINGOLI",957429.01,2024-01-12,2024-06-10,Bharat Infra Solutions,Completed,873497.0349999999,22,state + work_category,9.608730383383625,3.2029101277945413,22,2,0.09090909090909091,9.090909090909092,WS/16259/2023/00784,"Construction of drainage/nala near Panchayat Bhavan Marg area, SRINAGAR",0.9284609638408231,92.84609638408232,1.4413095575075436,2.7272727272727275,23.21152409602058,27.38010638080085,Low,30.33367037411527,False,Text Similarity,Project description has 0.93 semantic similarity with project WS/16259/2023/00784.,5.01939141993943,0
859,WS/74106/2023/00308,Jammu And Kashmir,JAMMU,ADV GOWAAL KAGADA PADAVI,Road Construction,Construction of concrete road from Panchayat Bhavan Marg to Nehru Path in JAMMU,1605070.11,2023-07-28,2024-03-01,Sri Lakshmi Contractors,Sanctioned,1597751.75,8,constituency + work_category,0.45804111934160624,0.15268037311386873,8,1,0.125,12.5,WS/59250/2024/00793,Construction of concrete road from Gandhi Chowk to Panchayat Bhavan Marg in JAMMU,0.9423655833742135,94.23655833742134,0.06870616790124093,3.75,23.559139584355336,27.377845752256576,Low,3.5389282103134483,False,Text Similarity,Project description has 0.94 semantic similarity with project WS/59250/2024/00793.,5.1331642332011835,0
860,WS/39588/2024/00534,West Bengal,HOWRAH,ADHIKARI SOUMENDU,School Building Repair,"Repair and renovation of Govt. School building at Shanti Nagar, HOWRAH",1113180.88,2024-10-17,2025-08-03,Sri Lakshmi Contractors,New Recommendation,1443853.62,7,constituency + work_category,-22.90209585096308,0.0,7,1,0.14285714285714285,14.285714285714285,WS/15737/2023/00456,"Repair and renovation of Govt. School building at Shanti Nagar, VARANASI",0.92338699637094,92.338699637094,0.0,4.285714285714286,23.0846749092735,27.370389194987784,Low,29.120323559150656,False,Text Similarity,Project description has 0.92 semantic similarity with project WS/15737/2023/00456.,4.810840071840891,0
861,WS/29871/2025/00699,Bihar,GAYA,ADHIKARI SOUMENDU,Road Construction,Construction of concrete road from Station Road to Subhash Nagar in GAYA,1252226.57,2025-04-02,2025-12-30,New India Construction Co.,Ongoing,1252226.57,9,constituency + work_category,0.0,0.0,9,1,0.1111111111111111,11.11111111111111,WS/55653/2024/00828,Construction of concrete road from Subhash Nagar to Subhash Nagar in GAYA,0.9613064169369141,96.13064169369142,0.0,3.333333333333333,24.032660423422854,27.365993756756186,Low,8.39231547017189,False,Text Similarity,Project description has 0.96 semantic similarity with project WS/55653/2024/00828.,4.686451207809833,0
862,WS/16564/2025/00346,Kerala,ATTINGAL,ADV DEAN KURIAKOSE,Water Supply / Handpump,"Installation of handpump at Ram Nagar village, ATTINGAL",361812.2,2025-12-26,2026-07-25,Bharat Infra Solutions,Sanctioned,472150.405,8,constituency + work_category,-23.36929161376024,0.0,8,1,0.125,12.5,WS/98696/2023/00001,"Installation of handpump at Kisan Nagar village, ATTINGAL",0.944350821261022,94.4350821261022,0.0,3.75,23.60877053152555,27.35877053152555,Low,16.885743174924166,False,Text Similarity,Project description has 0.94 semantic similarity with project WS/98696/2023/00001.,4.715744607400324,0
863,WS/59060/2024/00110,Bihar,PATNA_SAHIB,PRIYA VERMA,School Building Repair,"Construction of additional classroom at Shanti Nagar school, PATNA_SAHIB",1421457.51,2024-02-15,2024-11-19,New India Construction Co.,New Recommendation,1414472.25,7,constituency + work_category,0.4938421379422615,0.16461404598075383,7,1,0.14285714285714285,14.285714285714285,WS/82733/2025/00244,"Construction of additional classroom at Shanti Nagar school, JAMMU",0.9199536745474444,91.99536745474444,0.07407632069133922,4.285714285714286,22.99884186368611,27.358632470091734,Low,11.122345803842265,False,Text Similarity,Project description has 0.92 semantic similarity with project WS/82733/2025/00244.,5.932155066810613,0
864,WS/38574/2024/00580,Kerala,ATTINGAL,MEERA IYER,School Building Repair,"Construction of additional classroom at Shanti Nagar school, ATTINGAL",736716.09,2024-10-23,2024-12-28,Deep Construction Co.,Sanctioned,977273.97,7,constituency + work_category,-24.615193628865406,0.0,7,1,0.14285714285714285,14.285714285714285,WS/29887/2024/00067,"Construction of additional classroom at Shanti Nagar school, TAMLUK",0.922851877600438,92.2851877600438,0.0,4.285714285714286,23.07129694001095,27.357011225725234,Low,31.243680485338725,False,Text Similarity,Project description has 0.92 semantic similarity with project WS/29887/2024/00067.,4.167982928983748,0
865,WS/87609/2023/00876,Uttar Pradesh,KANPUR,PRIYA VERMA,Streetlight Installation,"LED streetlight installation along Kisan Nagar road, KANPUR",272172.39,2023-10-06,2023-12-06,National Builders & Contractors,Ongoing,383496.405,10,constituency + work_category,-29.02869845676911,0.0,10,1,0.1,10.0,WS/69925/2024/00423,"LED streetlight installation along Ram Nagar road, KANPUR",0.9741066657763102,97.41066657763102,0.0,3.0,24.352666644407755,27.352666644407755,Low,50.45500505561172,False,Text Similarity,Project description has 0.97 semantic similarity with project WS/69925/2024/00423.,4.429623908005203,0
866,WS/39401/2025/00888,Maharashtra,HINGOLI,RAVI SHANKAR PRASAD JI,Community Hall,"Multipurpose community centre building at Andouli panchayat, HINGOLI",1756415.22,2025-09-24,2026-06-23,National Builders & Contractors,Completed,2558946.56,7,constituency + work_category,-31.361785843624656,0.0,7,1,0.14285714285714285,14.285714285714285,WS/54092/2023/00059,"Multipurpose community centre building at Andouli panchayat, AURANGABAD_BR",0.9226464778628057,92.26464778628058,0.0,4.285714285714286,23.066161946570144,27.35187623228443,Low,39.02932254802831,False,Text Similarity,Project description has 0.92 semantic similarity with project WS/54092/2023/00059.,4.167982928983748,0
867,WS/83680/2025/00428,West Bengal,MURSHIDABAD,ANITA JOSHI,Streetlight Installation,"LED streetlight installation along Bazaar Road road, MURSHIDABAD",474252.15,2025-06-13,2026-04-18,Bharat Infra Solutions,New Recommendation,474252.15,17,state + work_category,0.0,0.0,17,2,0.11764705882352941,11.76470588235294,WS/50481/2023/00792,"LED streetlight installation along Gandhi Chowk road, MURSHIDABAD",0.9514959276943743,95.14959276943743,0.0,3.529411764705882,23.78739819235936,27.31680995706524,Low,3.0333670374115265,False,Text Similarity,Project description has 0.95 semantic similarity with project WS/50481/2023/00792.,6.6204813270447564,0
868,WS/44099/2025/00051,Uttar Pradesh,BADAUN,ABHAY KUMAR SINHA,Water Supply / Handpump,"Installation of handpump at Subhash Nagar village, BADAUN",500028.94,2025-09-04,2026-06-27,National Builders & Contractors,Completed,719185.46,9,constituency + work_category,-30.47287969364675,0.0,9,1,0.1111111111111111,11.11111111111111,WS/66881/2024/00087,"Installation of handpump at Ram Nagar village, BADAUN",0.9591069393119362,95.91069393119362,0.0,3.333333333333333,23.977673482798405,27.311006816131737,Low,34.681496461071795,False,Text Similarity,Project description has 0.96 semantic similarity with project WS/66881/2024/00087.,4.094820213117904,0
869,WS/77964/2023/00773,Bihar,AURANGABAD_BR,ADV ADOOR PRAKASH,Community Hall,"Multipurpose community centre building at Andouli panchayat, AURANGABAD_BR",3148924.73,2023-06-11,2024-03-29,Shree Balaji Construction Co.,New Recommendation,3668526.11,13,constituency + work_category,-14.16376398640379,0.0,13,1,0.07692307692307693,7.6923076923076925,WS/54092/2023/00059,"Multipurpose community centre building at Andouli panchayat, AURANGABAD_BR",1.0000000000000002,100.0,0.0,2.3076923076923075,25.0,27.307692307692307,Low,65.01516683518706,False,Text Similarity,Project description has 1.00 semantic similarity with project WS/54092/2023/00059.,18.658638720005744,0
870,WS/34318/2025/00454,Bihar,PATNA_SAHIB,RAVI SHANKAR PRASAD JI,Community Hall,"Multipurpose community centre building at Andouli panchayat, PATNA_SAHIB",2635197.45,2025-06-03,2026-06-24,United Rural Builders,Sanctioned,2633655.8600000003,8,constituency + work_category,0.0585342232223101,0.01951140774077003,8,1,0.125,12.5,WS/34978/2024/00983,"Multipurpose community centre building at Andouli panchayat, SRINAGAR",0.9414021015777627,94.14021015777627,0.008780133483346515,3.75,23.535052539444067,27.29383267292741,Low,3.741152679474216,False,Text Similarity,Project description has 0.94 semantic similarity with project WS/34978/2024/00983.,5.10935470939166,0
871,WS/43158/2025/00649,Maharashtra,AURANGABAD_MH,ABDUL RASHID SHEIKH,Solar Light Installation,"Solar street light at Station Road chowk parisar, AURANGABAD_MH",358807.4,2025-06-27,2025-09-22,Deep Construction Co.,Ongoing,358807.4,9,constituency + work_category,0.0,0.0,9,1,0.1111111111111111,11.11111111111111,WS/22561/2025/00609,"Solar street light at Station Road chowk parisar, VARANASI",0.9577003953849401,95.77003953849402,0.0,3.333333333333333,23.942509884623504,27.275843217956837,Low,6.471183013144591,False,Text Similarity,Project description has 0.96 semantic similarity with project WS/22561/2025/00609.,5.244147738332451,0
872,WS/84647/2023/00771,West Bengal,MURSHIDABAD,PRIYA VERMA,Road Construction,"Widening and strengthening of road near Ambedkar Colony village, MURSHIDABAD",1708633.99,2023-10-10,2024-08-08,Om Sai Infra Pvt Ltd,New Recommendation,1708633.99,7,constituency + work_category,0.0,0.0,7,1,0.14285714285714285,14.285714285714285,WS/45665/2025/00117,"Widening and strengthening of road near Ambedkar Colony village, KOTTAYAM",0.9189844255769837,91.89844255769837,0.0,4.285714285714286,22.974610639424593,27.260324925138878,Low,11.526794742163801,False,Text Similarity,Project description has 0.92 semantic similarity with project WS/45665/2025/00117.,5.895804089197649,0
873,WS/58777/2025/00843,Kerala,ERNAKULAM,ABU TAHER KHAN,Streetlight Installation,"Installation of streetlights at Bazaar Road chowk, ERNAKULAM",241693.3,2025-01-04,2025-07-20,Progressive Engineers & Contractors,Ongoing,369398.16500000004,8,constituency + work_category,-34.571061012173686,0.0,8,1,0.125,12.5,WS/89415/2024/00054,"Installation of streetlights at Bazaar Road chowk, SRINAGAR",0.93988496250317,93.988496250317,0.0,3.75,23.49712406257925,27.24712406257925,Low,33.06370070778564,False,Text Similarity,Project description has 0.94 semantic similarity with project WS/89415/2024/00054.,4.025381258269203,0
874,WS/73324/2025/00855,Bihar,GAYA,ADV ADOOR PRAKASH,Solar Light Installation,"Solar light installation near Nehru Path hanuman mandir, GAYA",288691.87,2025-05-24,2025-09-21,Bharat Infra Solutions,New Recommendation,288691.87,9,constituency + work_category,0.0,0.0,9,1,0.1111111111111111,11.11111111111111,WS/91381/2024/00093,"Solar light installation near Nehru Path hanuman mandir, KANPUR",0.9562789057545399,95.62789057545399,0.0,3.333333333333333,23.906972643863497,27.24030597719683,Low,6.066734074823053,False,Text Similarity,Project description has 0.96 semantic similarity with project WS/91381/2024/00093.,4.996832522513298,0
875,WS/16047/2025/00515,Maharashtra,PUNE,ABDUL RASHID SHEIKH,Water Supply / Handpump,"Water supply pipeline extension to Ram Nagar area, PUNE",793686.82,2025-09-09,2025-12-22,New India Construction Co.,Sanctioned,774426.59,7,constituency + work_category,2.487031081926046,0.8290103606420152,7,1,0.14285714285714285,14.285714285714285,WS/82516/2023/00689,"Water supply pipeline extension to Ram Nagar area, KANPUR",0.9031992189267288,90.31992189267288,0.3730546622889068,4.285714285714286,22.57998047316822,27.238749421171413,Low,24.16582406471183,False,Text Similarity,Project description has 0.90 semantic similarity with project WS/82516/2023/00689.,4.607688710855282,0
876,WS/11850/2024/00658,West Bengal,HOWRAH,ADV DEAN KURIAKOSE,Drainage / Nala,"Covered drain construction from Kisan Nagar to Station Road, HOWRAH",380155.14,2024-04-11,2024-09-05,Jai Hind Infrastructure,Completed,711107.83,7,constituency + work_category,-46.540436771734036,0.0,7,1,0.14285714285714285,14.285714285714285,WS/80189/2024/00923,"Covered drain construction from Kisan Nagar to Shanti Nagar, HOWRAH",0.9180108665461757,91.80108665461756,0.0,4.285714285714286,22.95027166365439,27.235985949368676,Low,57.330637007077854,False,Text Similarity,Project description has 0.92 semantic similarity with project WS/80189/2024/00923.,3.948708881488542,0
877,WS/88504/2024/00013,Kerala,KOTTAYAM,ANITA JOSHI,Streetlight Installation,"Installation of streetlights at Vivekanand Marg chowk, KOTTAYAM",239510.0,2024-04-17,2024-09-06,United Rural Builders,Completed,366689.81,9,constituency + work_category,-34.68321358589158,0.0,9,1,0.1111111111111111,11.11111111111111,WS/25674/2023/00606,"Installation of streetlights at Vivekanand Marg chowk, VARANASI",0.9553438078514327,95.53438078514327,0.0,3.333333333333333,23.883595196285818,27.21692852961915,Low,36.29929221435793,False,Text Similarity,Project description has 0.96 semantic similarity with project WS/25674/2023/00606.,4.066792466586221,0
878,WS/45405/2023/00844,West Bengal,MURSHIDABAD,ADV K FRANCIS GEORGE,Solar Light Installation,"Solar light installation near Ram Nagar hanuman mandir, MURSHIDABAD",251769.5,2023-04-27,2024-04-30,Ganesh Engineering Works,Completed,301057.32,20,state + work_category,-16.371573360182705,0.0,20,2,0.1,10.0,WS/23937/2024/00563,"Solar light installation near Ram Nagar hanuman mandir, ATTINGAL",0.9679752311029508,96.79752311029507,0.0,3.0,24.19938077757377,27.19938077757377,Low,32.861476238624874,False,Text Similarity,Project description has 0.97 semantic similarity with project WS/23937/2024/00563.,4.912329658408456,0
879,WS/97914/2024/00833,Jammu And Kashmir,BARAMULLAH,ABHIJIT GANGOPADHYAY,Drainage / Nala,"Covered drain construction from Panchayat Bhavan Marg to Ram Nagar, BARAMULLAH",656980.32,2024-02-04,2025-02-03,National Builders & Contractors,Sanctioned,711341.41,7,constituency + work_category,-7.6420533425714785,0.0,7,1,0.14285714285714285,14.285714285714285,WS/68341/2025/00156,"Covered drain construction from Ram Nagar to Panchayat Bhavan Marg, VARANASI",0.9163009568328082,91.63009568328081,0.0,4.285714285714286,22.907523920820204,27.193238206534488,Low,18.503538928210315,False,Text Similarity,Project description has 0.92 semantic similarity with project WS/68341/2025/00156.,5.086703021222246,0
880,WS/72784/2025/00882,Uttar Pradesh,KANPUR,ABU TAHER KHAN,School Building Repair,"Repair and renovation of Govt. School building at Ram Nagar, KANPUR",724412.4,2025-04-13,2026-01-20,New India Construction Co.,Ongoing,1163663.745,20,state + work_category,-37.747274235135684,0.0,20,2,0.1,10.0,WS/51766/2023/00641,"Repair and renovation of Govt. School building at Ram Nagar, LUCKNOW",0.9676046704852843,96.76046704852843,0.0,3.0,24.190116762132106,27.190116762132106,Low,53.69059656218403,False,Text Similarity,Project description has 0.97 semantic similarity with project WS/51766/2023/00641.,3.9140509501071703,0
881,WS/27771/2025/00251,Kerala,KOTTAYAM,ADV GOWAAL KAGADA PADAVI,Streetlight Installation,"LED streetlight installation along Subhash Nagar road, KOTTAYAM",270304.38,2025-08-26,2026-07-15,Progressive Engineers & Contractors,Completed,366689.81,9,constituency + work_category,-26.28527637569203,0.0,9,1,0.1111111111111111,11.11111111111111,WS/93422/2025/00710,"LED streetlight installation along Subhash Nagar road, KANPUR",0.95421443949677,95.421443949677,0.0,3.333333333333333,23.85536098741925,27.18869432075258,Low,24.570273003033368,False,Text Similarity,Project description has 0.95 semantic similarity with project WS/93422/2025/00710.,4.709649609443364,0
882,WS/97046/2023/00786,Maharashtra,NAGPUR,AASHTIKAR PATIL NAGESH BAPURAO,Road Construction,Construction of concrete road from Shanti Nagar to Kisan Nagar in NAGPUR,1373098.29,2023-10-14,2024-01-14,Ganesh Engineering Works,Completed,1608217.0,8,constituency + work_category,-14.619837372692862,0.0,8,1,0.125,12.5,WS/28661/2023/00279,Construction of concrete road from Kisan Nagar to Nehru Path in NAGPUR,0.9368880638639934,93.68880638639934,0.0,3.75,23.422201596599834,27.172201596599834,Low,15.470171890798786,False,Text Similarity,Project description has 0.94 semantic similarity with project WS/28661/2023/00279.,4.334331174021325,0
883,WS/78674/2024/00212,West Bengal,MURSHIDABAD,RAJESH KUMAR SHARMA,Drainage / Nala,"Construction of drainage/nala near Andouli area, MURSHIDABAD",425962.68,2024-10-11,2025-08-17,National Builders & Contractors,Completed,628719.8,7,constituency + work_category,-32.24920226784651,0.0,7,1,0.14285714285714285,14.285714285714285,WS/23137/2023/00884,"Construction of drainage/nala near Kisan Nagar area, MURSHIDABAD",0.915259022137465,91.5259022137465,0.0,4.285714285714286,22.881475553436626,27.16718983915091,Low,46.20829120323559,False,Text Similarity,Project description has 0.92 semantic similarity with project WS/23137/2023/00884.,4.42003635455558,0
884,WS/31567/2025/00095,Jammu And Kashmir,BARAMULLAH,ABU TAHER KHAN,Solar Light Installation,"Solar street light at Nehru Path chowk parisar, BARAMULLAH",288792.72,2025-12-20,2026-08-24,United Rural Builders,New Recommendation,280850.19999999995,12,constituency + work_category,2.828027183174525,0.9426757277248418,12,1,0.08333333333333333,8.333333333333332,WS/76164/2024/00627,"Solar street light at Nehru Path chowk parisar, AURANGABAD_MH",0.9693928110667333,96.93928110667332,0.4242040774761788,2.4999999999999996,24.23482027666833,27.15902435414451,Low,24.3680485338726,False,Text Similarity,Project description has 0.97 semantic similarity with project WS/76164/2024/00627.,5.756100755587183,0
885,WS/56267/2025/00732,West Bengal,TAMLUK,ABHAY KUMAR SINHA,Streetlight Installation,"LED streetlight installation along Subhash Nagar road, TAMLUK",163926.38,2025-07-31,2026-05-14,Progressive Engineers & Contractors,Completed,474252.15,17,state + work_category,-65.43476292094827,0.0,17,2,0.11764705882352941,11.76470588235294,WS/27771/2025/00251,"LED streetlight installation along Subhash Nagar road, KOTTAYAM",0.9450615125334154,94.50615125334154,0.0,3.529411764705882,23.626537813335386,27.155949578041266,Low,60.86956521739131,False,Text Similarity,Project description has 0.95 semantic similarity with project WS/27771/2025/00251.,5.652673988114384,0
886,WS/79922/2023/00647,Maharashtra,NANDURBAR(ST),ADITYA YADAV,Community Hall,"Construction of community hall at Vivekanand Marg, NANDURBAR(ST)",2598688.53,2023-12-17,2024-12-12,Shree Balaji Construction Co.,Sanctioned,2827636.605,6,constituency + work_category,-8.09679980076507,0.0,6,1,0.16666666666666666,16.666666666666664,WS/62699/2023/00857,"Construction of community hall at Vivekanand Marg, AURANGABAD_BR",0.8859553319240124,88.59553319240125,0.0,4.999999999999999,22.148883298100312,27.148883298100312,Low,38.92821031344793,False,Text Similarity,Project description has 0.89 semantic similarity with project WS/62699/2023/00857.,3.684813327976248,0
887,WS/12125/2024/00210,Bihar,AURANGABAD_BR,RAJESH KUMAR SHARMA,Community Hall,"Multipurpose community centre building at Nehru Path panchayat, AURANGABAD_BR",2534825.43,2024-10-28,2025-04-19,Deep Construction Co.,Ongoing,3668526.11,13,constituency + work_category,-30.903437675137596,0.0,13,1,0.07692307692307693,7.6923076923076925,WS/72530/2024/00439,"Multipurpose community centre building at Nehru Path panchayat, AURANGABAD_MH",0.9934709952010772,99.34709952010772,0.0,2.3076923076923075,24.83677488002693,27.144467187719236,Low,73.40748230535895,False,Text Similarity,Project description has 0.99 semantic similarity with project WS/72530/2024/00439.,6.033446327243064,0
888,WS/49289/2023/00227,Bihar,PATNA_SAHIB,ADV DEAN KURIAKOSE,School Building Repair,"Construction of additional classroom at Ambedkar Colony school, PATNA_SAHIB",604308.75,2023-09-19,2024-06-27,Bharat Infra Solutions,Sanctioned,1414472.25,7,constituency + work_category,-57.276733424780865,0.0,7,1,0.14285714285714285,14.285714285714285,WS/18639/2024/00130,"Construction of additional classroom at Vivekanand Marg school, PATNA_SAHIB",0.9130985255995181,91.3098525599518,0.0,4.285714285714286,22.82746313998795,27.113177425702236,Low,69.26188068756319,False,Text Similarity,Project description has 0.91 semantic similarity with project WS/18639/2024/00130.,4.277377114615378,0
889,WS/51697/2025/00939,Kerala,KOTTAYAM,SANJAY DESHMUKH,Water Supply / Handpump,"Water supply pipeline extension to Station Road area, KOTTAYAM",473288.19,2025-04-15,2025-09-10,Ganesh Engineering Works,Sanctioned,502250.28,6,constituency + work_category,-5.766465675240644,0.0,6,1,0.16666666666666666,16.666666666666664,WS/46261/2024/00516,"Water supply pipeline extension to Station Road area, AURANGABAD_MH",0.8840563509225237,88.40563509225237,0.0,4.999999999999999,22.101408773063092,27.101408773063092,Low,38.22042467138524,False,Text Similarity,Project description has 0.88 semantic similarity with project WS/46261/2024/00516.,4.193492800042448,0
890,WS/78298/2024/00509,West Bengal,MURSHIDABAD,MEERA IYER,Solar Light Installation,"Solar street light at Nehru Path chowk parisar, MURSHIDABAD",287938.64,2024-03-09,2024-12-30,Sri Lakshmi Contractors,Completed,301057.32,20,state + work_category,-4.357535634742246,0.0,20,2,0.1,10.0,WS/76164/2024/00627,"Solar street light at Nehru Path chowk parisar, AURANGABAD_MH",0.9638910937911673,96.38910937911673,0.0,3.0,24.097277344779183,27.097277344779183,Low,16.380182002022245,False,Text Similarity,Project description has 0.96 semantic similarity with project WS/76164/2024/00627.,4.542416414432993,0
891,WS/37222/2023/00344,Uttar Pradesh,LUCKNOW,RAJESH KUMAR SHARMA,Water Supply / Handpump,"Water supply pipeline extension to Kisan Nagar area, LUCKNOW",486829.36,2023-09-12,2023-12-01,United Rural Builders,Sanctioned,590699.13,9,constituency + work_category,-17.58420907103757,0.0,9,1,0.1111111111111111,11.11111111111111,WS/32833/2025/00298,"Water supply pipeline extension to Kisan Nagar area, AURANGABAD_BR",0.9501105966775835,95.01105966775835,0.0,3.333333333333333,23.752764916939586,27.08609825027292,Low,14.661274014155712,False,Text Similarity,Project description has 0.95 semantic similarity with project WS/32833/2025/00298.,4.59309115126814,0
892,WS/34102/2025/00433,Bihar,PATNA_SAHIB,RAJESH KUMAR SHARMA,Water Supply / Handpump,"Installation of handpump at Andouli village, PATNA_SAHIB",610843.84,2025-12-14,2026-09-30,Sri Lakshmi Contractors,Ongoing,593823.735,18,state + work_category,2.866188061681297,0.9553960205604324,18,2,0.1111111111111111,11.11111111111111,WS/40959/2024/00481,"Installation of handpump at Station Road village, PATNA_SAHIB",0.9320659594549049,93.20659594549049,0.4299282092521946,3.333333333333333,23.301648986372623,27.06491052895815,Low,13.245702730030334,False,Text Similarity,Project description has 0.93 semantic similarity with project WS/40959/2024/00481.,5.121314758968353,0
893,WS/30220/2024/00532,Uttar Pradesh,LUCKNOW,ADHIKARI SOUMENDU,School Building Repair,"Repair and renovation of Govt. School building at Nehru Path, LUCKNOW",594696.41,2024-10-20,2025-07-03,New India Construction Co.,Sanctioned,1163663.745,20,state + work_category,-48.89447982243358,0.0,20,2,0.1,10.0,WS/36972/2024/00240,"Repair and renovation of Govt. School building at Nehru Path, AURANGABAD_MH",0.9625142900736917,96.25142900736917,0.0,3.0,24.062857251842292,27.062857251842292,Low,59.75733063700708,False,Text Similarity,Project description has 0.96 semantic similarity with project WS/36972/2024/00240.,5.454724764370356,0
894,WS/97910/2023/00241,Uttar Pradesh,BADAUN,RAVI SHANKAR PRASAD JI,Drainage / Nala,"Covered drain construction from Ambedkar Colony to Station Road, BADAUN",629213.73,2023-10-19,2024-08-08,Om Sai Infra Pvt Ltd,New Recommendation,590159.745,14,state + work_category,6.617527767841906,2.2058425892806355,14,3,0.21428571428571427,21.428571428571427,WS/47498/2024/00315,"Covered drain construction from Station Road to Vivekanand Marg, NAGPUR",0.7853714117576709,78.53714117576709,0.992629165176286,6.428571428571428,19.634285293941772,27.055485887689485,Low,94.53993933265924,True,Text Similarity,Project description has 0.79 semantic similarity with project WS/47498/2024/00315.,5.244585353632708,0
895,WS/70994/2023/00584,Kerala,ATTINGAL,ANITA JOSHI,Water Supply / Handpump,"Water supply pipeline extension to Bazaar Road area, ATTINGAL",454793.37,2023-05-23,2023-09-16,Sri Lakshmi Contractors,New Recommendation,472150.405,8,constituency + work_category,-3.6761664961401506,0.0,8,1,0.125,12.5,WS/37636/2023/00729,"Water supply pipeline extension to Bazaar Road area, AURANGABAD_BR",0.9315341001978883,93.15341001978882,0.0,3.75,23.288352504947206,27.038352504947206,Low,10.717896865520729,False,Text Similarity,Project description has 0.93 semantic similarity with project WS/37636/2023/00729.,4.522815119909359,0
896,WS/98740/2024/00220,Uttar Pradesh,LUCKNOW,PRIYA VERMA,Road Construction,"Widening and strengthening of road near Station Road village, LUCKNOW",1308770.71,2024-10-29,2025-04-30,Jai Hind Infrastructure,Sanctioned,1442685.75,22,state + work_category,-9.282343018914553,0.0,22,4,0.18181818181818182,18.181818181818183,WS/86869/2025/00111,"Widening and strengthening of road near Station Road village, HINGOLI",0.862215132234838,86.2215132234838,0.0,5.454545454545455,21.55537830587095,27.009923760416406,Low,63.70070778564207,False,Text Similarity,Project description has 0.86 semantic similarity with project WS/86869/2025/00111.,3.6328712115627866,0
897,WS/60986/2024/00774,West Bengal,HOWRAH,ADHIKARI SOUMENDU,Road Construction,Construction of concrete road from Gandhi Chowk to Shanti Nagar in HOWRAH,1019534.04,2024-06-02,2025-04-02,Deep Construction Co.,Completed,1703447.29,10,constituency + work_category,-40.1487767784115,0.0,10,1,0.1,10.0,WS/46587/2023/00782,Construction of concrete road from Shanti Nagar to Shanti Nagar in HOWRAH,0.960340988446184,96.0340988446184,0.0,3.0,24.0085247111546,27.0085247111546,Low,49.44388270980789,False,Text Similarity,Project description has 0.96 semantic similarity with project WS/46587/2023/00782.,4.067980405562665,0
898,WS/33002/2024/00188,Kerala,IDUKKI,AASHTIKAR PATIL NAGESH BAPURAO,Water Supply / Handpump,"Water supply pipeline extension to Bazaar Road area, IDUKKI",435978.53,2024-01-28,2025-01-12,Progressive Engineers & Contractors,Ongoing,473073.31,7,constituency + work_category,-7.841232894749435,0.0,7,1,0.14285714285714285,14.285714285714285,WS/37636/2023/00729,"Water supply pipeline extension to Bazaar Road area, AURANGABAD_BR",0.9088911159538382,90.88911159538382,0.0,4.285714285714286,22.722277898845956,27.00799218456024,Low,24.772497472194136,False,Text Similarity,Project description has 0.91 semantic similarity with project WS/37636/2023/00729.,3.755474361035349,0
899,WS/15776/2024/00747,Bihar,PATNA_SAHIB,SANJAY DESHMUKH,School Building Repair,"Construction of additional classroom at Andouli school, PATNA_SAHIB",1414472.25,2024-06-29,2024-12-01,Ganesh Engineering Works,Ongoing,1414472.25,7,constituency + work_category,0.0,0.0,7,1,0.14285714285714285,14.285714285714285,WS/18639/2024/00130,"Construction of additional classroom at Vivekanand Marg school, PATNA_SAHIB",0.9083373525443347,90.83373525443346,0.0,4.285714285714286,22.708433813608366,26.99414809932265,Low,17.795753286147622,False,Text Similarity,Project description has 0.91 semantic similarity with project WS/18639/2024/00130.,4.883726197735244,0
900,WS/99166/2024/00011,Kerala,ERNAKULAM,ABHAY KUMAR SINHA,School Building Repair,"Construction of additional classroom at Kisan Nagar school, ERNAKULAM",934267.0,2024-07-23,2025-06-18,Bharat Infra Solutions,Completed,934267.0,9,constituency + work_category,0.0,0.0,9,1,0.1111111111111111,11.11111111111111,WS/41091/2023/00091,"Construction of additional classroom at Subhash Nagar school, ERNAKULAM",0.9455340890960211,94.55340890960211,0.0,3.333333333333333,23.638352227400528,26.97168556073386,Low,4.145601617795753,False,Text Similarity,Project description has 0.95 semantic similarity with project WS/41091/2023/00091.,4.988218920189217,0
901,WS/65771/2024/00062,Jammu And Kashmir,SRINAGAR,ADV ADOOR PRAKASH,Community Hall,"Multipurpose community centre building at Kisan Nagar panchayat, SRINAGAR",3159900.05,2024-04-12,2025-02-08,United Rural Builders,New Recommendation,3117342.315,10,constituency + work_category,1.3651928694266569,0.45506428980888564,10,1,0.1,10.0,WS/76655/2025/00479,"Multipurpose community centre building at Kisan Nagar panchayat, AURANGABAD_BR",0.9503799335979792,95.03799335979792,0.20477893041399853,3.0,23.75949833994948,26.96427727036348,Low,6.167846309403438,False,Text Similarity,Project description has 0.95 semantic similarity with project WS/76655/2025/00479.,5.588829334899456,0
902,WS/49131/2025/00675,Jammu And Kashmir,SRINAGAR,PRIYA VERMA,Community Hall,"Multipurpose community centre building at Ambedkar Colony panchayat, SRINAGAR",3117920.0,2025-12-03,2027-01-01,National Builders & Contractors,Completed,3117342.315,10,constituency + work_category,0.01853133026874708,0.00617711008958236,10,1,0.1,10.0,WS/33209/2023/00489,"Multipurpose community centre building at Ambedkar Colony panchayat, NAGPUR",0.9583576746020812,95.83576746020812,0.002779699540312062,3.0,23.95894186505203,26.96172156459234,Low,9.706774519716886,False,Text Similarity,Project description has 0.96 semantic similarity with project WS/33209/2023/00489.,5.317064404999119,0
903,WS/40959/2024/00481,Bihar,PATNA_SAHIB,PRIYA VERMA,Water Supply / Handpump,"Installation of handpump at Station Road village, PATNA_SAHIB",309903.68,2024-03-21,2024-11-16,New India Construction Co.,New Recommendation,593823.735,18,state + work_category,-47.812176958538046,0.0,18,2,0.1111111111111111,11.11111111111111,WS/13966/2024/00522,"Installation of handpump at Ram Nagar village, PATNA_SAHIB",0.9450463693183604,94.50463693183605,0.0,3.333333333333333,23.62615923295901,26.959492566292344,Low,47.62386248736097,False,Text Similarity,Project description has 0.95 semantic similarity with project WS/13966/2024/00522.,4.4427070075282975,0
904,WS/24326/2023/00503,Kerala,KOTTAYAM,ADV K FRANCIS GEORGE,Streetlight Installation,"Installation of streetlights at Bazaar Road chowk, KOTTAYAM",336191.06,2023-11-01,2024-04-16,Jai Hind Infrastructure,Completed,366689.81,9,constituency + work_category,-8.31731593523147,0.0,9,1,0.1111111111111111,11.11111111111111,WS/56095/2025/00294,"Installation of streetlights at Bazaar Road chowk, BARAMULLAH",0.9448777417704546,94.48777417704545,0.0,3.333333333333333,23.621943544261363,26.955276877594695,Low,9.30232558139535,False,Text Similarity,Project description has 0.94 semantic similarity with project WS/56095/2025/00294.,4.695564470408338,0
905,WS/68034/2025/00416,Uttar Pradesh,VARANASI,ADV K FRANCIS GEORGE,Road Construction,"Widening and strengthening of road near Subhash Nagar village, VARANASI",2165001.81,2025-12-05,2026-06-14,United Rural Builders,New Recommendation,2050184.63,8,constituency + work_category,5.600333663607661,1.8667778878692203,8,1,0.125,12.5,WS/41632/2025/00705,"Widening and strengthening of road near Nehru Path village, VARANASI",0.8942139544712358,89.42139544712357,0.8400500495411491,3.75,22.355348861780893,26.945398911322044,Low,44.18604651162791,False,Text Similarity,Project description has 0.89 semantic similarity with project WS/41632/2025/00705.,6.026505353900027,0
906,WS/59688/2024/00854,Jammu And Kashmir,BARAMULLAH,RAJESH KUMAR SHARMA,Solar Light Installation,"Solar light installation near Shanti Nagar hanuman mandir, BARAMULLAH",146661.58,2024-03-27,2024-06-21,Sri Lakshmi Contractors,Sanctioned,280850.19999999995,12,constituency + work_category,-47.77942832157498,0.0,12,1,0.08333333333333333,8.333333333333332,WS/65518/2024/00267,"Solar light installation near Kisan Nagar hanuman mandir, BARAMULLAH",0.9763204921420008,97.63204921420008,0.0,2.4999999999999996,24.40801230355002,26.90801230355002,Low,73.0030333670374,False,Text Similarity,Project description has 0.98 semantic similarity with project WS/65518/2024/00267.,4.146076082969834,0
907,WS/31319/2024/00006,Bihar,AURANGABAD_BR,ADV ADOOR PRAKASH,Solar Light Installation,"Solar light installation near Vivekanand Marg hanuman mandir, AURANGABAD_BR",135350.5,2024-01-10,2024-10-28,Progressive Engineers & Contractors,New Recommendation,298203.85,12,constituency + work_category,-54.611417659429954,0.0,12,1,0.08333333333333333,8.333333333333332,WS/29884/2025/00482,"Solar light installation near Vivekanand Marg hanuman mandir, KOTTAYAM",0.9758995254394647,97.58995254394647,0.0,2.4999999999999996,24.397488135986617,26.897488135986617,Low,77.24974721941355,False,Text Similarity,Project description has 0.98 semantic similarity with project WS/29884/2025/00482.,5.387120818265867,0
908,WS/48382/2024/00502,Maharashtra,HINGOLI,ADV GOWAAL KAGADA PADAVI,Community Hall,"Construction of community hall at Ambedkar Colony, HINGOLI",2421423.56,2024-04-23,2024-07-26,Sri Lakshmi Contractors,Completed,2558946.56,7,constituency + work_category,-5.374203672311156,0.0,7,1,0.14285714285714285,14.285714285714285,WS/41850/2023/00018,"Construction of community hall at Ambedkar Colony, AURANGABAD_MH",0.9039212693266783,90.39212693266782,0.0,4.285714285714286,22.598031733166955,26.88374601888124,Low,28.109201213346815,False,Text Similarity,Project description has 0.90 semantic similarity with project WS/41850/2023/00018.,3.5876357236650844,0
909,WS/25324/2023/00593,Uttar Pradesh,LUCKNOW,RAVI SHANKAR PRASAD JI,Community Hall,"Construction of community hall at Andouli, LUCKNOW",1955701.28,2023-09-27,2024-02-12,National Builders & Contractors,Ongoing,2098141.56,7,constituency + work_category,-6.788878439641604,0.0,7,1,0.14285714285714285,14.285714285714285,WS/52413/2023/00296,"Construction of community hall at Andouli, KANPUR",0.9015733867878011,90.1573386787801,0.0,4.285714285714286,22.539334669695027,26.82504895540931,Low,32.0525783619818,False,Text Similarity,Project description has 0.90 semantic similarity with project WS/52413/2023/00296.,4.03220574626757,0
910,WS/82459/2023/00779,Jammu And Kashmir,SRINAGAR,RAVI SHANKAR PRASAD JI,Community Hall,"Construction of community hall at Ram Nagar, SRINAGAR",3166642.35,2023-06-08,2023-11-26,Metro Civil Works Pvt Ltd,Sanctioned,3117342.315,10,constituency + work_category,1.5814764635496934,0.5271588211832312,10,1,0.1,10.0,WS/80206/2025/00206,"Construction of community hall at Kisan Nagar, SRINAGAR",0.9425626388506514,94.25626388506514,0.23722146953245404,3.0,23.564065971266285,26.80128744079874,Low,8.796764408493427,False,Text Similarity,Project description has 0.94 semantic similarity with project WS/80206/2025/00206.,5.0683593640116875,0
911,WS/31802/2025/00399,Uttar Pradesh,LUCKNOW,ABU TAHER KHAN,Water Supply / Handpump,"Water supply pipeline extension to Nehru Path area, LUCKNOW",558849.97,2025-09-29,2026-09-17,National Builders & Contractors,Completed,590699.13,9,constituency + work_category,-5.3917736428696,0.0,9,1,0.1111111111111111,11.11111111111111,WS/48745/2023/00328,"Water supply pipeline extension to Nehru Path area, AURANGABAD_MH",0.9378476952419359,93.78476952419359,0.0,3.333333333333333,23.446192381048398,26.77952571438173,Low,11.93124368048534,False,Text Similarity,Project description has 0.94 semantic similarity with project WS/48745/2023/00328.,4.204679571981766,0
912,WS/20142/2023/00946,Maharashtra,AURANGABAD_MH,ABU TAHER KHAN,Road Construction,Construction of concrete road from Ambedkar Colony to Vivekanand Marg in AURANGABAD_MH,1041120.16,2023-12-25,2024-05-25,Shree Balaji Construction Co.,Completed,1587568.025,26,state + work_category,-34.42043782659328,0.0,26,3,0.11538461538461539,11.538461538461538,WS/40704/2024/00734,Construction of concrete road from Ambedkar Colony to Vivekanand Marg in KOTTAYAM,0.9322898286377124,93.22898286377124,0.0,3.4615384615384612,23.30724571594281,26.76878417748127,Low,43.5793731041456,False,Text Similarity,Project description has 0.93 semantic similarity with project WS/40704/2024/00734.,4.716084855769227,0
913,WS/19556/2024/00742,Bihar,AURANGABAD_BR,ABHIJIT GANGOPADHYAY,School Building Repair,"Construction of additional classroom at Bazaar Road school, AURANGABAD_BR",733702.9,2024-03-14,2024-06-09,New India Construction Co.,Ongoing,816376.1,9,constituency + work_category,-10.126852072225038,0.0,9,1,0.1111111111111111,11.11111111111111,WS/89194/2024/00355,"Construction of additional classroom at Bazaar Road school, ATTINGAL",0.936947326936823,93.6947326936823,0.0,3.333333333333333,23.423683173420574,26.757016506753907,Low,15.773508594539939,False,Text Similarity,Project description has 0.94 semantic similarity with project WS/89194/2024/00355.,3.879570212816679,0
914,WS/34978/2024/00983,Jammu And Kashmir,SRINAGAR,RAJESH KUMAR SHARMA,Community Hall,"Multipurpose community centre building at Andouli panchayat, SRINAGAR",2477565.56,2024-06-01,2024-06-06,Bharat Infra Solutions,Completed,3117342.315,10,constituency + work_category,-20.523147295102234,0.0,10,1,0.1,10.0,WS/54092/2023/00059,"Multipurpose community centre building at Andouli panchayat, AURANGABAD_BR",0.9490532324618624,94.90532324618624,0.0,3.0,23.72633081154656,26.72633081154656,Low,18.90798786653185,False,Text Similarity,Project description has 0.95 semantic similarity with project WS/54092/2023/00059.,4.552885645989105,0
915,WS/80206/2025/00206,Jammu And Kashmir,SRINAGAR,ADITYA YADAV,Community Hall,"Construction of community hall at Kisan Nagar, SRINAGAR",3116764.63,2025-10-31,2026-08-17,New India Construction Co.,Completed,3117342.315,10,constituency + work_category,-0.01853133026874708,0.0,10,1,0.1,10.0,WS/67438/2023/00302,"Construction of community hall at Kisan Nagar, JAMMU",0.9489664254719692,94.89664254719692,0.0,3.0,23.72416063679923,26.72416063679923,Low,4.651162790697675,False,Text Similarity,Project description has 0.95 semantic similarity with project WS/67438/2023/00302.,4.937985537356803,0
916,WS/51012/2025/00490,Kerala,KOTTAYAM,MEERA IYER,Drainage / Nala,"Construction of drainage/nala near Subhash Nagar area, KOTTAYAM",684800.11,2025-06-03,2025-08-23,Jai Hind Infrastructure,Sanctioned,747976.075,8,constituency + work_category,-8.446254781611827,0.0,8,1,0.125,12.5,WS/84603/2023/00899,"Construction of drainage/nala near Subhash Nagar area, MURSHIDABAD",0.9182370515128907,91.82370515128908,0.0,3.75,22.95592628782227,26.70592628782227,Low,23.559150657229523,False,Text Similarity,Project description has 0.92 semantic similarity with project WS/84603/2023/00899.,5.065096151608179,0
917,WS/46002/2024/00126,Kerala,KOTTAYAM,ADV K FRANCIS GEORGE,Drainage / Nala,"Covered drain construction from Bazaar Road to Andouli, KOTTAYAM",695786.53,2024-07-24,2025-05-06,Progressive Engineers & Contractors,New Recommendation,747976.075,8,constituency + work_category,-6.977435073708732,0.0,8,1,0.125,12.5,WS/40169/2024/00762,"Covered drain construction from Bazaar Road to Andouli, GAYA",0.9177555586195928,91.77555586195928,0.0,3.75,22.94388896548982,26.69388896548982,Low,22.75025278058645,False,Text Similarity,Project description has 0.92 semantic similarity with project WS/40169/2024/00762.,4.671156757668785,0
918,WS/12651/2025/00317,Maharashtra,NAGPUR,ADV K FRANCIS GEORGE,Water Supply / Handpump,"Water supply pipeline extension to Vivekanand Marg area, NAGPUR",366305.51,2025-05-03,2026-03-02,Bharat Infra Solutions,New Recommendation,628713.88,7,constituency + work_category,-41.737327319702246,0.0,7,1,0.14285714285714285,14.285714285714285,WS/91560/2024/00050,"Water supply pipeline extension to Station Road area, NAGPUR",0.8949927317378592,89.49927317378592,0.0,4.285714285714286,22.37481829344648,26.660532579160765,Low,69.46410515672396,False,Text Similarity,Project description has 0.89 semantic similarity with project WS/91560/2024/00050.,4.656845006987122,0
919,WS/27191/2024/00691,West Bengal,KANTHI,MEERA IYER,Drainage / Nala,"Covered drain construction from Nehru Path to Kisan Nagar, KANTHI",756872.35,2024-11-22,2025-07-13,Jai Hind Infrastructure,Sanctioned,899584.34,7,constituency + work_category,-15.864214577145708,0.0,7,1,0.14285714285714285,14.285714285714285,WS/85066/2024/00247,"Covered drain construction from Ram Nagar to Nehru Path, JAMMU",0.8940553022535581,89.40553022535582,0.0,4.285714285714286,22.351382556338955,26.63709684205324,Low,48.129423660262894,False,Text Similarity,Project description has 0.89 semantic similarity with project WS/85066/2024/00247.,5.893296055938171,0
920,WS/67684/2023/00261,Jammu And Kashmir,JAMMU,ABU TAHER KHAN,Road Construction,Construction of concrete road from Vivekanand Marg to Kisan Nagar in JAMMU,1701864.07,2023-04-09,2024-04-15,Progressive Engineers & Contractors,Ongoing,1597751.75,8,constituency + work_category,6.51617624577786,2.17205874859262,8,1,0.125,12.5,WS/84760/2024/00581,Construction of concrete road from Kisan Nagar to Bazaar Road in JAMMU,0.875862315742127,87.5862315742127,0.9774264368666791,3.75,21.896557893553176,26.623984330419855,Low,59.85844287158746,False,Text Similarity,Project description has 0.88 semantic similarity with project WS/84760/2024/00581.,4.8748689039741215,0
921,WS/37636/2023/00729,Bihar,AURANGABAD_BR,PRIYA VERMA,Water Supply / Handpump,"Water supply pipeline extension to Bazaar Road area, AURANGABAD_BR",286083.88,2023-08-22,2024-07-31,Bharat Infra Solutions,Sanctioned,589581.39,9,constituency + work_category,-51.476779143249416,0.0,9,1,0.1111111111111111,11.11111111111111,WS/70994/2023/00584,"Water supply pipeline extension to Bazaar Road area, ATTINGAL",0.9315341001978883,93.15341001978882,0.0,3.333333333333333,23.288352504947206,26.621685838280538,Low,60.97067745197169,False,Text Similarity,Project description has 0.93 semantic similarity with project WS/70994/2023/00584.,3.9626454542932383,0
922,WS/99399/2025/00032,West Bengal,MURSHIDABAD,ABDUL RASHID SHEIKH,Community Hall,"Construction of community hall at Gandhi Chowk, MURSHIDABAD",2411628.79,2025-11-11,2026-01-30,New India Construction Co.,Ongoing,2411628.79,7,constituency + work_category,0.0,0.0,7,1,0.14285714285714285,14.285714285714285,WS/23176/2025/00064,"Construction of community hall at Gandhi Chowk, BARAMULLAH",0.8926171012706222,89.26171012706222,0.0,4.285714285714286,22.315427531765554,26.60114181747984,Low,32.96258847320526,False,Text Similarity,Project description has 0.89 semantic similarity with project WS/23176/2025/00064.,6.857532048907849,0
923,WS/58374/2025/00253,Kerala,ERNAKULAM,PRIYA VERMA,School Building Repair,"Construction of additional classroom at Ambedkar Colony school, ERNAKULAM",505722.78,2025-06-22,2025-10-07,Sri Lakshmi Contractors,New Recommendation,934267.0,9,constituency + work_category,-45.86956619467454,0.0,9,1,0.1111111111111111,11.11111111111111,WS/24246/2024/00859,"Construction of additional classroom at Ambedkar Colony school, AURANGABAD_BR",0.9296824237754513,92.96824237754512,0.0,3.333333333333333,23.24206059438628,26.575393927719613,Low,57.93731041456016,False,Text Similarity,Project description has 0.93 semantic similarity with project WS/24246/2024/00859.,4.418294166743627,0
924,WS/94497/2023/00127,Uttar Pradesh,BADAUN,ADV GOWAAL KAGADA PADAVI,School Building Repair,"Construction of additional classroom at Ram Nagar school, BADAUN",1032679.41,2023-05-29,2024-02-01,Bharat Infra Solutions,Completed,1283055.99,8,constituency + work_category,-19.514080597527155,0.0,8,1,0.125,12.5,WS/69596/2024/00494,"Construction of additional classroom at Ram Nagar school, HOWRAH",0.9119508179048903,91.19508179048903,0.0,3.75,22.798770447622257,26.548770447622257,Low,43.07381193124368,False,Text Similarity,Project description has 0.91 semantic similarity with project WS/69596/2024/00494.,4.363775966819322,0
925,WS/24444/2023/00970,West Bengal,MURSHIDABAD,ADV GOWAAL KAGADA PADAVI,Solar Light Installation,"Solar street light at Subhash Nagar chowk parisar, BARAMULLAH",302034.8,2023-07-14,2023-11-26,Metro Civil Works Pvt Ltd,Completed,301057.32,20,state + work_category,0.3246823561705729,0.10822745205685763,20,1,0.05,5.0,WS/58467/2024/00972,"Solar street light at Subhash Nagar chowk parisar, BARAMULLAH",1.0,100.0,0.04870235342558594,1.5,25.0,26.548702353425586,Low,61.27401415571284,False,Text Similarity,Project description has 1.00 semantic similarity with project WS/58467/2024/00972.,79.94160510983957,1
926,WS/84421/2023/00520,Kerala,ERNAKULAM,RAJESH KUMAR SHARMA,Community Hall,"Multipurpose community centre building at Shanti Nagar panchayat, ERNAKULAM",2330830.24,2023-10-20,2024-09-17,Om Sai Infra Pvt Ltd,Sanctioned,2323014.515,12,constituency + work_category,0.3364475318398987,0.11214917727996622,12,1,0.08333333333333333,8.333333333333332,WS/54914/2025/00333,"Multipurpose community centre building at Subhash Nagar panchayat, ERNAKULAM",0.9592830127189331,95.92830127189332,0.0504671297759848,2.4999999999999996,23.98207531797333,26.532542447749314,Low,14.964610717896864,False,Text Similarity,Project description has 0.96 semantic similarity with project WS/54914/2025/00333.,6.3204708036236275,0
927,WS/52287/2025/00370,Jammu And Kashmir,JAMMU,ADV DEAN KURIAKOSE,Road Construction,"CC road construction at Bazaar Road ward, JAMMU",1361956.74,2025-03-27,2025-08-13,Shree Balaji Construction Co.,Ongoing,1597751.75,8,constituency + work_category,-14.757925315994806,0.0,8,1,0.125,12.5,WS/61213/2024/00268,"CC road construction at Bazaar Road ward, IDUKKI",0.9089881301962124,90.89881301962124,0.0,3.75,22.72470325490531,26.47470325490531,Low,40.04044489383215,False,Text Similarity,Project description has 0.91 semantic similarity with project WS/61213/2024/00268.,4.250795197588552,0
928,WS/70577/2023/00780,Maharashtra,AURANGABAD_MH,ADV K FRANCIS GEORGE,School Building Repair,"Construction of additional classroom at Andouli school, AURANGABAD_MH",1031310.38,2023-12-15,2024-05-29,United Rural Builders,Completed,1224450.24,7,constituency + work_category,-15.773598116980237,0.0,7,1,0.14285714285714285,14.285714285714285,WS/74868/2025/00668,"Construction of additional classroom at Andouli school, BARAMULLAH",0.8871262754734458,88.71262754734458,0.0,4.285714285714286,22.178156886836145,26.46387117255043,Low,53.48837209302325,False,Text Similarity,Project description has 0.89 semantic similarity with project WS/74868/2025/00668.,4.666118022593636,0
929,WS/73318/2024/00350,Uttar Pradesh,KANPUR,ADHIKARI SOUMENDU,Streetlight Installation,"LED streetlight installation along Ambedkar Colony road, KANPUR",320887.85,2024-04-02,2025-04-10,Shree Balaji Construction Co.,Ongoing,383496.405,10,constituency + work_category,-16.325721488836393,0.0,10,1,0.1,10.0,WS/95957/2024/00683,"LED streetlight installation along Ambedkar Colony road, ATTINGAL",0.9378693359086373,93.78693359086373,0.0,3.0,23.44673339771593,26.44673339771593,Low,23.458038422649143,False,Text Similarity,Project description has 0.94 semantic similarity with project WS/95957/2024/00683.,4.580692007688474,0
930,WS/61740/2024/00440,Bihar,GAYA,ADV ADOOR PRAKASH,Solar Light Installation,"Solar street light at Gandhi Chowk chowk parisar, GAYA",102526.29,2024-04-17,2024-09-20,Sri Lakshmi Contractors,Sanctioned,288691.87,9,constituency + work_category,-64.48591018513962,0.0,9,1,0.1111111111111111,11.11111111111111,WS/27895/2023/00245,"Solar street light at Gandhi Chowk chowk parisar, BARAMULLAH",0.9242341991628511,92.42341991628511,0.0,3.333333333333333,23.105854979071278,26.43918831240461,Low,75.83417593528817,False,Text Similarity,Project description has 0.92 semantic similarity with project WS/27895/2023/00245.,4.017443128425228,0
931,WS/43728/2024/00211,Bihar,AURANGABAD_BR,ADITYA YADAV,Community Hall,"Multipurpose community centre building at Ambedkar Colony panchayat, AURANGABAD_BR",2075046.57,2024-11-04,2025-05-08,Metro Civil Works Pvt Ltd,New Recommendation,3668526.11,13,constituency + work_category,-43.43650534901059,0.0,13,1,0.07692307692307693,7.6923076923076925,WS/86434/2024/00194,"Multipurpose community centre building at Ambedkar Colony panchayat, LUCKNOW",0.9652085622527973,96.52085622527973,0.0,2.3076923076923075,24.130214056319932,26.43790636401224,Low,64.1051567239636,False,Text Similarity,Project description has 0.97 semantic similarity with project WS/86434/2024/00194.,4.583442967248143,0
932,WS/85989/2023/00616,Uttar Pradesh,LUCKNOW,ADHIKARI SOUMENDU,Water Supply / Handpump,"Installation of handpump at Vivekanand Marg village, LUCKNOW",446073.57,2023-07-02,2023-11-13,Deep Construction Co.,New Recommendation,590699.13,9,constituency + work_category,-24.483794313358814,0.0,9,1,0.1111111111111111,11.11111111111111,WS/78506/2023/00840,"Installation of handpump at Vivekanand Marg village, AURANGABAD_MH",0.9212282145984991,92.12282145984992,0.0,3.333333333333333,23.03070536496248,26.36403869829581,Low,44.590495449949444,False,Text Similarity,Project description has 0.92 semantic similarity with project WS/78506/2023/00840.,4.093569500799681,0
933,WS/68929/2023/00166,Jammu And Kashmir,SRINAGAR,ANITA JOSHI,Streetlight Installation,"Installation of streetlights at Gandhi Chowk chowk, SRINAGAR",197782.77,2023-12-04,2024-09-27,Om Sai Infra Pvt Ltd,New Recommendation,449703.55,11,constituency + work_category,-56.01929982540721,0.0,11,1,0.09090909090909091,9.090909090909092,WS/35891/2025/00797,"Installation of streetlights at Gandhi Chowk chowk, LUCKNOW",0.9448610944611141,94.48610944611141,0.0,2.7272727272727275,23.621527361527853,26.34880008880058,Low,61.375126390293225,False,Text Similarity,Project description has 0.94 semantic similarity with project WS/35891/2025/00797.,3.8699616896420124,0
934,WS/69682/2025/00501,West Bengal,MURSHIDABAD,ADHIKARI SOUMENDU,Water Supply / Handpump,"Water supply pipeline extension to Kisan Nagar area, MURSHIDABAD",399066.38,2025-02-05,2026-02-04,Jai Hind Infrastructure,Ongoing,400792.35,11,constituency + work_category,-0.43063945706547846,0.0,11,1,0.09090909090909091,9.090909090909092,WS/37471/2023/00571,"Water supply pipeline extension to Subhash Nagar area, MURSHIDABAD",0.9434437179388704,94.34437179388703,0.0,2.7272727272727275,23.58609294847176,26.313365675744485,Low,9.80788675429727,False,Text Similarity,Project description has 0.94 semantic similarity with project WS/37471/2023/00571.,5.253492767683183,0
935,WS/22358/2025/00465,Bihar,AURANGABAD_BR,ADITYA YADAV,Solar Light Installation,"Solar street light at Andouli chowk parisar, AURANGABAD_BR",210216.64,2025-05-30,2025-12-17,United Rural Builders,Ongoing,298203.85,12,constituency + work_category,-29.505725697371098,0.0,12,1,0.08333333333333333,8.333333333333332,WS/44782/2024/00105,"Solar street light at Andouli chowk parisar, BARAMULLAH",0.9524759645412554,95.24759645412554,0.0,2.4999999999999996,23.811899113531386,26.311899113531386,Low,39.130434782608695,False,Text Similarity,Project description has 0.95 semantic similarity with project WS/44782/2024/00105.,4.951813163935684,0
936,WS/72193/2024/00508,Bihar,PATNA_SAHIB,AASHTIKAR PATIL NAGESH BAPURAO,Solar Light Installation,"Solar light installation near Andouli hanuman mandir, PATNA_SAHIB",161470.18,2024-03-04,2024-10-23,Progressive Engineers & Contractors,Sanctioned,179785.09,13,constituency + work_category,-10.187112846788354,0.0,13,1,0.07692307692307693,7.6923076923076925,WS/67658/2024/00396,"Solar light installation near Shanti Nagar hanuman mandir, PATNA_SAHIB",0.9596015067757903,95.96015067757902,0.0,2.3076923076923075,23.990037669394756,26.297729977087062,Low,25.68250758341759,False,Text Similarity,Project description has 0.96 semantic similarity with project WS/67658/2024/00396.,4.896310535320226,0
937,WS/19150/2023/00081,West Bengal,HOWRAH,VIKRAM SINGH RATHORE,Drainage / Nala,"Covered drain construction from Nehru Path to Subhash Nagar, HOWRAH",711107.83,2023-08-27,2024-05-09,Ganesh Engineering Works,Ongoing,711107.83,7,constituency + work_category,0.0,0.0,7,1,0.14285714285714285,14.285714285714285,WS/85066/2024/00247,"Covered drain construction from Ram Nagar to Nehru Path, JAMMU",0.8798347527444581,87.98347527444581,0.0,4.285714285714286,21.995868818611452,26.281583104325737,Low,44.388270980788676,False,Text Similarity,Project description has 0.88 semantic similarity with project WS/85066/2024/00247.,4.13845937469288,0
938,WS/11246/2023/00812,Maharashtra,PUNE,ABHAY KUMAR SINHA,Community Hall,"Construction of community hall at Andouli, PUNE",1574166.63,2023-11-27,2024-09-26,Metro Civil Works Pvt Ltd,Completed,2859576.19,8,constituency + work_category,-44.95105129547186,0.0,8,1,0.125,12.5,WS/92802/2023/00146,"Construction of community hall at Shanti Nagar, PUNE",0.900409320615734,90.0409320615734,0.0,3.75,22.51023301539335,26.26023301539335,Low,73.30637007077856,False,Text Similarity,Project description has 0.90 semantic similarity with project WS/92802/2023/00146.,3.5844143816862495,0
939,WS/72835/2025/00207,Bihar,PATNA_SAHIB,ABDUL RASHID SHEIKH,Solar Light Installation,"Solar street light at Gandhi Chowk chowk parisar, PATNA_SAHIB",125474.51,2025-07-02,2026-06-27,Deep Construction Co.,Ongoing,179785.09,13,constituency + work_category,-30.20861184873562,0.0,13,1,0.07692307692307693,7.6923076923076925,WS/59160/2024/00463,"Solar street light at Station Road chowk parisar, PATNA_SAHIB",0.9570551373249487,95.70551373249488,0.0,2.3076923076923075,23.92637843312372,26.234070740816026,Low,46.107178968655205,False,Text Similarity,Project description has 0.96 semantic similarity with project WS/59160/2024/00463.,4.548094878721336,0
940,WS/76655/2025/00479,Bihar,AURANGABAD_BR,AASHTIKAR PATIL NAGESH BAPURAO,Community Hall,"Multipurpose community centre building at Kisan Nagar panchayat, AURANGABAD_BR",3668526.11,2025-01-24,2025-10-08,Ganesh Engineering Works,Sanctioned,3668526.11,13,constituency + work_category,0.0,0.0,13,1,0.07692307692307693,7.6923076923076925,WS/29073/2024/00485,"Multipurpose community centre building at Kisan Nagar panchayat, MURSHIDABAD",0.9557535936179975,95.57535936179976,0.0,2.3076923076923075,23.89383984044994,26.201532148142245,Low,14.054600606673407,False,Text Similarity,Project description has 0.96 semantic similarity with project WS/29073/2024/00485.,5.426297664307207,0
941,WS/46231/2025/00764,West Bengal,MURSHIDABAD,ADV DEAN KURIAKOSE,Water Supply / Handpump,"Installation of handpump at Gandhi Chowk village, MURSHIDABAD",253121.91,2025-10-10,2026-01-20,Bharat Infra Solutions,Completed,400792.35,11,constituency + work_category,-36.84462540265551,0.0,11,1,0.09090909090909091,9.090909090909092,WS/12942/2023/00398,"Installation of handpump at Gandhi Chowk village, ATTINGAL",0.9389609328215688,93.89609328215688,0.0,2.7272727272727275,23.47402332053922,26.201296047811947,Low,48.837209302325576,False,Text Similarity,Project description has 0.94 semantic similarity with project WS/12942/2023/00398.,4.578195728965776,0
942,WS/26912/2025/00160,West Bengal,HOWRAH,ANITA JOSHI,Community Hall,"Construction of community hall at Subhash Nagar, HOWRAH",1820836.53,2025-07-27,2026-07-04,Progressive Engineers & Contractors,Ongoing,2356058.86,9,constituency + work_category,-22.716848848165018,0.0,9,1,0.1111111111111111,11.11111111111111,WS/20828/2024/00149,"Construction of community hall at Kisan Nagar, HOWRAH",0.9146822853990458,91.46822853990459,0.0,3.333333333333333,22.867057134976147,26.20039046830948,Low,48.7360970677452,False,Text Similarity,Project description has 0.91 semantic similarity with project WS/20828/2024/00149.,4.605506874814785,0
943,WS/88311/2024/00411,Bihar,AURANGABAD_BR,ABDUL RASHID SHEIKH,Water Supply / Handpump,"Water supply pipeline extension to Andouli area, AURANGABAD_BR",469028.21,2024-05-15,2025-05-24,Progressive Engineers & Contractors,New Recommendation,589581.39,9,constituency + work_category,-20.44724986994586,0.0,9,1,0.1111111111111111,11.11111111111111,WS/91830/2023/00539,"Water supply pipeline extension to Andouli area, KOTTAYAM",0.9143940574237959,91.43940574237959,0.0,3.333333333333333,22.859851435594898,26.19318476892823,Low,46.814964610717894,False,Text Similarity,Project description has 0.91 semantic similarity with project WS/91830/2023/00539.,4.181264450572359,0
944,WS/68402/2024/00600,Kerala,ERNAKULAM,RAJESH KUMAR SHARMA,School Building Repair,"Repair and renovation of Govt. School building at Station Road, ERNAKULAM",921963.61,2024-01-17,2024-09-09,New India Construction Co.,New Recommendation,934267.0,9,constituency + work_category,-1.3169029838365278,0.0,9,1,0.1111111111111111,11.11111111111111,WS/66694/2025/00738,"Repair and renovation of Govt. School building at Subhash Nagar, ERNAKULAM",0.913983298231324,91.3983298231324,0.0,3.333333333333333,22.8495824557831,26.182915789116432,Low,25.379170879676437,False,Text Similarity,Project description has 0.91 semantic similarity with project WS/66694/2025/00738.,4.6339466782545875,0
945,WS/61748/2025/00622,Maharashtra,NAGPUR,ABHIJIT GANGOPADHYAY,School Building Repair,"Repair and renovation of Govt. School building at Subhash Nagar, NAGPUR",1013281.69,2025-02-03,2025-05-17,Om Sai Infra Pvt Ltd,Ongoing,1180120.0899999999,18,state + work_category,-14.13740867677288,0.0,18,2,0.1111111111111111,11.11111111111111,WS/54063/2025/00867,"Repair and renovation of Govt. School building at Subhash Nagar, HINGOLI",0.9136986123267101,91.36986123267101,0.0,3.333333333333333,22.842465308167753,26.175798641501085,Low,40.950455005055616,False,Text Similarity,Project description has 0.91 semantic similarity with project WS/54063/2025/00867.,4.276660094355099,0
946,WS/34881/2023/00167,Maharashtra,PUNE,PRIYA VERMA,Solar Light Installation,"Solar street light at Shanti Nagar chowk parisar, PUNE",315382.11,2023-12-11,2024-04-30,New India Construction Co.,New Recommendation,320745.58,15,state + work_category,-1.6721882808174722,0.0,15,1,0.06666666666666667,6.666666666666667,WS/33149/2023/00557,"Solar street light at Station Road chowk parisar, PUNE",0.9650150273598512,96.50150273598513,0.0,2.0,24.125375683996282,26.125375683996282,Low,25.581395348837212,False,Text Similarity,Project description has 0.97 semantic similarity with project WS/33149/2023/00557.,7.719458354849257,0
947,WS/81802/2023/00362,Bihar,PATNA_SAHIB,ADV K FRANCIS GEORGE,Community Hall,"Construction of community hall at Vivekanand Marg, PATNA_SAHIB",2632114.27,2023-08-15,2023-12-23,Sri Lakshmi Contractors,New Recommendation,2633655.8600000003,8,constituency + work_category,-0.05853422322232778,0.0,8,1,0.125,12.5,WS/95679/2025/00190,"Construction of community hall at Vivekanand Marg, SRINAGAR",0.8945433151327505,89.45433151327505,0.0,3.75,22.363582878318763,26.113582878318763,Low,38.52376137512639,False,Text Similarity,Project description has 0.89 semantic similarity with project WS/95679/2025/00190.,5.998945268253483,0
948,WS/41632/2025/00705,Uttar Pradesh,VARANASI,ADHIKARI SOUMENDU,Road Construction,"Widening and strengthening of road near Nehru Path village, VARANASI",847415.08,2025-06-24,2026-05-26,Jai Hind Infrastructure,New Recommendation,2050184.63,8,constituency + work_category,-58.66640166939501,0.0,8,1,0.125,12.5,WS/68034/2025/00416,"Widening and strengthening of road near Subhash Nagar village, VARANASI",0.8942139544712358,89.42139544712357,0.0,3.75,22.355348861780893,26.105348861780893,Low,84.12537917087968,False,Text Similarity,Project description has 0.89 semantic similarity with project WS/68034/2025/00416.,4.667120298687378,0
949,WS/47342/2024/00860,Jammu And Kashmir,BARAMULLAH,RAJESH KUMAR SHARMA,Water Supply / Handpump,"Water supply pipeline extension to Andouli area, BARAMULLAH",503772.11,2024-04-02,2024-09-10,Om Sai Infra Pvt Ltd,Ongoing,503772.11,9,constituency + work_category,0.0,0.0,9,1,0.1111111111111111,11.11111111111111,WS/88311/2024/00411,"Water supply pipeline extension to Andouli area, AURANGABAD_BR",0.9086434513441125,90.86434513441125,0.0,3.333333333333333,22.716086283602813,26.049419616936145,Low,30.535894843276033,False,Text Similarity,Project description has 0.91 semantic similarity with project WS/88311/2024/00411.,4.821721970519702,0
950,WS/44675/2025/00071,Bihar,AURANGABAD_BR,ADV ADOOR PRAKASH,Community Hall,"Construction of community hall at Panchayat Bhavan Marg, AURANGABAD_BR",3267389.57,2025-03-20,2026-01-06,Om Sai Infra Pvt Ltd,Ongoing,3668526.11,13,constituency + work_category,-10.934542319503896,0.0,13,1,0.07692307692307693,7.6923076923076925,WS/45986/2025/00151,"Construction of community hall at Panchayat Bhavan Marg, JAMMU",0.9484838616268612,94.84838616268611,0.0,2.3076923076923075,23.712096540671528,26.019788848363834,Low,17.99797775530839,False,Text Similarity,Project description has 0.95 semantic similarity with project WS/45986/2025/00151.,4.657475536402793,0
951,WS/73886/2025/00858,West Bengal,HOWRAH,ADITYA YADAV,Road Construction,"CC road construction at Andouli ward, HOWRAH",1699464.16,2025-10-07,2026-02-22,Sri Lakshmi Contractors,Completed,1703447.29,10,constituency + work_category,-0.23382760496217767,0.0,10,1,0.1,10.0,WS/24131/2025/00614,"CC road construction at Andouli ward, ATTINGAL",0.9204404560379658,92.04404560379658,0.0,3.0,23.011011400949144,26.011011400949144,Low,22.649140546006066,False,Text Similarity,Project description has 0.92 semantic similarity with project WS/24131/2025/00614.,5.923869183574462,0
952,WS/40007/2023/00017,Maharashtra,AURANGABAD_MH,RAVI SHANKAR PRASAD JI,Drainage / Nala,"Covered drain construction from Ram Nagar to Andouli, AURANGABAD_MH",829596.1,2023-04-08,2023-07-13,Deep Construction Co.,Completed,864694.21,9,constituency + work_category,-4.059019893286899,0.0,9,1,0.1111111111111111,11.11111111111111,WS/25203/2025/00543,"Covered drain construction from Andouli to Shanti Nagar, ERNAKULAM",0.9067474868580911,90.67474868580912,0.0,3.333333333333333,22.66868717145228,26.002020504785612,Low,36.5015166835187,False,Text Similarity,Project description has 0.91 semantic similarity with project WS/25203/2025/00543.,3.996752962102633,0
953,WS/68598/2024/00354,West Bengal,MURSHIDABAD,ABHAY KUMAR SINHA,School Building Repair,"Construction of additional classroom at Vivekanand Marg school, MURSHIDABAD",1021864.43,2024-11-07,2025-08-23,Om Sai Infra Pvt Ltd,Sanctioned,1021864.43,9,constituency + work_category,0.0,0.0,9,1,0.1111111111111111,11.11111111111111,WS/83048/2023/00096,"Construction of additional classroom at Vivekanand Marg school, KOTTAYAM",0.9062805124181575,90.62805124181575,0.0,3.333333333333333,22.65701281045394,25.99034614378727,Low,32.76036400404449,False,Text Similarity,Project description has 0.91 semantic similarity with project WS/83048/2023/00096.,4.672208821006552,0
954,WS/18094/2025/00193,Jammu And Kashmir,JAMMU,ABHAY KUMAR SINHA,Streetlight Installation,"Installation of streetlights at Station Road chowk, JAMMU",351036.59,2025-03-21,2025-11-21,Om Sai Infra Pvt Ltd,Completed,361260.085,22,state + work_category,-2.829954214288577,0.0,22,2,0.09090909090909091,9.090909090909092,WS/80686/2024/00015,"Installation of streetlights at Kisan Nagar chowk, JAMMU",0.930305062468366,93.0305062468366,0.0,2.7272727272727275,23.25762656170915,25.984899288981875,Low,20.222446916076844,False,Text Similarity,Project description has 0.93 semantic similarity with project WS/80686/2024/00015.,4.32385112683045,0
955,WS/61260/2025/00777,West Bengal,HOWRAH,ABDUL RASHID SHEIKH,Water Supply / Handpump,"Water supply pipeline extension to Bazaar Road area, HOWRAH",263771.87,2025-01-21,2025-11-10,New India Construction Co.,New Recommendation,714243.84,9,constituency + work_category,-63.06977320238422,0.0,9,1,0.1111111111111111,11.11111111111111,WS/70994/2023/00584,"Water supply pipeline extension to Bazaar Road area, ATTINGAL",0.9056146545428239,90.56146545428238,0.0,3.333333333333333,22.640366363570596,25.973699696903928,Low,83.82204246713853,False,Text Similarity,Project description has 0.91 semantic similarity with project WS/70994/2023/00584.,4.35130068126534,0
956,WS/80405/2023/00382,Maharashtra,AURANGABAD_MH,RAVI SHANKAR PRASAD JI,Drainage / Nala,"Covered drain construction from Station Road to Ram Nagar, AURANGABAD_MH",410911.64,2023-04-06,2024-03-24,Jai Hind Infrastructure,Sanctioned,864694.21,9,constituency + work_category,-52.47896478918253,0.0,9,1,0.1111111111111111,11.11111111111111,WS/82910/2024/00113,"Covered drain construction from Vivekanand Marg to Ram Nagar, AURANGABAD_MH",0.9032074217671766,90.32074217671766,0.0,3.333333333333333,22.580185544179415,25.913518877512747,Low,80.0808897876643,False,Text Similarity,Project description has 0.90 semantic similarity with project WS/82910/2024/00113.,3.634891086112038,0
957,WS/88924/2023/00841,Kerala,ATTINGAL,ABDUL RASHID SHEIKH,Drainage / Nala,"Covered drain construction from Station Road to Gandhi Chowk, ATTINGAL",333060.55,2023-08-24,2024-03-24,Ganesh Engineering Works,Ongoing,507526.095,12,constituency + work_category,-34.37567973721627,0.0,12,1,0.08333333333333333,8.333333333333332,WS/15210/2024/00480,"Covered drain construction from Gandhi Chowk to Station Road, TAMLUK",0.9332363743476293,93.32363743476293,0.0,2.4999999999999996,23.330909358690732,25.830909358690732,Low,53.58948432760364,False,Text Similarity,Project description has 0.93 semantic similarity with project WS/15210/2024/00480.,4.507975072308359,0
958,WS/84760/2024/00581,Jammu And Kashmir,JAMMU,ABHAY KUMAR SINHA,Road Construction,Construction of concrete road from Kisan Nagar to Bazaar Road in JAMMU,1615631.02,2024-02-07,2024-06-28,Deep Construction Co.,Sanctioned,1597751.75,8,constituency + work_category,1.1190267824773166,0.3730089274924388,8,1,0.125,12.5,WS/67684/2023/00261,Construction of concrete road from Vivekanand Marg to Kisan Nagar in JAMMU,0.875862315742127,87.5862315742127,0.16785401737159747,3.75,21.896557893553176,25.814411910924775,Low,55.20728008088979,False,Text Similarity,Project description has 0.88 semantic similarity with project WS/67684/2023/00261.,4.008202237307454,0
959,WS/98907/2024/00136,West Bengal,KANTHI,MEERA IYER,Drainage / Nala,"Covered drain construction from Bazaar Road to Ambedkar Colony, KANTHI",780610.03,2024-02-11,2024-12-07,Ganesh Engineering Works,New Recommendation,899584.34,7,constituency + work_category,-13.22547589034286,0.0,7,1,0.14285714285714285,14.285714285714285,WS/78925/2025/00776,"Covered drain construction from Vivekanand Marg to Bazaar Road, AURANGABAD_BR",0.8611003458423132,86.11003458423131,0.0,4.285714285714286,21.52750864605783,25.813222931772113,Low,70.4752275025278,False,Text Similarity,Project description has 0.86 semantic similarity with project WS/78925/2025/00776.,3.488560028438238,0
960,WS/40924/2023/00646,Uttar Pradesh,VARANASI,VIKRAM SINGH RATHORE,Road Construction,Construction of concrete road from Subhash Nagar to Gandhi Chowk in VARANASI,1204730.65,2023-08-04,2024-03-11,New India Construction Co.,Sanctioned,2050184.63,8,constituency + work_category,-41.23794353096872,0.0,8,1,0.125,12.5,WS/27601/2024/00028,Construction of concrete road from Nehru Path to Ram Nagar in VARANASI,0.880406698605098,88.04066986050981,0.0,3.75,22.010167465127452,25.760167465127452,Low,82.0020222446916,False,Text Similarity,Project description has 0.88 semantic similarity with project WS/27601/2024/00028.,3.3029621945513976,0
961,WS/51766/2023/00641,Uttar Pradesh,LUCKNOW,RAJESH KUMAR SHARMA,School Building Repair,"Repair and renovation of Govt. School building at Ram Nagar, LUCKNOW",606841.16,2023-09-02,2024-04-02,Sri Lakshmi Contractors,Sanctioned,1163663.745,20,state + work_category,-47.850814927640464,0.0,20,1,0.05,5.0,WS/72784/2025/00882,"Repair and renovation of Govt. School building at Ram Nagar, KANPUR",0.9676046704852843,96.76046704852843,0.0,1.5,24.190116762132106,25.690116762132106,Low,76.03640040444894,False,Text Similarity,Project description has 0.97 semantic similarity with project WS/72784/2025/00882.,7.538212401174482,0
962,WS/62699/2023/00857,Bihar,AURANGABAD_BR,MEERA IYER,Community Hall,"Construction of community hall at Vivekanand Marg, AURANGABAD_BR",2245876.62,2023-07-19,2023-09-19,New India Construction Co.,Ongoing,3668526.11,13,constituency + work_category,-38.7798654648256,0.0,13,1,0.07692307692307693,7.6923076923076925,WS/42370/2024/00868,"Construction of community hall at Vivekanand Marg, KANPUR",0.9336436487388031,93.3643648738803,0.0,2.3076923076923075,23.341091218470076,25.648783526162383,Low,59.35288169868554,False,Text Similarity,Project description has 0.93 semantic similarity with project WS/42370/2024/00868.,4.326776489470433,0
963,WS/51904/2024/00046,Kerala,IDUKKI,ADV DEAN KURIAKOSE,School Building Repair,"Repair and renovation of Govt. School building at Station Road, IDUKKI",508476.7,2024-01-18,2024-07-16,Bharat Infra Solutions,New Recommendation,1101572.44,27,state + work_category,-53.84082956904768,0.0,27,3,0.1111111111111111,11.11111111111111,WS/63363/2024/00415,"Repair and renovation of Govt. School building at Station Road, AURANGABAD_BR",0.8915046837803857,89.15046837803857,0.0,3.333333333333333,22.287617094509642,25.620950427842974,Low,85.13650151668351,False,Text Similarity,Project description has 0.89 semantic similarity with project WS/63363/2024/00415.,5.322204339494606,0
964,WS/50481/2023/00792,West Bengal,MURSHIDABAD,ANITA JOSHI,Streetlight Installation,"LED streetlight installation along Gandhi Chowk road, MURSHIDABAD",467083.11,2023-04-14,2023-10-10,Shree Balaji Construction Co.,Completed,474252.15,17,state + work_category,-1.5116515549797795,0.0,17,1,0.058823529411764705,5.88235294117647,WS/83680/2025/00428,"LED streetlight installation along Bazaar Road road, MURSHIDABAD",0.9514959276943743,95.14959276943743,0.0,1.764705882352941,23.78739819235936,25.5521040747123,Low,17.18907987866532,False,Text Similarity,Project description has 0.95 semantic similarity with project WS/83680/2025/00428.,7.82407873614764,0
965,WS/36171/2024/00307,West Bengal,HOWRAH,ABU TAHER KHAN,Road Construction,Construction of concrete road from Ram Nagar to Andouli in HOWRAH,1413409.17,2024-06-11,2024-09-23,Bharat Infra Solutions,Sanctioned,1703447.29,10,constituency + work_category,-17.026539165764273,0.0,10,1,0.1,10.0,WS/46587/2023/00782,Construction of concrete road from Shanti Nagar to Shanti Nagar in HOWRAH,0.9018938841813431,90.18938841813431,0.0,3.0,22.54734710453358,25.54734710453358,Low,57.22952477249748,False,Text Similarity,Project description has 0.90 semantic similarity with project WS/46587/2023/00782.,3.5956849165762765,0
966,WS/86756/2023/00379,Bihar,AURANGABAD_BR,PRIYA VERMA,Water Supply / Handpump,"Installation of handpump at Andouli village, AURANGABAD_BR",282814.03,2023-04-07,2024-04-29,Deep Construction Co.,Completed,589581.39,9,constituency + work_category,-52.0313845048603,0.0,9,1,0.1111111111111111,11.11111111111111,WS/78506/2023/00840,"Installation of handpump at Vivekanand Marg village, AURANGABAD_MH",0.888429391945637,88.8429391945637,0.0,3.333333333333333,22.210734798640924,25.544068131974257,Low,85.33872598584429,False,Text Similarity,Project description has 0.89 semantic similarity with project WS/78506/2023/00840.,5.072204339494606,0
967,WS/53463/2023/00234,Maharashtra,NANDURBAR(ST),RAJESH KUMAR SHARMA,Drainage / Nala,"Construction of drainage/nala near Subhash Nagar area, NANDURBAR(ST)",882299.86,2023-05-16,2024-04-28,Progressive Engineers & Contractors,Sanctioned,873497.0349999999,22,state + work_category,1.0077681603120807,0.3359227201040269,22,2,0.09090909090909091,9.090909090909092,WS/51012/2025/00490,"Construction of drainage/nala near Subhash Nagar area, KOTTAYAM",0.9058183037073788,90.58183037073788,0.15116522404681212,2.7272727272727275,22.64545759268447,25.52389554400401,Low,41.96157735085945,False,Text Similarity,Project description has 0.91 semantic similarity with project WS/51012/2025/00490.,4.782576504223926,0
968,WS/98181/2024/00195,Maharashtra,NAGPUR,ABU TAHER KHAN,Streetlight Installation,"Installation of streetlights at Nehru Path chowk, NAGPUR",336941.06,2024-10-29,2025-01-26,United Rural Builders,Sanctioned,408970.885,30,state + work_category,-17.61245791372166,0.0,30,2,0.06666666666666667,6.666666666666667,WS/99592/2023/00765,"Installation of streetlights at Nehru Path chowk, PUNE",0.9370569488848637,93.70569488848636,0.0,2.0,23.42642372212159,25.42642372212159,Low,39.737108190091,False,Text Similarity,Project description has 0.94 semantic similarity with project WS/99592/2023/00765.,5.286038973833995,0
969,WS/67377/2024/00073,West Bengal,TAMLUK,MEERA IYER,Water Supply / Handpump,"Installation of handpump at Ram Nagar village, TAMLUK",412863.83,2024-05-17,2024-12-02,United Rural Builders,Sanctioned,412863.83,27,state + work_category,0.0,0.0,27,1,0.037037037037037035,3.7037037037037033,WS/83695/2024/00630,"Installation of handpump at Shanti Nagar village, TAMLUK",0.9710348105445665,97.10348105445665,0.0,1.111111111111111,24.275870263614163,25.386981374725273,Low,42.46713852376138,False,Text Similarity,Project description has 0.97 semantic similarity with project WS/83695/2024/00630.,7.94259973664381,0
970,WS/37871/2024/00711,Kerala,ERNAKULAM,ADHIKARI SOUMENDU,Drainage / Nala,"Construction of drainage/nala near Ambedkar Colony area, ERNAKULAM",755207.3,2024-08-09,2025-05-30,National Builders & Contractors,Completed,690293.3200000001,26,state + work_category,9.403825608510882,3.134608536170294,26,1,0.038461538461538464,3.8461538461538463,WS/11220/2024/00026,"Construction of drainage/nala near Ambedkar Colony area, SRINAGAR",0.9127569317027748,91.27569317027748,1.4105738412766324,1.1538461538461537,22.81892329256937,25.383343287692156,Low,61.57735085945399,False,Text Similarity,Project description has 0.91 semantic similarity with project WS/11220/2024/00026.,6.149245104708285,0
971,WS/47196/2024/00041,West Bengal,HOWRAH,MEERA IYER,Water Supply / Handpump,"Water supply pipeline extension to Station Road area, HOWRAH",349590.98,2024-07-28,2024-12-21,Progressive Engineers & Contractors,Completed,714243.84,9,constituency + work_category,-51.054393412759424,0.0,9,1,0.1111111111111111,11.11111111111111,WS/61260/2025/00777,"Water supply pipeline extension to Bazaar Road area, HOWRAH",0.8816799008406264,88.16799008406264,0.0,3.333333333333333,22.04199752101566,25.37533085434899,Low,86.95652173913044,False,Text Similarity,Project description has 0.88 semantic similarity with project WS/61260/2025/00777.,3.8404288096226216,0
972,WS/18585/2023/00633,West Bengal,KANTHI,ABDUL RASHID SHEIKH,Water Supply / Handpump,"Water supply pipeline extension to Nehru Path area, KANTHI",370960.22,2023-11-27,2024-12-22,Bharat Infra Solutions,Completed,412863.83,27,state + work_category,-10.149498928012184,0.0,27,2,0.07407407407407407,7.4074074074074066,WS/48745/2023/00328,"Water supply pipeline extension to Nehru Path area, AURANGABAD_MH",0.922892123335596,92.2892123335596,0.0,2.222222222222222,23.0723030833899,25.294525305612122,Low,42.568250758341755,False,Text Similarity,Project description has 0.92 semantic similarity with project WS/48745/2023/00328.,5.175875134396364,0
973,WS/37168/2024/00179,Uttar Pradesh,KANPUR,ADITYA YADAV,Drainage / Nala,"Covered drain construction from Kisan Nagar to Kisan Nagar, KANPUR",551105.76,2024-01-31,2024-07-24,Bharat Infra Solutions,New Recommendation,590159.745,14,state + work_category,-6.617527767841906,0.0,14,1,0.07142857142857142,7.142857142857142,WS/65444/2024/00022,"Covered drain construction from Kisan Nagar to Kisan Nagar, SRINAGAR",0.9257177224969404,92.57177224969404,0.0,2.142857142857143,23.14294306242351,25.28580020528065,Low,37.00707785642063,False,Text Similarity,Project description has 0.93 semantic similarity with project WS/65444/2024/00022.,5.307914068484799,0
974,WS/74154/2024/00252,Kerala,IDUKKI,ABU TAHER KHAN,Drainage / Nala,"Covered drain construction from Shanti Nagar to Bazaar Road, IDUKKI",431619.1,2024-02-24,2024-08-28,Progressive Engineers & Contractors,Sanctioned,690293.3200000001,26,state + work_category,-37.4730875274876,0.0,26,2,0.07692307692307693,7.6923076923076925,WS/77610/2025/00767,"Covered drain construction from Bazaar Road to Station Road, IDUKKI",0.9181521888212628,91.81521888212629,0.0,2.3076923076923075,22.953804720531572,25.26149702822388,Low,69.05965621840244,False,Text Similarity,Project description has 0.92 semantic similarity with project WS/77610/2025/00767.,5.638390208606676,0
975,WS/77610/2025/00767,Kerala,IDUKKI,PRIYA VERMA,Drainage / Nala,"Covered drain construction from Bazaar Road to Station Road, IDUKKI",504233.67,2025-05-07,2025-10-21,Metro Civil Works Pvt Ltd,Ongoing,690293.3200000001,26,state + work_category,-26.95370860607489,0.0,26,2,0.07692307692307693,7.6923076923076925,WS/74154/2024/00252,"Covered drain construction from Shanti Nagar to Bazaar Road, IDUKKI",0.9181521888212628,91.81521888212629,0.0,2.3076923076923075,22.953804720531572,25.26149702822388,Low,60.364004044489384,False,Text Similarity,Project description has 0.92 semantic similarity with project WS/74154/2024/00252.,5.660248132103944,0
976,WS/18357/2023/00196,West Bengal,KANTHI,AASHTIKAR PATIL NAGESH BAPURAO,Water Supply / Handpump,"Installation of handpump at Station Road village, KANTHI",352530.92,2023-06-14,2023-09-05,Sri Lakshmi Contractors,New Recommendation,412863.83,27,state + work_category,-14.613270917919847,0.0,27,2,0.07407407407407407,7.4074074074074066,WS/25408/2024/00497,"Installation of handpump at Shanti Nagar village, KANTHI",0.9209155082826777,92.09155082826777,0.0,2.222222222222222,23.022887707066943,25.245109929289164,Low,48.634984833164815,False,Text Similarity,Project description has 0.92 semantic similarity with project WS/25408/2024/00497.,5.513465933427841,0
977,WS/48103/2025/00678,Uttar Pradesh,VARANASI,MEERA IYER,Water Supply / Handpump,"Installation of handpump at Ambedkar Colony village, VARANASI",356961.15,2025-03-03,2025-07-20,Metro Civil Works Pvt Ltd,Completed,668568.4450000001,28,state + work_category,-46.608136733105916,0.0,28,2,0.07142857142857142,7.142857142857142,WS/89609/2024/00853,"Installation of handpump at Ambedkar Colony village, ATTINGAL",0.9226067246650114,92.26067246650113,0.0,2.142857142857143,23.065168116625284,25.208025259482426,Low,74.4186046511628,False,Text Similarity,Project description has 0.92 semantic similarity with project WS/89609/2024/00853.,5.6048951373205,0
978,WS/58393/2025/00031,Kerala,ERNAKULAM,RAVI SHANKAR PRASAD JI,Road Construction,Construction of concrete road from Bazaar Road to Station Road in ERNAKULAM,990185.6,2025-11-23,2026-04-08,United Rural Builders,Completed,1101828.375,20,state + work_category,-10.132501352581343,0.0,20,3,0.15,15.0,WS/22648/2023/00615,Construction of concrete road from Ram Nagar to Bazaar Road in BADAUN,0.8281344953175109,82.81344953175109,0.0,4.5,20.703362382937772,25.203362382937772,Low,83.9231547017189,False,Text Similarity,Project description has 0.83 semantic similarity with project WS/22648/2023/00615.,3.1774489173271276,0
979,WS/28098/2024/00177,West Bengal,MURSHIDABAD,SANJAY DESHMUKH,Water Supply / Handpump,"Water supply pipeline extension to Station Road area, MURSHIDABAD",342724.18,2024-08-26,2025-09-03,Metro Civil Works Pvt Ltd,Completed,400792.35,11,constituency + work_category,-14.488342903750532,0.0,11,1,0.09090909090909091,9.090909090909092,WS/69682/2025/00501,"Water supply pipeline extension to Kisan Nagar area, MURSHIDABAD",0.89463375378915,89.463375378915,0.0,2.7272727272727275,22.36584384472875,25.093116572001477,Low,63.094034378159755,False,Text Similarity,Project description has 0.89 semantic similarity with project WS/69682/2025/00501.,4.666210270402549,0
980,WS/59131/2025/00088,West Bengal,MURSHIDABAD,ADV GOWAAL KAGADA PADAVI,Road Construction,Construction of concrete road from Subhash Nagar to Shanti Nagar in MURSHIDABAD,878184.65,2025-06-24,2025-09-20,Bharat Infra Solutions,New Recommendation,1708633.99,7,constituency + work_category,-48.60311481922468,0.0,7,1,0.14285714285714285,14.285714285714285,WS/55653/2024/00828,Construction of concrete road from Subhash Nagar to Subhash Nagar in GAYA,0.825075472839629,82.50754728396291,0.0,4.285714285714286,20.626886820990727,24.91260110670501,Low,94.43882709807887,True,Text Similarity,Project description has 0.83 semantic similarity with project WS/55653/2024/00828.,3.479223000218232,0
981,WS/13667/2024/00713,Maharashtra,AURANGABAD_MH,ABU TAHER KHAN,Road Construction,"CC road construction at Shanti Nagar ward, AURANGABAD_MH",1431494.5,2024-04-18,2024-11-19,Bharat Infra Solutions,Sanctioned,1587568.025,26,state + work_category,-9.830981888161922,0.0,26,1,0.038461538461538464,3.8461538461538463,WS/79391/2024/00214,"CC road construction at Kisan Nagar ward, KANPUR",0.9458861857224159,94.58861857224159,0.0,1.1538461538461537,23.647154643060396,24.80100079690655,Low,34.27704752275025,False,Text Similarity,Project description has 0.95 semantic similarity with project WS/79391/2024/00214.,6.439765129165512,0
982,WS/68479/2024/00709,Kerala,ERNAKULAM,SANJAY DESHMUKH,Road Construction,"CC road construction at Ram Nagar ward, ERNAKULAM",956822.64,2024-06-09,2024-10-13,Metro Civil Works Pvt Ltd,Ongoing,1101828.375,20,state + work_category,-13.16046475931426,0.0,20,1,0.05,5.0,WS/25220/2025/00099,"CC road construction at Ram Nagar ward, KOTTAYAM",0.9296053926663658,92.96053926663657,0.0,1.5,23.240134816659143,24.740134816659143,Low,48.23053589484327,False,Text Similarity,Project description has 0.93 semantic similarity with project WS/25220/2025/00099.,7.101195036518748,0
983,WS/98185/2025/00547,West Bengal,MURSHIDABAD,ADITYA YADAV,Streetlight Installation,"Installation of streetlights at Andouli chowk, MURSHIDABAD",301832.97,2025-03-07,2025-08-06,New India Construction Co.,Completed,474252.15,17,state + work_category,-36.35601441132108,0.0,17,1,0.058823529411764705,5.88235294117647,WS/23538/2025/00553,"Installation of streetlights at Andouli chowk, KANPUR",0.9181516984370175,91.81516984370175,0.0,1.764705882352941,22.95379246092544,24.71849834327838,Low,73.20525783619817,False,Text Similarity,Project description has 0.92 semantic similarity with project WS/23538/2025/00553.,7.82321560113737,0
984,WS/85066/2025/00311,Uttar Pradesh,BADAUN,PRIYA VERMA,Solar Light Installation,"Solar street light at Gandhi Chowk chowk parisar, BADAUN",282903.8,2025-12-14,2026-11-13,Progressive Engineers & Contractors,Sanctioned,280651.87,22,state + work_category,0.8023926582067644,0.2674642194022548,22,1,0.045454545454545456,4.545454545454546,WS/27895/2023/00245,"Solar street light at Gandhi Chowk chowk parisar, BARAMULLAH",0.9273850664702394,92.73850664702394,0.12035889873101466,1.3636363636363638,23.184626661755985,24.668621924123364,Low,39.43377148634985,False,Text Similarity,Project description has 0.93 semantic similarity with project WS/27895/2023/00245.,5.559705350462855,0
985,WS/88924/2025/00805,Kerala,IDUKKI,ADV DEAN KURIAKOSE,Streetlight Installation,"Installation of streetlights at Bazaar Road chowk, IDUKKI",354961.85,2025-02-26,2025-07-11,Bharat Infra Solutions,Ongoing,366428.14,26,state + work_category,-3.129205633606643,0.0,26,1,0.038461538461538464,3.8461538461538463,WS/24326/2023/00503,"Installation of streetlights at Bazaar Road chowk, KOTTAYAM",0.9372145366065652,93.72145366065652,0.0,1.1538461538461537,23.43036341516413,24.584209569010284,Low,34.98483316481295,False,Text Similarity,Project description has 0.94 semantic similarity with project WS/24326/2023/00503.,5.998697080555788,0
986,WS/19027/2025/00453,Jammu And Kashmir,JAMMU,ADHIKARI SOUMENDU,Streetlight Installation,"LED streetlight installation along Station Road road, JAMMU",306449.11,2025-04-19,2026-02-12,Bharat Infra Solutions,Ongoing,361260.085,22,state + work_category,-15.17216467465539,0.0,22,1,0.045454545454545456,4.545454545454546,WS/56388/2024/00225,"LED streetlight installation along Station Road road, SRINAGAR",0.925764478338804,92.57644783388041,0.0,1.3636363636363638,23.144111958470102,24.507748322106465,Low,54.60060667340748,False,Text Similarity,Project description has 0.93 semantic similarity with project WS/56388/2024/00225.,5.087569350811083,0
987,WS/70637/2023/00020,Maharashtra,NANDURBAR(ST),ADITYA YADAV,Drainage / Nala,"Covered drain construction from Gandhi Chowk to Ram Nagar, NANDURBAR(ST)",782657.18,2023-08-22,2024-05-24,National Builders & Contractors,New Recommendation,873497.0349999999,22,state + work_category,-10.399560772407186,0.0,22,1,0.045454545454545456,4.545454545454546,WS/72277/2023/00042,"Covered drain construction from Bazaar Road to Ram Nagar, NANDURBAR(ST)",0.9102373465769324,91.02373465769324,0.0,1.3636363636363638,22.75593366442331,24.119570028059673,Low,61.98179979777553,False,Text Similarity,Project description has 0.91 semantic similarity with project WS/72277/2023/00042.,5.737905517205335,0
988,WS/50088/2023/00800,Bihar,GAYA,RAVI SHANKAR PRASAD JI,Drainage / Nala,"Covered drain construction from Ambedkar Colony to Nehru Path, GAYA",797566.92,2023-09-27,2024-04-05,Sri Lakshmi Contractors,Sanctioned,762825.9,15,state + work_category,4.554252811814599,1.5180842706048663,15,1,0.06666666666666667,6.666666666666667,WS/16932/2025/00607,"Covered drain construction from Nehru Path to Vivekanand Marg, AURANGABAD_BR",0.8373869472565292,83.73869472565292,0.6831379217721898,2.0,20.93467368141323,23.61781160318542,Low,89.0798786653185,False,Text Similarity,Project description has 0.84 semantic similarity with project WS/16932/2025/00607.,6.286202958943643,0
989,WS/65876/2023/00866,Uttar Pradesh,LUCKNOW,ADV ADOOR PRAKASH,Road Construction,Construction of concrete road from Andouli to Bazaar Road in LUCKNOW,1024902.88,2023-05-10,2023-11-26,Ganesh Engineering Works,Ongoing,1442685.75,22,state + work_category,-28.958688335280225,0.0,22,2,0.09090909090909091,9.090909090909092,WS/46428/2023/00598,Construction of concrete road from Gandhi Chowk to Andouli in AURANGABAD_BR,0.8120172653141984,81.20172653141984,0.0,2.7272727272727275,20.30043163285496,23.027704360127686,Low,96.25884732052579,True,Text Similarity,Project description has 0.81 semantic similarity with project WS/46428/2023/00598.,4.398717514748353,0
